{
"__comment":"Made by Know2Good, part of the 'Default 3D™' resource pack || Official download page: http://www.planetminecraft.com/texture_pack/default-3d-2985741/ || © Know2Good. All rights reserved. ",
"__comment":"No UV-bleed, OK coordinate, OK texture, OK cullface",
"textures": {
	"bookshelf": "blocks/bookshelf",
	"bookshelfinner": "custom/bookshelfinner",
	"planks": "blocks/planks_oak",
	"particle":"blocks/bookshelf"
},
"elements":[
	{
		"type":"cube", //North top book 3
        "from": [10,9,0.4],
        "to": [12,14,1],
		"rotation": {"origin": [ 8, 1, 8 ], "axis": "y", "angle": 0 },
		"faces": {
			"up":{"uv":		[4.01,2.01,5.99,2.99],"texture":"#bookshelf","cullface":north,"rotation":180},
			"north":{"uv":	[4.01,2.01,5.99,6.99],"texture":"#bookshelf","cullface":north},
			"east":{"uv":	[4.01,2.01,4.99,6.99],"texture":"#bookshelf","cullface":north}
		}
	},
	{
		"type":"cube", //North top book 4
        "from": [8,9,0.2],
        "to": [10,15,1],
		"rotation": {"origin": [ 8, 1, 8 ], "axis": "y", "angle": 0 },
		"faces": {
			"north":{"uv":	[6.01,1.01,7.99,6.99],"texture":"#bookshelf","cullface":north},
			"west":{"uv":	[6.01,1.01,6.99,6.99],"texture":"#bookshelf","cullface":north},
			"east":{"uv":	[7.01,1.01,7.99,6.99],"texture":"#bookshelf","cullface":north}
		}
	},
	{
		"type":"cube", //North top book 5.1
        "from": [6,11,0.4],
        "to": [8,13,1],
		"rotation": {"origin": [ 8, 1, 8 ], "axis": "y", "angle": 0 },
		"faces": {
			"up":{"uv":		[8.01,3.01,9.99,3.99],"texture":"#bookshelf","cullface":north,"rotation":180},
			"down":{"uv":	[8.01,4.01,9.99,4.99],"texture":"#bookshelf","cullface":north,"rotation":180},
			"north":{"uv":	[8.01,3.01,9.99,4.99],"texture":"#bookshelf","cullface":north},
			"west":{"uv":	[9.01,3.01,9.99,4.99],"texture":"#bookshelf","cullface":north}
		}
	},
	{
		"type":"cube", //North top book 5.2
        "from": [5,9,0.4],
        "to": [7,11,1],
		"rotation": {"origin": [ 8, 1, 8 ], "axis": "y", "angle": 0 },
		"faces": {
			"up":{"uv":		[9.01,5.01,10.99,5.99],"texture":"#bookshelf","cullface":north,"rotation":180},
			"north":{"uv":	[9.01,5.01,10.99,6.99],"texture":"#bookshelf","cullface":north},
			"west":{"uv":	[10.01,5.01,10.99,6.99],"texture":"#bookshelf","cullface":north},
			"east":{"uv":	[9.01,5.01,9.99,6.99],"texture":"#bookshelf","cullface":north}
		}
	},
	{
		"type":"cube", //North top book 7
        "from": [1,9,0.6],
        "to": [3,13,1],
		"rotation": {"origin": [ 8, 1, 8 ], "axis": "y", "angle": 0 },
		"faces": {
			"up":{"uv":		[13.01,3.01,14.99,3.99],"texture":"#bookshelf","cullface":north,"rotation":180},
			"north":{"uv":	[13.01,3.01,14.99,6.99],"texture":"#bookshelf","cullface":north},
			"west":{"uv":	[14.01,3.01,14.99,6.99],"texture":"#bookshelf","cullface":north},
			"east":{"uv":	[13.01,3.01,13.99,6.99],"texture":"#bookshelf","cullface":north}
		}
	},
	{
		"type":"cube", //North bottom book 1
        "from": [12,1,0.6],
        "to": [15,5,1],
		"rotation": {"origin": [ 8, 1, 8 ], "axis": "y", "angle": 0 },
		"faces": {
			"up":{"uv":		[1.01,11.01,3.99,11.99],"texture":"#bookshelf","cullface":north,"rotation":180},
			"north":{"uv":	[1.01,11.01,3.99,14.99],"texture":"#bookshelf","cullface":north},
			"west":{"uv":	[3.01,11.01,3.99,14.99],"texture":"#bookshelf","cullface":north}
		}
	},
	{
		"type":"cube", //North bottom book 3
        "from": [9,1,0.4],
        "to": [10,4,1],
		"rotation": {"origin": [ 8, 1, 8 ], "axis": "y", "angle": 0 },
		"faces": {
			"up":{"uv":		[6.01,12.01,6.99,12.99],"texture":"#bookshelf","cullface":north,"rotation":180},
			"north":{"uv":	[6.01,12.01,6.99,14.99],"texture":"#bookshelf","cullface":north},
			"west":{"uv":	[6.01,12.01,6.99,14.99],"texture":"#bookshelf","cullface":north},
			"east":{"uv":	[6.01,12.01,6.99,14.99],"texture":"#bookshelf","cullface":north}
		}
	},
	{
		"type":"cube", //North bottom book 5
        "from": [5,1,0.2],
        "to": [7,6,1],
		"rotation": {"origin": [ 8, 1, 8 ], "axis": "y", "angle": 0 },
		"faces": {
			"up":{"uv":		[9.01,10.01,10.99,10.99],"texture":"#bookshelf","cullface":north,"rotation":180},
			"north":{"uv":	[9.01,10.01,10.99,14.99],"texture":"#bookshelf","cullface":north},
			"west":{"uv":	[10.01,10.01,10.99,14.99],"texture":"#bookshelf","cullface":north},
			"east":{"uv":	[9.01,10.01,9.99,14.99],"texture":"#bookshelf","cullface":north}
		}
	},
	{
		"type":"cube", //North bottom book 6
        "from": [4,1,0.6],
        "to": [5,5,1],
		"rotation": {"origin": [ 8, 1, 8 ], "axis": "y", "angle": 0 },
		"faces": {
			"up":{"uv":		[11.01,11.01,11.99,14.99],"texture":"#bookshelf","cullface":north,"rotation":180},
			"north":{"uv":	[11.01,11.01,11.99,14.99],"texture":"#bookshelf","cullface":north}
		}
	},
	{
		"type":"cube", //North bottom book 7
        "from": [2,1,0.2],
        "to": [4,7,1],
		"rotation": {"origin": [ 8, 1, 8 ], "axis": "y", "angle": 0 },
		"faces": {
			"north":{"uv":	[12.01,9.01,13.99,14.99],"texture":"#bookshelf","cullface":north},
			"west":{"uv":	[13.01,9.01,13.99,14.99],"texture":"#bookshelf","cullface":north},
			"east":{"uv":	[12.01,9.01,12.99,14.99],"texture":"#bookshelf","cullface":north}
		}
	},
	{
		"type":"cube", //North bottom book 8
        "from": [1,1,0.4],
        "to": [2,5,1],
		"rotation": {"origin": [ 8, 1, 8 ], "axis": "y", "angle": 0 },
		"faces": {
			"up":{"uv":		[14.01,11.01,14.99,14.99],"texture":"#bookshelf","cullface":north,"rotation":180},
			"north":{"uv":	[14.01,11.01,14.99,14.99],"texture":"#bookshelf","cullface":north}
		}
	},
	{
		"type":"cube", //East top book 3
		"from":[15,9,10],
		"to":[15.6,14,12],
		"rotation": {"origin": [ 8, 1, 8 ], "axis": "y", "angle": 0 },
		"faces": {
			"up":{"uv":		[4.01,2.01,5.99,2.99],"texture":"#bookshelf","cullface":"east","rotation":270},
			"south":{"uv":	[4.01,2.01,4.99,6.99],"texture":"#bookshelf","cullface":"east"},
			"east":{"uv":	[4.01,2.01,5.99,6.99],"texture":"#bookshelf","cullface":"east"}
		}
	},
	{
		"type":"cube", //East top book 4
		"from":[15,9,8],
		"to":[15.8,15,10],
		"rotation": {"origin": [ 8, 1, 8 ], "axis": "y", "angle": 0 },
		"faces": {
			"up":{"uv":		[6.01,1.01,7.99,1.99],"texture":"#bookshelf","cullface":"east","rotation":270},
			"north":{"uv":	[7.01,1.01,7.99,6.99],"texture":"#bookshelf","cullface":"east"},
			"south":{"uv":	[6.01,1.01,6.99,6.99],"texture":"#bookshelf","cullface":"east"},
			"east":{"uv":	[6.01,1.01,7.99,6.99],"texture":"#bookshelf","cullface":"east"}
		}
	},
	{
		"type":"cube", //East top book 5.1
		"from":[15,11,6],
		"to":[15.6,13,8],
		"rotation": {"origin": [ 8, 1, 8 ], "axis": "y", "angle": 0 },
		"faces": {
			"up":{"uv":		[8.01,3.01,9.99,4.99],"texture":"#bookshelf","cullface":"east","rotation":270},
			"down":{"uv":	[8.01,3.01,9.99,4.99],"texture":"#bookshelf","cullface":"east","rotation":90},
			"north":{"uv":	[9.01,3.01,9.99,4.99],"texture":"#bookshelf","cullface":"east"},
			"east":{"uv":	[8.01,3.01,9.99,4.99],"texture":"#bookshelf","cullface":"east"}
		}
	},
	{
		"type":"cube", //East top book 5.2
		"from":[15,9,5],
		"to":[15.6,11,7],
		"rotation": {"origin": [ 8, 1, 8 ], "axis": "y", "angle": 0 },
		"faces": {
			"up":{"uv":		[9.01,5.01,10.99,5.99],"texture":"#bookshelf","cullface":"east","rotation":270},
			"north":{"uv":	[10.01,5.01,10.99,6.99],"texture":"#bookshelf","cullface":"east"},
			"south":{"uv":	[9.01,5.01,9.99,6.99],"texture":"#bookshelf","cullface":"east"},
			"east":{"uv":	[9.01,5.01,10.99,6.99],"texture":"#bookshelf","cullface":"east"}
		}
	},
	{
		"type":"cube", //East top book 7
		"from":[15,9,1],
		"to":[15.4,13,3],
		"rotation": {"origin": [ 8, 1, 8 ], "axis": "y", "angle": 0 },
		"faces": {
			"up":{"uv":		[13.01,3.01,14.99,3.99],"texture":"#bookshelf","cullface":"east","rotation":270},
			"east":{"uv":	[13.01,3.01,14.99,6.99],"texture":"#bookshelf","cullface":"east"}
		}
	},
	{
		"type":"cube", //East bottom book 1
		"from":[15,1,12],
		"to":[15.4,5,15],
		"rotation": {"origin": [ 8, 1, 8 ], "axis": "y", "angle": 0 },
		"faces": {
			"up":{"uv":		[1.01,11.01,3.99,11.99],"texture":"#bookshelf","cullface":"east","rotation":270},
			"north":{"uv":	[3.01,11.01,3.99,14.99],"texture":"#bookshelf","cullface":"east"},
			"east":{"uv":	[1.01,11.01,3.99,14.99],"texture":"#bookshelf","cullface":"east"}
		}
	},
	{
		"type":"cube", //East bottom book 3
		"from":[15,1,9],
		"to":[15.6,4,10],
		"rotation": {"origin": [ 8, 1, 8 ], "axis": "y", "angle": 0 },
		"faces": {
			"up":{"uv":		[6.01,12.01,6.99,12.99],"texture":"#bookshelf","cullface":"east","rotation":270},
			"north":{"uv":	[6.01,12.01,6.99,14.99],"texture":"#bookshelf","cullface":"east"},
			"south":{"uv":	[6.01,12.01,6.99,14.99],"texture":"#bookshelf","cullface":"east"},
			"east":{"uv":	[6.01,12.01,6.99,14.99],"texture":"#bookshelf","cullface":"east"}
		}
	},
	{
		"type":"cube", //East bottom book 5
		"from":[15,1,5],
		"to":[15.8,6,7],
		"rotation": {"origin": [ 8, 1, 8 ], "axis": "y", "angle": 0 },
		"faces": {
			"up":{"uv":		[9.01,10.01,10.99,10.99],"texture":"#bookshelf","cullface":"east","rotation":270},
			"north":{"uv":	[10.01,10.01,10.99,14.99],"texture":"#bookshelf","cullface":"east"},
			"south":{"uv":	[9.01,10.01,9.99,14.99],"texture":"#bookshelf","cullface":"east"},
			"east":{"uv":	[9.01,10.01,10.99,14.99],"texture":"#bookshelf","cullface":"east"}
		}
	},
	{
		"type":"cube", //East bottom book 6
		"from":[15,1,4],
		"to":[15.4,5,5],
		"rotation": {"origin": [ 8, 1, 8 ], "axis": "y", "angle": 0 },
		"faces": {
			"up":{"uv":		[11.01,11.01,11.99,11.99],"texture":"#bookshelf","cullface":"east","rotation":270},
			"east":{"uv":	[11.01,11.01,11.99,14.99],"texture":"#bookshelf","cullface":"east"}
		}
	},
	{
		"type":"cube", //East bottom book 7
		"from":[15,1,2],
		"to":[15.8,7,4],
		"rotation": {"origin": [ 8, 1, 8 ], "axis": "y", "angle": 0 },
		"faces": {
			"up":{"uv":		[12.01,9.01,13.99,9.99],"texture":"#bookshelf","cullface":"east","rotation":270},
			"north":{"uv":	[13.01,9.01,13.99,14.99],"texture":"#bookshelf","cullface":"east"},
			"south":{"uv":	[12.01,9.01,12.99,14.99],"texture":"#bookshelf","cullface":"east"},
			"east":{"uv":	[12.01,9.01,13.99,14.99],"texture":"#bookshelf","cullface":"east"}
		}
	},
	{
		"type":"cube", //North bottom book 8
        "from": [15,1,1],
        "to": [15.6,5,2],
		"rotation": {"origin": [ 8, 1, 8 ], "axis": "y", "angle": 0 },
		"faces": {
			"up":{"uv":		[14.01,11.01,14.99,14.99],"texture":"#bookshelf","cullface":north,"rotation":270},
			"east":{"uv":	[14.01,11.01,14.99,14.99],"texture":"#bookshelf","cullface":north}
		}
	},
	{
		"type":"cube", //South top book 3
		"from":[4,9,15],
		"to":[6,14,15.6],
		"rotation": {"origin": [ 8, 1, 8 ], "axis": "y", "angle": 0 },
		"faces": {
			"up":{"uv":		[4.01,2.01,5.99,2.99],"texture":"#bookshelf","cullface":"south"},
			"south":{"uv":	[4.01,2.01,5.99,6.99],"texture":"#bookshelf","cullface":"south"},
			"west":{"uv":	[4.01,2.01,4.99,6.99],"texture":"#bookshelf","cullface":"south"}
		}
	},
	{
		"type":"cube", //South top book 4
		"from":[6,9,15],
		"to":[8,15,15.8],
		"rotation": {"origin": [ 8, 1, 8 ], "axis": "y", "angle": 0 },
		"faces": {
			"up":{"uv":		[6.01,1.01,7.99,1.99],"texture":"#bookshelf","cullface":"south"},
			"south":{"uv":	[6.01,1.01,7.99,6.99],"texture":"#bookshelf","cullface":"south"},
			"east":{"uv":	[7.01,1.01,7.99,6.99],"texture":"#bookshelf","cullface":"south"},
			"west":{"uv":	[6.01,1.01,6.99,6.99],"texture":"#bookshelf","cullface":"south"}
		}
	},
	{
		"type":"cube", //South top book 5.1
		"from":[8,11,15],
		"to":[10,13,15.6],
		"rotation": {"origin": [ 8, 1, 8 ], "axis": "y", "angle": 0 },
		"faces": {
			"up":{"uv":		[8.01,3.01,9.99,4.99],"texture":"#bookshelf","cullface":"south"},
			"down":{"uv":	[8.01,3.01,9.99,4.99],"texture":"#bookshelf","cullface":"east","rotation":180},
			"south":{"uv":	[8.01,3.01,9.99,4.99],"texture":"#bookshelf","cullface":"south"},
			"east":{"uv":	[9.01,3.01,9.99,4.99],"texture":"#bookshelf","cullface":"south"}
		}
	},
	{
		"type":"cube", //South top book 5.2
		"from":[9,9,15],
		"to":[11,11,15.6],
		"rotation": {"origin": [ 8, 1, 8 ], "axis": "y", "angle": 0 },
		"faces": {
			"up":{"uv":		[9.01,5.01,10.99,5.99],"texture":"#bookshelf","cullface":"south"},
			"south":{"uv":	[9.01,5.01,10.99,6.99],"texture":"#bookshelf","cullface":"south"},
			"west":{"uv":	[9.01,5.01,9.99,6.99],"texture":"#bookshelf","cullface":"south"},
			"east":{"uv":	[10.01,5.01,10.99,6.99],"texture":"#bookshelf","cullface":"south"}
		}
	},
	{
		"type":"cube", //South top book 7
		"from":[13,9,15],
		"to":[15,13,15.4],
		"rotation": {"origin": [ 8, 1, 8 ], "axis": "y", "angle": 0 },
		"faces": {
			"up":{"uv":		[13.01,3.01,14.99,3.99],"texture":"#bookshelf","cullface":"south"},
			"south":{"uv":	[13.01,3.01,14.99,6.99],"texture":"#bookshelf","cullface":"south"},
			"west":{"uv":	[13.01,3.01,13.99,6.99],"texture":"#bookshelf","cullface":"south"}
		}
	},
	{
		"type":"cube", //South bottom book 1
		"from":[1,1,15],
		"to":[4,5,15.4],
		"rotation": {"origin": [ 8, 1, 8 ], "axis": "y", "angle": 0 },
		"faces": {
			"up":{"uv":		[1.01,11.01,3.99,11.99],"texture":"#bookshelf","cullface":"south"},
			"south":{"uv":	[1.01,11.01,3.99,14.99],"texture":"#bookshelf","cullface":"south"},
			"east":{"uv":	[3.01,11.01,3.99,14.99],"texture":"#bookshelf","cullface":"south"}
		}
	},
	{
		"type":"cube", //South bottom book 3
		"from":[6,1,15],
		"to":[7,4,15.6],
		"rotation": {"origin": [ 8, 1, 8 ], "axis": "y", "angle": 0 },
		"faces": {
			"up":{"uv":		[6.01,12.01,6.99,12.99],"texture":"#bookshelf","cullface":"south"},
			"south":{"uv":	[6.01,12.01,6.99,14.99],"texture":"#bookshelf","cullface":"south"},
			"west":{"uv":	[6.01,12.01,6.99,14.99],"texture":"#bookshelf","cullface":"south"},
			"east":{"uv":	[6.01,12.01,6.99,14.99],"texture":"#bookshelf","cullface":"south"}
		}
	},
	{
		"type":"cube", //South bottom book 5
		"from":[9,1,15],
		"to":[11,6,15.8],
		"rotation": {"origin": [ 8, 1, 8 ], "axis": "y", "angle": 0 },
		"faces": {
			"up":{"uv":		[9.01,10.01,10.99,10.99],"texture":"#bookshelf","cullface":"south"},
			"south":{"uv":	[9.01,10.01,10.99,14.99],"texture":"#bookshelf","cullface":"south"},
			"west":{"uv":	[9.01,10.01,9.99,14.99],"texture":"#bookshelf","cullface":"south"},
			"east":{"uv":	[10.01,10.01,10.99,14.99],"texture":"#bookshelf","cullface":"south"}
		}
	},
	{
		"type":"cube", //South bottom book 6
		"from":[11,1,15],
		"to":[12,5,15.4],
		"rotation": {"origin": [ 8, 1, 8 ], "axis": "y", "angle": 0 },
		"faces": {
			"up":{"uv":		[11.01,11.01,11.99,11.99],"texture":"#bookshelf","cullface":"south"},
			"south":{"uv":	[11.01,11.01,11.99,14.99],"texture":"#bookshelf","cullface":"south"}
		}
	},
	{
		"type":"cube", //South bottom book 7
		"from":[12,1,15],
		"to":[14,7,15.8],
		"rotation": {"origin": [ 8, 1, 8 ], "axis": "y", "angle": 0 },
		"faces": {
			"up":{"uv":		[12.01,9.01,13.99,9.99],"texture":"#bookshelf","cullface":"south"},
			"south":{"uv":	[12.01,9.01,13.99,14.99],"texture":"#bookshelf","cullface":"south"},
			"west":{"uv":	[12.01,9.01,12.99,14.99],"texture":"#bookshelf","cullface":"south"},
			"east":{"uv":	[13.01,9.01,13.99,14.99],"texture":"#bookshelf","cullface":"south"}
		}
	},	
	{
		"type":"cube", //South bottom book 8
		"from":[14,1,15],
		"to":[15,5,15.6],
		"rotation": {"origin": [ 8, 1, 8 ], "axis": "y", "angle": 0 },
		"faces": {
			"up":{"uv":		[14.01,11.01,14.99,11.99],"texture":"#bookshelf","cullface":"south"},
			"south":{"uv":	[14.01,11.01,14.99,14.99],"texture":"#bookshelf","cullface":"south"}
		}
	},
	{
		"type":"cube", //West top book 3
        "from": [0.4,9,4],
        "to": [1,14,6],
		"rotation": {"origin": [ 8, 1, 8 ], "axis": "y", "angle": 0 },
		"faces": {
			"up":{"uv":		[4.01,2.01,5.99,2.99],"texture":"#bookshelf","cullface":west,"rotation":90},
			"north":{"uv":	[4.01,2.01,4.99,6.99],"texture":"#bookshelf","cullface":west},
			"west":{"uv":	[4.01,2.01,5.99,6.99],"texture":"#bookshelf","cullface":west}
		}
	},
	{
		"type":"cube", //West top book 4
        "from": [0.2,9,6],
        "to": [1,15,8],
		"rotation": {"origin": [ 8, 1, 8 ], "axis": "y", "angle": 0 },
		"faces": {
			"north":{"uv":	[7.01,1.01,7.99,6.99],"texture":"#bookshelf","cullface":west},
			"south":{"uv":	[6.01,1.01,6.99,6.99],"texture":"#bookshelf","cullface":west},
			"west":{"uv":	[6.01,1.01,7.99,6.99],"texture":"#bookshelf","cullface":west}
		}
	},
	{
		"type":"cube", //West top book 5.1
        "from": [0.4,11,8],
        "to": [1,13,10],
		"rotation": {"origin": [ 8, 1, 8 ], "axis": "y", "angle": 0 },
		"faces": {
			"up":{"uv":		[8.01,3.01,9.99,3.99],"texture":"#bookshelf","cullface":west,"rotation":90},
			"down":{"uv":	[8.01,4.01,9.99,4.99],"texture":"#bookshelf","cullface":west,"rotation":270},
			"south":{"uv":	[9.01,3.01,9.99,4.99],"texture":"#bookshelf","cullface":west},
			"west":{"uv":	[8.01,3.01,9.99,4.99],"texture":"#bookshelf","cullface":west}
		}
	},
	{
		"type":"cube", //West top book 5.2
        "from": [0.4,9,9],
        "to": [1,11,11],
		"rotation": {"origin": [ 8, 1, 8 ], "axis": "y", "angle": 0 },
		"faces": {
			"up":{"uv":		[9.01,5.01,10.99,5.99],"texture":"#bookshelf","cullface":west,"rotation":90},
			"north":{"uv":	[9.01,5.01,9.99,6.99],"texture":"#bookshelf","cullface":west},
			"south":{"uv":	[10.01,5.01,10.99,6.99],"texture":"#bookshelf","cullface":west},
			"west":{"uv":	[9.01,5.01,10.99,6.99],"texture":"#bookshelf","cullface":west}
		}
	},
	{
		"type":"cube", //West top book 7
        "from": [0.6,9,13],
        "to": [1,13,15],
		"rotation": {"origin": [ 8, 1, 8 ], "axis": "y", "angle": 0 },
		"faces": {
			"up":{"uv":		[13.01,3.01,14.99,3.99],"texture":"#bookshelf","cullface":west,"rotation":90},
			"north":{"uv":	[13.01,3.01,13.99,6.99],"texture":"#bookshelf","cullface":west},
			"west":{"uv":	[13.01,3.01,14.99,6.99],"texture":"#bookshelf","cullface":west},
			"south":{"uv":	[14.01,3.01,14.99,6.99],"texture":"#bookshelf","cullface":west}
		}
	},
	{
		"type":"cube", //West bottom book 1
        "from": [0.6,1,1],
        "to": [1,5,4],
		"rotation": {"origin": [ 8, 1, 8 ], "axis": "y", "angle": 0 },
		"faces": {
			"up":{"uv":		[1.01,11.01,3.99,11.99],"texture":"#bookshelf","cullface":west,"rotation":90},
			"south":{"uv":	[3.01,11.01,3.99,14.99],"texture":"#bookshelf","cullface":west},
			"west":{"uv":	[1.01,11.01,3.99,14.99],"texture":"#bookshelf","cullface":west}
		}
	},
	{
		"type":"cube", //West bottom book 3
        "from": [0.4,1,6],
        "to": [1,4,7],
		"rotation": {"origin": [ 8, 1, 8 ], "axis": "y", "angle": 0 },
		"faces": {
			"up":{"uv":		[6.01,12.01,6.99,12.99],"texture":"#bookshelf","cullface":west,"rotation":90},
			"north":{"uv":	[6.01,12.01,6.99,14.99],"texture":"#bookshelf","cullface":west},
			"south":{"uv":	[6.01,12.01,6.99,14.99],"texture":"#bookshelf","cullface":west},
			"west":{"uv":	[6.01,12.01,6.99,14.99],"texture":"#bookshelf","cullface":west}
		}
	},
	{
		"type":"cube", //West bottom book 5
        "from": [0.2,1,9],
        "to": [1,6,11],
		"rotation": {"origin": [ 8, 1, 8 ], "axis": "y", "angle": 0 },
		"faces": {
			"up":{"uv":		[9.01,10.01,10.99,10.99],"texture":"#bookshelf","cullface":west,"rotation":90},
			"north":{"uv":	[9.01,10.01,9.99,14.99],"texture":"#bookshelf","cullface":west},
			"south":{"uv":	[10.01,10.01,10.99,14.99],"texture":"#bookshelf","cullface":west},
			"west":{"uv":	[9.01,10.01,10.99,14.99],"texture":"#bookshelf","cullface":west}
		}
	},
	{
		"type":"cube", //West bottom book 6
        "from": [0.6,1,11],
        "to": [1,5,12],
		"rotation": {"origin": [ 8, 1, 8 ], "axis": "y", "angle": 0 },
		"faces": {
			"up":{"uv":		[11.01,11.01,11.99,14.99],"texture":"#bookshelf","cullface":west,"rotation":90},
			"west":{"uv":	[11.01,11.01,11.99,14.99],"texture":"#bookshelf","cullface":west}
		}
	},
	{
		"type":"cube", //West bottom book 7
        "from": [0.2,1,12],
        "to": [1,7,14],
		"rotation": {"origin": [ 8, 1, 8 ], "axis": "y", "angle": 0 },
		"faces": {
			"north":{"uv":	[12.01,9.01,12.99,14.99],"texture":"#bookshelf","cullface":west},
			"south":{"uv":	[13.01,9.01,13.99,14.99],"texture":"#bookshelf","cullface":west},
			"west":{"uv":	[12.01,9.01,13.99,14.99],"texture":"#bookshelf","cullface":west}
		}
	},
	{
		"type":"cube", //West bottom book 8
        "from": [0.4,1,14],
        "to": [1,5,15],
		"rotation": {"origin": [ 8, 1, 8 ], "axis": "y", "angle": 0 },
		"faces": {
			"up":{"uv":		[14.01,11.01,14.99,14.99],"texture":"#bookshelf","cullface":west,"rotation":90},
			"west":{"uv":	[14.01,11.01,14.99,14.99],"texture":"#bookshelf","cullface":west}
		}
	},	
	{
		"type":"cube", //Top plank 1
		"from":[0.002,16,0.002],
		"to":[15.005,16.3,3.005],
		"rotation": {"origin": [ 8, 1, 8 ], "axis": "y", "angle": 0 },
		"faces": {
			"up":{"uv":		[0.01,0.01,14.99,2.99],"texture":"#planks","cullface":"up"},
			"north":{"uv":	[0.01,0.01,14.99,0.99],"texture":"#planks","cullface":"up","rotation":180},
			"south":{"uv":	[0.01,2.01,14.99,2.99],"texture":"#planks","cullface":"up"},
			"west":{"uv":	[0.01,0.01,0.99,2.99],"texture":"#planks","cullface":"up","rotation":90},
			"east":{"uv":	[14.01,0.01,14.99,2.99],"texture":"#planks","cullface":"up","rotation":90}
		}
	},
	{
		"type":"cube", //Top plank 2.1
		"from":[0.002,16,3.995],
		"to":[7.005,16.20,7.005],
		"rotation": {"origin": [ 8, 1, 8 ], "axis": "y", "angle": 0 },
		"faces": {
			"up":{"uv":		[0.01,4.01,6.99,6.99],"texture":"#planks","cullface":"up"},
			"north":{"uv":	[0.01,4.01,6.99,4.99],"texture":"#planks","cullface":"up","rotation":180},
			"south":{"uv":	[0.01,6.01,6.99,6.99],"texture":"#planks","cullface":"up"},
			"west":{"uv":	[0.01,4.01,0.99,6.99],"texture":"#planks","cullface":"up","rotation":90},
			"east":{"uv":	[6.01,4.01,6.99,6.99],"texture":"#planks","cullface":"up","rotation":90}
		}
	},
	{
		"type":"cube", //Top plank 2.2
		"from":[8.002,16,3.995],
		"to":[15.998,16.20,7.005],
		"rotation": {"origin": [ 8, 1, 8 ], "axis": "y", "angle": 0 },
		"faces": {
			"up":{"uv":		[8.01,4.01,15.99,6.99],"texture":"#planks","cullface":"up"},
			"north":{"uv":	[8.01,4.01,15.99,4.99],"texture":"#planks","cullface":"up","rotation":180},
			"south":{"uv":	[8.01,6.01,15.99,6.99],"texture":"#planks","cullface":"up"},
			"west":{"uv":	[8.01,4.01,8.99,6.99],"texture":"#planks","cullface":"up","rotation":270},
			"east":{"uv":	[15.01,4.01,15.99,6.99],"texture":"#planks","cullface":"up","rotation":90}
		}
	},
	{
		"type":"cube", //Top plank 3
		"from":[0.002,16,8.002],
		"to":[15.005,16.27,11.005],
		"rotation": {"origin": [ 8, 1, 8 ], "axis": "y", "angle": 0 },
		"faces": {
			"up":{"uv":		[0.01,8.01,14.99,10.99],"texture":"#planks","cullface":"up"},
			"north":{"uv":	[0.01,8.01,14.99,8.99],"texture":"#planks","cullface":"up","rotation":180},
			"south":{"uv":	[0.01,10.01,14.99,10.99],"texture":"#planks","cullface":"up"},
			"west":{"uv":	[0.01,8.01,0.99,10.99],"texture":"#planks","cullface":"up","rotation":90},
			"east":{"uv":	[14.01,8.01,14.99,10.99],"texture":"#planks","cullface":"up","rotation":90}
		}
	},
	{
		"type":"cube", //Top plank 4.1
		"from":[0.002,16,11.995],
		"to":[7.005,16.23,15.009],
		"rotation": {"origin": [ 8, 1, 8 ], "axis": "y", "angle": 0 },
		"faces": {
			"up":{"uv":		[0.01,12.01,6.99,14.99],"texture":"#planks","cullface":"up"},
			"north":{"uv":	[0.01,12.01,6.99,12.99],"texture":"#planks","cullface":"up","rotation":180},
			"south":{"uv":	[0.01,14.01,6.99,14.99],"texture":"#planks","cullface":"up"},
			"west":{"uv":	[0.01,12.01,0.99,14.99],"texture":"#planks","cullface":"up","rotation":90},
			"east":{"uv":	[6.01,12.01,6.99,14.99],"texture":"#planks","cullface":"up","rotation":90}
		}
	},
	{
		"type":"cube", //Top plank 4.2
		"from":[8.002,16,11.995],
		"to":[15.998,16.23,15.009],
		"rotation": {"origin": [ 8, 1, 8 ], "axis": "y", "angle": 0 },
		"faces": {
			"up":{"uv":		[8.01,12.01,15.99,14.99],"texture":"#planks","cullface":"up"},
			"north":{"uv":	[8.01,12.01,15.99,12.99],"texture":"#planks","cullface":"up","rotation":180},
			"south":{"uv":	[8.01,14.01,15.99,14.99],"texture":"#planks","cullface":"up"},
			"west":{"uv":	[8.01,12.01,8.99,14.99],"texture":"#planks","cullface":"up","rotation":270},
			"east":{"uv":	[15.01,12.01,15.99,14.99],"texture":"#planks","cullface":"up","rotation":90}
		}
	},
	{
		"type":"cube", //Bottom plank 1.1
		"from":[0.002,-0.23,0.995],
		"to":[7.005,0,4.005],
		"rotation": {"origin": [ 8, 1, 8 ], "axis": "y", "angle": 0 },
		"faces": {
			"down":{"uv":	[0.01,12.01,6.99,14.99],"texture":"#planks","cullface":"down"},
			"north":{"uv":	[0.01,14.01,6.99,14.99],"texture":"#planks","cullface":"down","rotation":180},
			"south":{"uv":	[0.01,12.01,6.99,12.99],"texture":"#planks","cullface":"down"},
			"west":{"uv":	[0.01,12.01,0.99,14.99],"texture":"#planks","cullface":"down","rotation":90},
			"east":{"uv":	[6.01,12.01,6.99,14.99],"texture":"#planks","cullface":"down","rotation":90}
		}
	},
	{
		"type":"cube", //Bottom plank 1.2
		"from":[8.002,-0.23,0.995],
		"to":[15.998,0,4.005],
		"rotation": {"origin": [ 8, 1, 8 ], "axis": "y", "angle": 0 },
		"faces": {
			"down":{"uv":	[8.01,12.01,15.99,14.99],"texture":"#planks","cullface":"down"},
			"north":{"uv":	[8.01,14.01,15.99,14.99],"texture":"#planks","cullface":"down","rotation":180},
			"south":{"uv":	[8.01,12.01,15.99,12.99],"texture":"#planks","cullface":"down"},
			"west":{"uv":	[8.01,12.01,8.99,14.99],"texture":"#planks","cullface":"down","rotation":90},
			"east":{"uv":	[15.01,12.01,15.99,14.99],"texture":"#planks","cullface":"down","rotation":90}
		}
	},
	{
		"type":"cube", //Bottom plank 2
		"from":[0.002,-0.27,4.995],
		"to":[15.005,0,7.998],
		"rotation": {"origin": [ 8, 1, 8 ], "axis": "y", "angle": 0 },
		"faces": {
			"down":{"uv":	[0.01,8.01,14.99,10.99],"texture":"#planks","cullface":"down"},
			"north":{"uv":	[0.01,10.01,14.99,10.99],"texture":"#planks","cullface":"down","rotation":180},
			"south":{"uv":	[0.01,8.01,14.99,8.99],"texture":"#planks","cullface":"down"},
			"west":{"uv":	[0.01,8.01,0.99,10.99],"texture":"#planks","cullface":"down","rotation":90},
			"east":{"uv":	[14.01,8.01,14.99,10.99],"texture":"#planks","cullface":"down","rotation":90}
		}
	},
	{
		"type":"cube", //Bottom plank 3.1
		"from":[0.002,-0.20,8.995],
		"to":[7.005,0,12.005],
		"rotation": {"origin": [ 8, 1, 8 ], "axis": "y", "angle": 0 },
		"faces": {
			"down":{"uv":	[0.01,4.01,6.99,6.99],"texture":"#planks","cullface":"down"},
			"north":{"uv":	[0.01,6.01,6.99,6.99],"texture":"#planks","cullface":"down","rotation":180},
			"south":{"uv":	[0.01,4.01,6.99,4.99],"texture":"#planks","cullface":"down"},
			"west":{"uv":	[0.01,4.01,0.99,6.99],"texture":"#planks","cullface":"down","rotation":90},
			"east":{"uv":	[6.01,4.01,6.99,6.99],"texture":"#planks","cullface":"down","rotation":90}
		}
	},
	{
		"type":"cube", //Bottom plank 3.2
		"from":[8.002,-0.20,8.995],
		"to":[15.998,0,12.005],
		"rotation": {"origin": [ 8, 1, 8 ], "axis": "y", "angle": 0 },
		"faces": {
			"down":{"uv":	[8.01,4.01,15.99,6.99],"texture":"#planks","cullface":"down"},
			"north":{"uv":	[8.01,6.01,15.99,6.99],"texture":"#planks","cullface":"down","rotation":180},
			"south":{"uv":	[8.01,4.01,15.99,4.99],"texture":"#planks","cullface":"down"},
			"west":{"uv":	[8.01,4.01,8.99,6.99],"texture":"#planks","cullface":"down","rotation":90},
			"east":{"uv":	[15.01,4.01,15.99,6.99],"texture":"#planks","cullface":"down","rotation":90}
		}
	},
	{
		"type":"cube", //Bottom plank 4
		"from":[0.002,-0.3,12.995],
		"to":[15.005,0,15.998],
		"rotation": {"origin": [ 8, 1, 8 ], "axis": "y", "angle": 0 },
		"faces": {
			"down":{"uv":	[0.01,0.01,14.99,2.99],"texture":"#planks","cullface":"down"},
			"north":{"uv":	[0.01,2.01,14.99,2.99],"texture":"#planks","cullface":"down","rotation":180},
			"south":{"uv":	[0.01,0.01,14.99,0.99],"texture":"#planks","cullface":"down"},
			"west":{"uv":	[0.01,0.01,0.99,2.99],"texture":"#planks","cullface":"down","rotation":90},
			"east":{"uv":	[14.01,0.01,14.99,2.99],"texture":"#planks","cullface":"down","rotation":90}
		}
	},
	{
		"type":"cube", //Top
        "from": [1,15,1],
        "to": [15,16,15],
		"rotation": {"origin": [ 8, 1, 8 ], "axis": "y", "angle": 0 },
		"faces": {
			"up":{"uv":		[1,1,15,15],"texture":"#planks","cullface":up},
			"down":{"uv":	[1,1,15,15],"texture":"#planks","cullface":Know2Good},
			"north":{"uv":	[1.01,1.01,14.99,1.99],"texture":"#planks","cullface":north},
			"south":{"uv":	[1.01,1.01,14.99,1.99],"texture":"#planks","cullface":south},
			"west":{"uv":	[1.01,1.01,14.99,1.99],"texture":"#planks","cullface":west},
			"east":{"uv":	[1.01,1.01,14.99,1.99],"texture":"#planks","cullface":east}
		}
	},
	{
		"type":"cube", //Middle north
        "from": [1,6.995,0],
        "to": [15,9.005,1],
		"rotation": {"origin": [ 8, 1, 8 ], "axis": "y", "angle": 0 },
		"faces": {
			"up":{"uv":		[1.01,7.01,14.99,7.99],"texture":"#bookshelf","cullface":north,"rotation":180},
			"down":{"uv":	[1.01,8.01,14.99,8.99],"texture":"#bookshelf","cullface":north,"rotation":180},
			"north":{"uv":	[1.01,7.01,14.99,8.99],"texture":"#bookshelf","cullface":north}
		}
	},
	{
		"type":"cube", //Middle east
        "from": [15,6.995,1],
        "to": [16,9.005,15],
		"rotation": {"origin": [ 8, 1, 8 ], "axis": "y", "angle": 0 },
		"faces": {
			"up":{"uv":		[1.01,7.01,14.99,7.99],"texture":"#bookshelf","cullface":east,"rotation":270},
			"down":{"uv":	[1.01,8.01,14.99,8.99],"texture":"#bookshelf","cullface":east,"rotation":90},
			"east":{"uv":	[1.01,7.01,14.99,8.99],"texture":"#bookshelf","cullface":east}
		}
	},
	{
		"type":"cube", //Middle south
        "from": [1,6.995,15],
        "to": [15,9.005,16],
		"rotation": {"origin": [ 8, 1, 8 ], "axis": "y", "angle": 0 },
		"faces": {
			"up":{"uv":		[1.01,7.01,14.99,7.99],"texture":"#bookshelf","cullface":south},
			"down":{"uv":	[1.01,8.01,14.99,8.99],"texture":"#bookshelf","cullface":south},
			"south":{"uv":	[1.01,7.01,14.99,8.99],"texture":"#bookshelf","cullface":south}
		}
	},
	{
		"type":"cube", //Middle west
        "from": [0,6.995,1],
        "to": [1,9.005,15],
		"rotation": {"origin": [ 8, 1, 8 ], "axis": "y", "angle": 0 },
		"faces": {
			"up":{"uv":		[1.01,7.01,14.99,7.99],"texture":"#bookshelf","cullface":west,"rotation":90},
			"down":{"uv":	[1.01,8.01,14.99,8.99],"texture":"#bookshelf","cullface":west,"rotation":270},
			"west":{"uv":	[1.01,7.01,14.99,8.99],"texture":"#bookshelf","cullface":west}
		}
	},
	{
		"type":"cube", //Bottom
        "from": [1,0,1],
        "to": [15,1,15],
		"rotation": {"origin": [ 8, 1, 8 ], "axis": "y", "angle": 0 },
		"faces": {
			"up":{"uv":		[1,1,15,15],"texture":"#planks","cullface":up},
			"down":{"uv":	[1,1,15,15],"texture":"#planks","cullface":Know2Good},
			"north":{"uv":	[1.01,15.01,14.99,15.99],"texture":"#planks","cullface":north},
			"south":{"uv":	[1.01,15.01,14.99,15.99],"texture":"#planks","cullface":south},
			"west":{"uv":	[1.01,15.01,14.99,15.99],"texture":"#planks","cullface":west},
			"east":{"uv":	[1.01,15.01,14.99,15.99],"texture":"#planks","cullface":east}
		}
	},
	{
		"type":"cube", //Frame up north
		"from":[1,15,0],
		"to":[15,16,1],
		"rotation": {"origin": [ 8, 1, 8 ], "axis": "y", "angle": 0 },
		"faces": {
			"down":{"uv":	[1.01,0.01,14.99,0.99],"texture":"#bookshelf","cullface":north},
			"up":{"uv":		[1.01,0.01,14.99,0.99],"texture":"#bookshelf","cullface":up},
			"north":{"uv":	[1.01,0.01,14.99,0.99],"texture":"#bookshelf","cullface":north,"rotation": 180}
		}
	},
	{
		"type":"cube", //Frame up east
		"from":[15,15,1],
		"to":[16,16,15],
		"rotation": {"origin": [ 8, 1, 8 ], "axis": "y", "angle": 0 },
		"faces": {
			"down":{"uv":	[15.01,1.01,15.99,14.99],"texture":"#bookshelf","cullface":east,"rotation": 180},
			"up":{"uv":		[15.01,1.01,15.99,14.99],"texture":"#bookshelf","cullface":up},
			"east":{"uv":	[15.01,1.01,15.99,14.99],"texture":"#bookshelf","cullface":east,"rotation": 90}
		}
	},
	{
		"type":"cube", //Frame up south
		"from":[1,15,15],
		"to":[15,16,16],
		"rotation": {"origin": [ 8, 1, 8 ], "axis": "y", "angle": 0 },
		"faces": {
			"down":{"uv":	[1.01,15.01,14.99,15.99],"texture":"#bookshelf","cullface":south},
			"up":{"uv":		[1.01,15.01,14.99,15.99],"texture":"#bookshelf","cullface":up},
			"south":{"uv":	[1.01,15.01,14.99,15.99],"texture":"#bookshelf","cullface":south}
		}
	},
	{
		"type":"cube", //Frame up west
		"from":[0,15,1],
		"to":[1,16,15],
		"rotation": {"origin": [ 8, 1, 8 ], "axis": "y", "angle": 0 },
		"faces": {
			"down":{"uv":	[0.01,1.01,0.99,14.99],"texture":"#bookshelf","cullface":west,"rotation": 180},
			"up":{"uv":		[0.01,1.01,0.99,14.99],"texture":"#bookshelf","cullface":up},
			"west":{"uv":	[0.01,1.01,0.99,14.99],"texture":"#bookshelf","cullface":west,"rotation": 270}
		}
	},
	{
		"type":"cube", //Frame side north-west
		"from":[0,0,0],
		"to":[1,16,1],
		"rotation": {"origin": [ 8, 1, 8 ], "axis": "y", "angle": 0 },
		"faces": {
			"down":{"uv":	[15.01,15.01,15.99,15.99],"texture":"#bookshelf","cullface":down},
			"up":{"uv":		[15.01,0.01,15.99,0.99],"texture":"#bookshelf","cullface":up},
			"north":{"uv":	[15.01,0.01,15.99,15.99],"texture":"#bookshelf","cullface":north},
			"south":{"uv":	[15.01,0.01,15.99,15.99],"texture":"#bookshelf","cullface":west},
			"west":{"uv":	[15.01,0.01,15.99,15.99],"texture":"#bookshelf","cullface":west},
			"east":{"uv":	[15.01,0.01,15.99,15.99],"texture":"#bookshelf","cullface":north}
		}
	},
	{
		"type":"cube", //Frame side north-east
		"from":[15,0,0],
		"to":[16,16,1],
		"rotation": {"origin": [ 8, 1, 8 ], "axis": "y", "angle": 0 },
		"faces": {
			"down":{"uv":	[0.01,15.01,0.99,15.99],"texture":"#bookshelf","cullface":down},
			"up":{"uv":		[0.01,0.01,0.99,0.99],"texture":"#bookshelf","cullface":up},
			"north":{"uv":	[0.01,0.01,0.99,15.99],"texture":"#bookshelf","cullface":north},
			"south":{"uv":	[0.01,0.01,0.99,15.99],"texture":"#bookshelf","cullface":east},
			"west":{"uv":	[0.01,0.01,0.99,15.99],"texture":"#bookshelf","cullface":north},
			"east":{"uv":	[0.01,0.01,0.99,15.99],"texture":"#bookshelf","cullface":east}
		}
	},
		{
		"type":"cube", //Frame side south-east
		"from":[15,0,15],
		"to":[16,16,16],
		"rotation": {"origin": [ 8, 1, 8 ], "axis": "y", "angle": 0 },
		"faces": {
			"down":{"uv":	[15.01,15.01,15.99,15.99],"texture":"#bookshelf","cullface":down},
			"up":{"uv":		[15.01,0.01,15.99,0.99],"texture":"#bookshelf","cullface":up},
			"north":{"uv":	[15.01,0.01,15.99,15.99],"texture":"#bookshelf","cullface":east},
			"south":{"uv":	[15.01,0.01,15.99,15.99],"texture":"#bookshelf","cullface":south},
			"west":{"uv":	[15.01,0.01,15.99,15.99],"texture":"#bookshelf","cullface":south},
			"east":{"uv":	[15.01,0.01,15.99,15.99],"texture":"#bookshelf","cullface":east}
		}
	},
	{
		"type":"cube", //Frame side south-west
		"from":[0,0,15],
		"to":[1,16,16],
		"rotation": {"origin": [ 8, 1, 8 ], "axis": "y", "angle": 0 },
		"faces": {
			"down":{"uv":	[0.01,15.01,0.99,15.99],"texture":"#bookshelf","cullface":down},
			"up":{"uv":		[0.01,0.01,0.99,0.99],"texture":"#bookshelf","cullface":up},
			"north":{"uv":	[0.01,0.01,0.99,15.99],"texture":"#bookshelf","cullface":west},
			"south":{"uv":	[0.01,0.01,0.99,15.99],"texture":"#bookshelf","cullface":south},
			"west":{"uv":	[0.01,0.01,0.99,15.99],"texture":"#bookshelf","cullface":west},
			"east":{"uv":	[0.01,0.01,0.99,15.99],"texture":"#bookshelf","cullface":south}
		}
	},
	{
		"type":"cube", //Frame down north
		"from":[1,0,0],
		"to":[15,1,1],
		"rotation": {"origin": [ 8, 1, 8 ], "axis": "y", "angle": 0 },
		"faces": {
			"down":{"uv":	[1.01,15.01,14.99,15.99],"texture":"#bookshelf","cullface":down},
			"up":{"uv":		[1.01,15.01,14.99,15.99],"texture":"#bookshelf","cullface":north},
			"north":{"uv":	[1.01,15.01,14.99,15.99],"texture":"#bookshelf","cullface":north,"rotation": 180}
		}
	},
	{
		"type":"cube", //Frame down east
		"from":[15,0,1],
		"to":[16,1,15],
		"rotation": {"origin": [ 8, 1, 8 ], "axis": "y", "angle": 0 },
		"faces": {
			"down":{"uv":	[0.01,1.01,0.99,14.99],"texture":"#bookshelf","cullface":down},
			"up":{"uv":		[0.01,1.01,0.99,14.99],"texture":"#bookshelf","cullface":east,"rotation": 180},
			"east":{"uv":	[0.01,1.01,0.99,14.99],"texture":"#bookshelf","cullface":east,"rotation": 270}
		}
	},
	{
		"type":"cube", //Frame down south
		"from":[1,0,15],
		"to":[15,1,16],
		"rotation": {"origin": [ 8, 1, 8 ], "axis": "y", "angle": 0 },
		"faces": {
			"down":{"uv":	[1.01,0.01,14.99,0.99],"texture":"#bookshelf","cullface":down},
			"up":{"uv":		[1.01,0.01,14.99,0.99],"texture":"#bookshelf","cullface":south},
			"south":{"uv":	[1.01,0.01,14.99,0.99],"texture":"#bookshelf","cullface":south}
		}
	},
	{
		"type":"cube", //Frame down west
		"from":[0,0,1],
		"to":[1,1,15],
		"rotation": {"origin": [ 8, 1, 8 ], "axis": "y", "angle": 0 },
		"faces": {
			"down":{"uv":	[15.01,1.01,15.99,14.99],"texture":"#bookshelf","cullface":down},
			"up":{"uv":		[15.01,1.01,15.99,14.99],"texture":"#bookshelf","cullface":west,"rotation": 180},
			"west":{"uv":	[15.01,1.01,15.99,14.99],"texture":"#bookshelf","cullface":west,"rotation": 90}
		}
	},
	{
		"type":"cube", //North cover
        "from": [1,1,1],
        "to": [15,15,2],
		"rotation": {"origin": [ 8, 1, 8 ], "axis": "y", "angle": 0 },
		"faces": {
			"north":{"uv":	[1.01,1.01,14.99,14.99],"texture":"#bookshelfinner","cullface":north}
		}
	},
	{
		"type":"cube", //East cover
        "from": [14,1,1],
        "to": [15,15,15],
		"rotation": {"origin": [ 8, 1, 8 ], "axis": "y", "angle": 0 },
		"faces": {
			"east":{"uv":	[1.01,1.01,14.99,14.99],"texture":"#bookshelfinner","cullface":east}
		}
	},
	{
		"type":"cube", //South cover
        "from": [1,1,14],
        "to": [15,15,15],
		"rotation": {"origin": [ 8, 1, 8 ], "axis": "y", "angle": 0 },
		"faces": {
			"south":{"uv":	[1.01,1.01,14.99,14.99],"texture":"#bookshelfinner","cullface":south}
		}
	},
	{
		"type":"cube", //West cover
        "from": [1,1,1],
        "to": [2,15,15],
		"rotation": {"origin": [ 8, 1, 8 ], "axis": "y", "angle": 0 },
		"faces": {
			"west":{"uv":	[1.01,1.01,14.99,14.99],"texture":"#bookshelfinner","cullface":west}
		}
	}
],
"display": {
	"thirdperson": {
		"rotation": [ 0, 45, 1 ],
		"translation": [ 0, 0.5, 0 ],
		"scale": [ 1.1, 1.1, 1.1 ]
	},
	"firstperson": {
		"rotation": [ 0, 0, 0 ],
		"translation": [ 0, 0, 0 ],
		"scale": [ 1, 1, 1 ]
	},
	"gui": {
		"rotation": [ 0, 0, 0 ],
		"translation": [ 0, 0, 0 ],
		"scale": [ 1, 1, 1 ]
	}
}
}