{
"__comment":"Made by Know2Good, part of the 'Default 3D™' resource pack || Official download page: http://www.planetminecraft.com/texture_pack/default-3d-2985741/ || © Know2Good. All rights reserved. ",
"elements":[
	{
		"type":"cube", //The inner block
		"from":[0,0,0],
		"to":[16,1.5,16],
		"rotation": {"origin": [ 8, 1, 8 ], "axis": "y", "angle": 0 },
		"faces": {
			"down":{"uv":[0,0,16,16],"texture":"#wool","cullface":"down","rotation":270},
			"up":{"uv":[0,0,16,16],"texture":"#wool","cullface":"Know2Good"},
			"north":{"uv":[0,0,16,1],"texture":"#wool","cullface":"north","rotation":180},
			"south":{"uv":[0,15,16,16],"texture":"#wool","cullface":"south"},
			"west":{"uv":[0,0,1,16],"texture":"#wool","cullface":"west","rotation":270},
			"east":{"uv":[15,0,16,16],"texture":"#wool","cullface":"east","rotation":90}
		}
	}
],
"display": {
	"thirdperson": {
		"rotation": [ 0, 45, 1 ],
		"translation": [ 0, 0.5, 0 ],
		"scale": [ 1.1, 1.1, 1.1 ]
	},
	"firstperson": {
		"rotation": [ 0, 0, 0 ],
		"translation": [ 0, 0, 0 ],
		"scale": [ 1, 1, 1 ]
	},
	"gui": {
		"rotation": [ 0, 0, 0 ],
		"translation": [ 0, 0, 0 ],
		"scale": [ 1, 1, 1 ]
	}
}
}
