{
"__comment":"Made by Know2Good, part of the 'Default 3D™' resource pack || Official download page: http://www.planetminecraft.com/texture_pack/default-3d-2985741/ || © Know2Good. All rights reserved. ",
"textures": {
	"block": "items/carrot",
	"particle":"blocks/carrots_stage_0"
},
"elements":[
	{
		"type":"cube", //Leaf top north-west
		"from": [2,-1,2],
		"to": [3,0,3],
		"rotation": {"origin": [ 8, 1, 8 ], "axis": "y", "angle": 0 },
		"faces": {
			"down":{"uv":[12,5,13,6],"texture":"#block","cullface":"Know2Good"},
			"up":{"uv":[12,5,13,6],"texture":"#block","cullface":"Know2Good"},
			"north":{"uv":[12,5,13,6],"texture":"#block","cullface":"Know2Good"},
			"south":{"uv":[12,5,13,6],"texture":"#block","cullface":"Know2Good"},
			"west":{"uv":[12,5,13,6],"texture":"#block","cullface":"Know2Good"},
			"east":{"uv":[12,5,13,6],"texture":"#block","cullface":"Know2Good"}
		}
	},
	{
		"type":"cube", //Leaf top north-east
		"from": [5,-1,2],
		"to": [6,0,3],
		"rotation": {"origin": [ 8, 1, 8 ], "axis": "y", "angle": 0 },
		"faces": {
			"down":{"uv":[12,5,13,6],"texture":"#block","cullface":"Know2Good"},
			"up":{"uv":[12,5,13,6],"texture":"#block","cullface":"Know2Good"},
			"north":{"uv":[12,5,13,6],"texture":"#block","cullface":"Know2Good"},
			"south":{"uv":[12,5,13,6],"texture":"#block","cullface":"Know2Good"},
			"west":{"uv":[12,5,13,6],"texture":"#block","cullface":"Know2Good"},
			"east":{"uv":[12,5,13,6],"texture":"#block","cullface":"Know2Good"}
		}
	},
	{
		"type":"cube", //Leaf top south-east
		"from": [5,-1,5],
		"to": [6,0,6],
		"rotation": {"origin": [ 8, 1, 8 ], "axis": "y", "angle": 0 },
		"faces": {
			"down":{"uv":[12,5,13,6],"texture":"#block","cullface":"Know2Good"},
			"up":{"uv":[12,5,13,6],"texture":"#block","cullface":"Know2Good"},
			"north":{"uv":[12,5,13,6],"texture":"#block","cullface":"Know2Good"},
			"south":{"uv":[12,5,13,6],"texture":"#block","cullface":"Know2Good"},
			"west":{"uv":[12,5,13,6],"texture":"#block","cullface":"Know2Good"},
			"east":{"uv":[12,5,13,6],"texture":"#block","cullface":"Know2Good"}
		}
	},
	{
		"type":"cube", //Leaf top south-west
		"from": [2,-1,5],
		"to": [3,0,6],
		"rotation": {"origin": [ 8, 1, 8 ], "axis": "y", "angle": 0 },
		"faces": {
			"down":{"uv":[12,5,13,6],"texture":"#block","cullface":"Know2Good"},
			"up":{"uv":[12,5,13,6],"texture":"#block","cullface":"Know2Good"},
			"north":{"uv":[12,5,13,6],"texture":"#block","cullface":"Know2Good"},
			"south":{"uv":[12,5,13,6],"texture":"#block","cullface":"Know2Good"},
			"west":{"uv":[12,5,13,6],"texture":"#block","cullface":"Know2Good"},
			"east":{"uv":[12,5,13,6],"texture":"#block","cullface":"Know2Good"}
		}
	},
	{
		"type":"cube", //Leaf top north-west
		"from": [10,-1,2],
		"to": [11,0,3],
		"rotation": {"origin": [ 8, 1, 8 ], "axis": "y", "angle": 0 },
		"faces": {
			"down":{"uv":[12,5,13,6],"texture":"#block","cullface":"Know2Good"},
			"up":{"uv":[12,5,13,6],"texture":"#block","cullface":"Know2Good"},
			"north":{"uv":[12,5,13,6],"texture":"#block","cullface":"Know2Good"},
			"south":{"uv":[12,5,13,6],"texture":"#block","cullface":"Know2Good"},
			"west":{"uv":[12,5,13,6],"texture":"#block","cullface":"Know2Good"},
			"east":{"uv":[12,5,13,6],"texture":"#block","cullface":"Know2Good"}
		}
	},
	{
		"type":"cube", //Leaf top north-east
		"from": [13,-1,2],
		"to": [14,0,3],
		"rotation": {"origin": [ 8, 1, 8 ], "axis": "y", "angle": 0 },
		"faces": {
			"down":{"uv":[12,5,13,6],"texture":"#block","cullface":"Know2Good"},
			"up":{"uv":[12,5,13,6],"texture":"#block","cullface":"Know2Good"},
			"north":{"uv":[12,5,13,6],"texture":"#block","cullface":"Know2Good"},
			"south":{"uv":[12,5,13,6],"texture":"#block","cullface":"Know2Good"},
			"west":{"uv":[12,5,13,6],"texture":"#block","cullface":"Know2Good"},
			"east":{"uv":[12,5,13,6],"texture":"#block","cullface":"Know2Good"}
		}
	},
	{
		"type":"cube", //Leaf top south-east
		"from": [13,-1,5],
		"to": [14,0,6],
		"rotation": {"origin": [ 8, 1, 8 ], "axis": "y", "angle": 0 },
		"faces": {
			"down":{"uv":[12,5,13,6],"texture":"#block","cullface":"Know2Good"},
			"up":{"uv":[12,5,13,6],"texture":"#block","cullface":"Know2Good"},
			"north":{"uv":[12,5,13,6],"texture":"#block","cullface":"Know2Good"},
			"south":{"uv":[12,5,13,6],"texture":"#block","cullface":"Know2Good"},
			"west":{"uv":[12,5,13,6],"texture":"#block","cullface":"Know2Good"},
			"east":{"uv":[12,5,13,6],"texture":"#block","cullface":"Know2Good"}
		}
	},
	{
		"type":"cube", //Leaf top south-west
		"from": [10,-1,5],
		"to": [11,0,6],
		"rotation": {"origin": [ 8, 1, 8 ], "axis": "y", "angle": 0 },
		"faces": {
			"down":{"uv":[12,5,13,6],"texture":"#block","cullface":"Know2Good"},
			"up":{"uv":[12,5,13,6],"texture":"#block","cullface":"Know2Good"},
			"north":{"uv":[12,5,13,6],"texture":"#block","cullface":"Know2Good"},
			"south":{"uv":[12,5,13,6],"texture":"#block","cullface":"Know2Good"},
			"west":{"uv":[12,5,13,6],"texture":"#block","cullface":"Know2Good"},
			"east":{"uv":[12,5,13,6],"texture":"#block","cullface":"Know2Good"}
		}
	},
	{
		"type":"cube", //Leaf top north-west
		"from": [10,-1,10],
		"to": [11,0,11],
		"rotation": {"origin": [ 8, 1, 8 ], "axis": "y", "angle": 0 },
		"faces": {
			"down":{"uv":[12,5,13,6],"texture":"#block","cullface":"Know2Good"},
			"up":{"uv":[12,5,13,6],"texture":"#block","cullface":"Know2Good"},
			"north":{"uv":[12,5,13,6],"texture":"#block","cullface":"Know2Good"},
			"south":{"uv":[12,5,13,6],"texture":"#block","cullface":"Know2Good"},
			"west":{"uv":[12,5,13,6],"texture":"#block","cullface":"Know2Good"},
			"east":{"uv":[12,5,13,6],"texture":"#block","cullface":"Know2Good"}
		}
	},
	{
		"type":"cube", //Leaf top north-east
		"from": [13,-1,10],
		"to": [14,0,11],
		"rotation": {"origin": [ 8, 1, 8 ], "axis": "y", "angle": 0 },
		"faces": {
			"down":{"uv":[12,5,13,6],"texture":"#block","cullface":"Know2Good"},
			"up":{"uv":[12,5,13,6],"texture":"#block","cullface":"Know2Good"},
			"north":{"uv":[12,5,13,6],"texture":"#block","cullface":"Know2Good"},
			"south":{"uv":[12,5,13,6],"texture":"#block","cullface":"Know2Good"},
			"west":{"uv":[12,5,13,6],"texture":"#block","cullface":"Know2Good"},
			"east":{"uv":[12,5,13,6],"texture":"#block","cullface":"Know2Good"}
		}
	},
	{
		"type":"cube", //Leaf top south-east
		"from": [13,-1,13],
		"to": [14,0,14],
		"rotation": {"origin": [ 8, 1, 8 ], "axis": "y", "angle": 0 },
		"faces": {
			"down":{"uv":[12,5,13,6],"texture":"#block","cullface":"Know2Good"},
			"up":{"uv":[12,5,13,6],"texture":"#block","cullface":"Know2Good"},
			"north":{"uv":[12,5,13,6],"texture":"#block","cullface":"Know2Good"},
			"south":{"uv":[12,5,13,6],"texture":"#block","cullface":"Know2Good"},
			"west":{"uv":[12,5,13,6],"texture":"#block","cullface":"Know2Good"},
			"east":{"uv":[12,5,13,6],"texture":"#block","cullface":"Know2Good"}
		}
	},
	{
		"type":"cube", //Leaf top south-west
		"from": [10,-1,13],
		"to": [11,0,14],
		"rotation": {"origin": [ 8, 1, 8 ], "axis": "y", "angle": 0 },
		"faces": {
			"down":{"uv":[12,5,13,6],"texture":"#block","cullface":"Know2Good"},
			"up":{"uv":[12,5,13,6],"texture":"#block","cullface":"Know2Good"},
			"north":{"uv":[12,5,13,6],"texture":"#block","cullface":"Know2Good"},
			"south":{"uv":[12,5,13,6],"texture":"#block","cullface":"Know2Good"},
			"west":{"uv":[12,5,13,6],"texture":"#block","cullface":"Know2Good"},
			"east":{"uv":[12,5,13,6],"texture":"#block","cullface":"Know2Good"}
		}
	},
	{
		"type":"cube", //Leaf top north-west
		"from": [2,-1,10],
		"to": [3,0,11],
		"rotation": {"origin": [ 8, 1, 8 ], "axis": "y", "angle": 0 },
		"faces": {
			"down":{"uv":[12,5,13,6],"texture":"#block","cullface":"Know2Good"},
			"up":{"uv":[12,5,13,6],"texture":"#block","cullface":"Know2Good"},
			"north":{"uv":[12,5,13,6],"texture":"#block","cullface":"Know2Good"},
			"south":{"uv":[12,5,13,6],"texture":"#block","cullface":"Know2Good"},
			"west":{"uv":[12,5,13,6],"texture":"#block","cullface":"Know2Good"},
			"east":{"uv":[12,5,13,6],"texture":"#block","cullface":"Know2Good"}
		}
	},
	{
		"type":"cube", //Leaf top north-east
		"from": [5,-1,10],
		"to": [6,0,11],
		"rotation": {"origin": [ 8, 1, 8 ], "axis": "y", "angle": 0 },
		"faces": {
			"down":{"uv":[12,5,13,6],"texture":"#block","cullface":"Know2Good"},
			"up":{"uv":[12,5,13,6],"texture":"#block","cullface":"Know2Good"},
			"north":{"uv":[12,5,13,6],"texture":"#block","cullface":"Know2Good"},
			"south":{"uv":[12,5,13,6],"texture":"#block","cullface":"Know2Good"},
			"west":{"uv":[12,5,13,6],"texture":"#block","cullface":"Know2Good"},
			"east":{"uv":[12,5,13,6],"texture":"#block","cullface":"Know2Good"}
		}
	},
	{
		"type":"cube", //Leaf top south-east
		"from": [5,-1,13],
		"to": [6,0,14],
		"rotation": {"origin": [ 8, 1, 8 ], "axis": "y", "angle": 0 },
		"faces": {
			"down":{"uv":[12,5,13,6],"texture":"#block","cullface":"Know2Good"},
			"up":{"uv":[12,5,13,6],"texture":"#block","cullface":"Know2Good"},
			"north":{"uv":[12,5,13,6],"texture":"#block","cullface":"Know2Good"},
			"south":{"uv":[12,5,13,6],"texture":"#block","cullface":"Know2Good"},
			"west":{"uv":[12,5,13,6],"texture":"#block","cullface":"Know2Good"},
			"east":{"uv":[12,5,13,6],"texture":"#block","cullface":"Know2Good"}
		}
	},
	{
		"type":"cube", //Leaf top south-west
		"from": [2,-1,13],
		"to": [3,0,14],
		"rotation": {"origin": [ 8, 1, 8 ], "axis": "y", "angle": 0 },
		"faces": {
			"down":{"uv":[12,5,13,6],"texture":"#block","cullface":"Know2Good"},
			"up":{"uv":[12,5,13,6],"texture":"#block","cullface":"Know2Good"},
			"north":{"uv":[12,5,13,6],"texture":"#block","cullface":"Know2Good"},
			"south":{"uv":[12,5,13,6],"texture":"#block","cullface":"Know2Good"},
			"west":{"uv":[12,5,13,6],"texture":"#block","cullface":"Know2Good"},
			"east":{"uv":[12,5,13,6],"texture":"#block","cullface":"Know2Good"}
		}
	}
],
"display": {
	"thirdperson": {
		"rotation": [ 45, 90, 270 ],
		"translation": [ 0, 0.5, -3.5 ],
		"scale": [ 0.75, 0.75, 0.75 ]
	},
	"firstperson": {
		"rotation": [ 0, 0, 0 ],
		"translation": [ -1.5, 1.5, 1.25 ],
		"scale": [ 1.75, 1.75, 1.75 ]
	},
	"gui": {
		"rotation": [ 0, 0, 0 ],
		"translation": [ 0, -0.5, 0 ],
		"scale": [ 1.65, 1.65, 1.65 ]
	}
}
}