{
"__comment":"Made by Know2Good, part of the 'Default 3D™' resource pack || Official download page: http://www.planetminecraft.com/texture_pack/default-3d-2985741/ || © Know2Good. All rights reserved. ",
"__comment":"No UV-bleed, OK coordinate, OK texture, OK cullface",

"textures": {
	"block": 	"custom/stone_alt1",
	"ore": 		"custom/gold_ore_sparkle_alt1",
	"particle":	"blocks/gold_ore"
},
"elements":[
	{
		"type":"cube", //The inner block
		"from":[0,0,0],
		"to":[16,16,16],
		"rotation": {"origin": [ 8, 1, 8 ], "axis": "y", "angle": 0 },
		"faces": {
			"down":{"uv":	[0,0,16,16],"texture":"#block","cullface":"down"},
			"up":{"uv":		[0,0,16,16],"texture":"#block","cullface":"up"},
			"north":{"uv":	[0,0,16,16],"texture":"#block","cullface":"north"},
			"south":{"uv":	[0,0,16,16],"texture":"#block","cullface":"south"},
			"west":{"uv":	[0,0,16,16],"texture":"#block","cullface":"west"},
			"east":{"uv":	[0,0,16,16],"texture":"#block","cullface":"east"}
		}
	},
	{
		"type":"cube", //Top 4,2 to 5,3
		"from":[4,16,2],
		"to":[5,16.25,3],
		"rotation": {"origin": [ 8, 1, 8 ], "axis": "y", "angle": 0 },
		"faces": {
			"up":{"uv":		[4.01,2.01,4.99,2.99],"texture":"#ore","cullface":"up"},
			"north":{"uv":	[4.01,2.01,4.99,2.99],"texture":"#ore","cullface":"up","rotation":180},
			"south":{"uv":	[4.01,2.01,4.99,2.99],"texture":"#ore","cullface":"up"},
			"west":{"uv":	[4.01,2.01,4.99,2.99],"texture":"#ore","cullface":"up"},
			"east":{"uv":	[4.01,2.01,4.99,2.99],"texture":"#ore","cullface":"up"}
		}
	},
	{
		"type":"cube", //Top 12,2 to 14,3
		"from":[12,16,2],
		"to":[14,16.4,3],
		"rotation": {"origin": [ 8, 1, 8 ], "axis": "y", "angle": 0 },
		"faces": {
			"up":{"uv":		[12.01,2.01,13.99,2.99],"texture":"#ore","cullface":"up"},
			"north":{"uv":	[12.01,2.01,13.99,2.99],"texture":"#ore","cullface":"up","rotation":180},
			"south":{"uv":	[12.01,2.01,13.99,2.99],"texture":"#ore","cullface":"up"},
			"west":{"uv":	[12.01,2.01,12.99,2.99],"texture":"#ore","cullface":"up"},
			"east":{"uv":	[13.01,2.01,13.99,2.99],"texture":"#ore","cullface":"up"}
		}
	},
	{
		"type":"cube", //Top 7,3 to 9,4
		"from":[7,16,3],
		"to":[9,16.55,4],
		"rotation": {"origin": [ 8, 1, 8 ], "axis": "y", "angle": 0 },
		"faces": {
			"up":{"uv":		[7.01,3.01,8.99,3.99],"texture":"#ore","cullface":"up"},
			"north":{"uv":	[7.01,3.01,8.99,3.99],"texture":"#ore","cullface":"up","rotation":180},
			"south":{"uv":	[7.01,3.01,8.99,3.99],"texture":"#ore","cullface":"up"},
			"west":{"uv":	[7.01,3.01,7.99,3.99],"texture":"#ore","cullface":"up"},
			"east":{"uv":	[8.01,3.01,8.99,3.99],"texture":"#ore","cullface":"up"}
		}
	},
	{
		"type":"cube", //Top 10,5 to 12,7
		"from":[10,16,5],
		"to":[12,16.4,7],
		"rotation": {"origin": [ 8, 1, 8 ], "axis": "y", "angle": 0 },
		"faces": {
			"up":{"uv":		[10.01,5.01,11.99,6.99],"texture":"#ore","cullface":"up"},
			"north":{"uv":	[10.01,5.01,11.99,5.99],"texture":"#ore","cullface":"up","rotation":180},
			"south":{"uv":	[10.01,6.01,11.99,6.99],"texture":"#ore","cullface":"up"},
			"west":{"uv":	[10.01,5.01,10.99,6.99],"texture":"#ore","cullface":"up","rotation":270},
			"east":{"uv":	[11.01,5.01,11.99,6.99],"texture":"#ore","cullface":"up","rotation":90}
		}
	},
	{
		"type":"cube", //Top 1,8 to 3,9
		"from":[1,16,8],
		"to":[3,16.25,9],
		"rotation": {"origin": [ 8, 1, 8 ], "axis": "y", "angle": 0 },
		"faces": {
			"up":{"uv":		[1.01,8.01,2.99,8.99],"texture":"#ore","cullface":"up"},
			"north":{"uv":	[1.01,8.01,2.99,8.99],"texture":"#ore","cullface":"up","rotation":180},
			"south":{"uv":	[1.01,8.01,2.99,8.99],"texture":"#ore","cullface":"up"},
			"west":{"uv":	[1.01,8.01,1.99,8.99],"texture":"#ore","cullface":"up"},
			"east":{"uv":	[2.01,8.01,2.99,8.99],"texture":"#ore","cullface":"up"}
		}
	},
	{
		"type":"cube", //Top 8,8 to 10,9
		"from":[8,16,8],
		"to":[10,16.25,9],
		"rotation": {"origin": [ 8, 1, 8 ], "axis": "y", "angle": 0 },
		"faces": {
			"up":{"uv":		[8.01,8.01,9.99,8.99],"texture":"#ore","cullface":"up"},
			"north":{"uv":	[8.01,8.01,9.99,8.99],"texture":"#ore","cullface":"up","rotation":180},
			"west":{"uv":	[8.01,8.01,8.99,8.99],"texture":"#ore","cullface":"up"},
			"east":{"uv":	[9.01,8.01,9.99,8.99],"texture":"#ore","cullface":"up"}
		}
	},
	{
		"type":"cube", //Top 7,9 to 1,10
		"from":[7,16,9],
		"to":[11,16.25,10],
		"rotation": {"origin": [ 8, 1, 8 ], "axis": "y", "angle": 0 },
		"faces": {
			"up":{"uv":		[7.01,9.01,10.99,9.99],"texture":"#ore","cullface":"up"},
			"north":{"uv":	[7.01,9.01,10.99,9.99],"texture":"#ore","cullface":"up","rotation":180},
			"south":{"uv":	[7.01,9.01,10.99,9.99],"texture":"#ore","cullface":"up"},
			"west":{"uv":	[7.01,9.01,7.99,9.99],"texture":"#ore","cullface":"up"},
			"east":{"uv":	[10.01,9.01,10.99,9.99],"texture":"#ore","cullface":"up"}
		}
	},
	{
		"type":"cube", //Top 4,10 to 5,11
		"from":[4,16,10],
		"to":[5,16.4,11],
		"rotation": {"origin": [ 8, 1, 8 ], "axis": "y", "angle": 0 },
		"faces": {
			"up":{"uv":		[4.01,10.01,4.99,10.99],"texture":"#ore","cullface":"up"},
			"north":{"uv":	[4.01,10.01,4.99,10.99],"texture":"#ore","cullface":"up","rotation":180},
			"south":{"uv":	[4.01,10.01,4.99,10.99],"texture":"#ore","cullface":"up"},
			"west":{"uv":	[4.01,10.01,4.99,10.99],"texture":"#ore","cullface":"up"},
			"east":{"uv":	[4.01,10.01,4.99,10.99],"texture":"#ore","cullface":"up"}
		}
	},
	{
		"type":"cube", //Top 3,13 to 5,14
		"from":[3,16,13],
		"to":[5,16.55,14],
		"rotation": {"origin": [ 8, 1, 8 ], "axis": "y", "angle": 0 },
		"faces": {
			"up":{"uv":		[3.01,13.01,4.99,13.99],"texture":"#ore","cullface":"up"},
			"north":{"uv":	[3.01,13.01,4.99,13.99],"texture":"#ore","cullface":"up","rotation":180},
			"south":{"uv":	[3.01,13.01,4.99,13.99],"texture":"#ore","cullface":"up"},
			"west":{"uv":	[3.01,13.01,3.99,13.99],"texture":"#ore","cullface":"up"},
			"east":{"uv":	[4.01,13.01,4.99,13.99],"texture":"#ore","cullface":"up"}
		}
	},
	{
		"type":"cube", //North 4,2 to 5,3
		"from":[11,13,-0.25],
		"to":[12,14,0],
		"rotation": {"origin": [ 8, 1, 8 ], "axis": "y", "angle": 0 },
		"faces": {
			"up":{"uv":		[4.01,2.01,4.99,2.99],"texture":"#ore","cullface":"north"},
			"down":{"uv":	[4.01,2.01,4.99,2.99],"texture":"#ore","cullface":"north"},
			"north":{"uv":	[4.01,2.01,4.99,2.99],"texture":"#ore","cullface":"north"},
			"west":{"uv":	[4.01,2.01,4.99,2.99],"texture":"#ore","cullface":"north"},
			"east":{"uv":	[4.01,2.01,4.99,2.99],"texture":"#ore","cullface":"north"}
		}
	},
	{
		"type":"cube", //North 12,2 to 14,3
		"from":[2,13,-0.4],
		"to":[4,14,0],
		"rotation": {"origin": [ 8, 1, 8 ], "axis": "y", "angle": 0 },
		"faces": {
			"up":{"uv":		[12.01,2.01,13.99,2.99],"texture":"#ore","cullface":"north","rotation":180},
			"down":{"uv":	[12.01,2.01,13.99,2.99],"texture":"#ore","cullface":"north","rotation":180},
			"north":{"uv":	[12.01,2.01,13.99,2.99],"texture":"#ore","cullface":"north"},
			"west":{"uv":	[13.01,2.01,13.99,2.99],"texture":"#ore","cullface":"north"},
			"east":{"uv":	[12.01,2.01,12.99,2.99],"texture":"#ore","cullface":"north"}
		}
	},
	{
		"type":"cube", //North 7,3 to 9,4
		"from":[7,12,-0.55],
		"to":[9,13,0],
		"rotation": {"origin": [ 8, 1, 8 ], "axis": "y", "angle": 0 },
		"faces": {
			"up":{"uv":		[7.01,3.01,8.99,3.99],"texture":"#ore","cullface":"north","rotation":180},
			"down":{"uv":	[7.01,3.01,8.99,3.99],"texture":"#ore","cullface":"north","rotation":180},
			"north":{"uv":	[7.01,3.01,8.99,3.99],"texture":"#ore","cullface":"north"},
			"west":{"uv":	[8.01,3.01,8.99,3.99],"texture":"#ore","cullface":"north"},
			"east":{"uv":	[7.01,3.01,7.99,3.99],"texture":"#ore","cullface":"north"}
		}
	},
	{
		"type":"cube", //North 10,5 to 12,7
		"from":[4,9,-0.4],
		"to":[6,11,0],
		"rotation": {"origin": [ 8, 1, 8 ], "axis": "y", "angle": 0 },
		"faces": {
			"up":{"uv":		[10.01,5.01,11.99,5.99],"texture":"#ore","cullface":"north","rotation":180},
			"down":{"uv":	[10.01,6.01,11.99,6.99],"texture":"#ore","cullface":"north","rotation":180},
			"north":{"uv":	[10.01,5.01,11.99,6.99],"texture":"#ore","cullface":"north"},
			"west":{"uv":	[11.01,5.01,11.99,6.99],"texture":"#ore","cullface":"north"},
			"east":{"uv":	[10.01,5.01,10.99,6.99],"texture":"#ore","cullface":"north"}
		}
	},
	{
		"type":"cube", //North 1,8 to 3,9
		"from":[13,7,-0.25],
		"to":[15,8,0],
		"rotation": {"origin": [ 8, 1, 8 ], "axis": "y", "angle": 0 },
		"faces": {
			"up":{"uv":		[1.01,8.01,2.99,8.99],"texture":"#ore","cullface":"north","rotation":180},
			"down":{"uv":	[1.01,8.01,2.99,8.99],"texture":"#ore","cullface":"north","rotation":180},
			"north":{"uv":	[1.01,8.01,2.99,8.99],"texture":"#ore","cullface":"north"},
			"west":{"uv":	[2.01,8.01,2.99,8.99],"texture":"#ore","cullface":"north"},
			"east":{"uv":	[1.01,8.01,1.99,8.99],"texture":"#ore","cullface":"north"}
		}
	},
	{
		"type":"cube", //North 8,8 to 10,9
		"from":[6,7,-0.25],
		"to":[8,8,0],
		"rotation": {"origin": [ 8, 1, 8 ], "axis": "y", "angle": 0 },
		"faces": {
			"up":{"uv":		[8.01,8.01,9.99,8.99],"texture":"#ore","cullface":"north","rotation":180},
			"north":{"uv":	[8.01,8.01,9.99,8.99],"texture":"#ore","cullface":"north"},
			"west":{"uv":	[9.01,8.01,9.99,8.99],"texture":"#ore","cullface":"north"},
			"east":{"uv":	[8.01,8.01,8.99,8.99],"texture":"#ore","cullface":"north"}
		}
	},
	{
		"type":"cube", //North 7,9 to 1,10
		"from":[5,6,-0.25],
		"to":[9,7,0],
		"rotation": {"origin": [ 8, 1, 8 ], "axis": "y", "angle": 0 },
		"faces": {
			"up":{"uv":		[7.01,9.01,10.99,9.99],"texture":"#ore","cullface":"north","rotation":180},
			"down":{"uv":	[7.01,9.01,10.99,9.99],"texture":"#ore","cullface":"north","rotation":180},
			"north":{"uv":	[7.01,9.01,10.99,9.99],"texture":"#ore","cullface":"north"},
			"west":{"uv":	[10.01,9.01,10.99,9.99],"texture":"#ore","cullface":"north"},
			"east":{"uv":	[7.01,9.01,7.99,9.99],"texture":"#ore","cullface":"north"}
		}
	},
	{
		"type":"cube", //North 4,10 to 5,11
		"from":[11,5,-0.4],
		"to":[12,6,0],
		"rotation": {"origin": [ 8, 1, 8 ], "axis": "y", "angle": 0 },
		"faces": {
			"up":{"uv":		[4.01,10.01,4.99,10.99],"texture":"#ore","cullface":"north","rotation":180},
			"down":{"uv":	[4.01,10.01,4.99,10.99],"texture":"#ore","cullface":"north","rotation":180},
			"north":{"uv":	[4.01,10.01,4.99,10.99],"texture":"#ore","cullface":"north"},
			"west":{"uv":	[4.01,10.01,4.99,10.99],"texture":"#ore","cullface":"north"},
			"east":{"uv":	[4.01,10.01,4.99,10.99],"texture":"#ore","cullface":"north"}
		}
	},
	{
		"type":"cube", //North 3,13 to 5,14
		"from":[11,2,-0.55],
		"to":[13,3,0],
		"rotation": {"origin": [ 8, 1, 8 ], "axis": "y", "angle": 0 },
		"faces": {
			"up":{"uv":		[3.01,13.01,4.99,13.99],"texture":"#ore","cullface":"north","rotation":180},
			"down":{"uv":	[3.01,13.01,4.99,13.99],"texture":"#ore","cullface":"north","rotation":180},
			"north":{"uv":	[3.01,13.01,4.99,13.99],"texture":"#ore","cullface":"north"},
			"west":{"uv":	[4.01,13.01,4.99,13.99],"texture":"#ore","cullface":"north"},
			"east":{"uv":	[3.01,13.01,3.99,13.99],"texture":"#ore","cullface":"north"}
		}
	},
	{
		"type":"cube", //East 4,2 to 5,3
		"from":[16,13,11],
		"to":[16.25,14,12],
		"rotation": {"origin": [ 8, 1, 8 ], "axis": "y", "angle": 0 },
		"faces": {
			"up":{"uv":		[4.01,2.01,4.99,2.99],"texture":"#ore","cullface":"east","rotation":270},
			"down":{"uv":	[4.01,2.01,4.99,2.99],"texture":"#ore","cullface":"east","rotation":90},
			"north":{"uv":	[4.01,2.01,4.99,2.99],"texture":"#ore","cullface":"east"},
			"south":{"uv":	[4.01,2.01,4.99,2.99],"texture":"#ore","cullface":"east"},
			"east":{"uv":	[4.01,2.01,4.99,2.99],"texture":"#ore","cullface":"east"}
		}
	},
	{
		"type":"cube", //East 12,2 to 14,3
		"from":[16,13,2],
		"to":[16.4,14,4],
		"rotation": {"origin": [ 8, 1, 8 ], "axis": "y", "angle": 0 },
		"faces": {
			"up":{"uv":		[12.01,2.01,13.99,2.99],"texture":"#ore","cullface":"east","rotation":270},
			"down":{"uv":	[12.01,2.01,13.99,2.99],"texture":"#ore","cullface":"east","rotation":90},
			"north":{"uv":	[13.01,2.01,13.99,2.99],"texture":"#ore","cullface":"east"},
			"south":{"uv":	[12.01,2.01,12.99,2.99],"texture":"#ore","cullface":"east"},
			"east":{"uv":	[12.01,2.01,13.99,2.99],"texture":"#ore","cullface":"east"}
		}
	},
	{
		"type":"cube", //East 7,3 to 9,4
		"from":[16,12,7],
		"to":[16.55,13,9],
		"rotation": {"origin": [ 8, 1, 8 ], "axis": "y", "angle": 0 },
		"faces": {
			"up":{"uv":		[7.01,3.01,8.99,3.99],"texture":"#ore","cullface":"east","rotation":270},
			"down":{"uv":	[7.01,3.01,8.99,3.99],"texture":"#ore","cullface":"east","rotation":90},
			"north":{"uv":	[8.01,3.01,8.99,3.99],"texture":"#ore","cullface":"east"},
			"south":{"uv":	[7.01,3.01,7.99,3.99],"texture":"#ore","cullface":"east"},
			"east":{"uv":	[7.01,3.01,8.99,3.99],"texture":"#ore","cullface":"east"}
		}
	},
	{
		"type":"cube", //East 10,5 to 12,7
		"from":[16,9,4],
		"to":[16.4,11,6],
		"rotation": {"origin": [ 8, 1, 8 ], "axis": "y", "angle": 0 },
		"faces": {
			"up":{"uv":		[10.01,5.01,11.99,5.99],"texture":"#ore","cullface":"east","rotation":270},
			"down":{"uv":	[10.01,6.01,11.99,6.99],"texture":"#ore","cullface":"east","rotation":90},
			"north":{"uv":	[11.01,5.01,11.99,6.99],"texture":"#ore","cullface":"east"},
			"south":{"uv":	[10.01,5.01,10.99,6.99],"texture":"#ore","cullface":"east"},
			"east":{"uv":	[10.01,5.01,11.99,6.99],"texture":"#ore","cullface":"east"}
		}
	},
	{
		"type":"cube", //East 1,8 to 3,9
		"from":[16,7,13],
		"to":[16.25,8,15],
		"rotation": {"origin": [ 8, 1, 8 ], "axis": "y", "angle": 0 },
		"faces": {
			"up":{"uv":		[1.01,8.01,2.99,8.99],"texture":"#ore","cullface":"east","rotation":270},
			"down":{"uv":	[1.01,8.01,2.99,8.99],"texture":"#ore","cullface":"east","rotation":90},
			"north":{"uv":	[2.01,8.01,2.99,8.99],"texture":"#ore","cullface":"east"},
			"south":{"uv":	[1.01,8.01,1.99,8.99],"texture":"#ore","cullface":"east"},
			"east":{"uv":	[1.01,8.01,2.99,8.99],"texture":"#ore","cullface":"east"}
		}
	},
	{
		"type":"cube", //East 8,8 to 10,9
		"from":[16,7,6],
		"to":[16.25,8,8],
		"rotation": {"origin": [ 8, 1, 8 ], "axis": "y", "angle": 0 },
		"faces": {
			"up":{"uv":		[8.01,8.01,9.99,8.99],"texture":"#ore","cullface":"east","rotation":270},
			"north":{"uv":	[9.01,8.01,9.99,8.99],"texture":"#ore","cullface":"east"},
			"south":{"uv":	[8.01,8.01,8.99,8.99],"texture":"#ore","cullface":"east"},
			"east":{"uv":	[8.01,8.01,9.99,8.99],"texture":"#ore","cullface":"east"}
		}
	},
	{
		"type":"cube", //East 7,9 to 1,10
		"from":[16,6,5],
		"to":[16.25,7,9],
		"rotation": {"origin": [ 8, 1, 8 ], "axis": "y", "angle": 0 },
		"faces": {
			"up":{"uv":		[7.01,9.01,10.99,9.99],"texture":"#ore","cullface":"east","rotation":270},
			"down":{"uv":	[7.01,9.01,10.99,9.99],"texture":"#ore","cullface":"east","rotation":90},
			"north":{"uv":	[10.01,9.01,10.99,9.99],"texture":"#ore","cullface":"east"},
			"south":{"uv":	[7.01,9.01,7.99,9.99],"texture":"#ore","cullface":"east"},
			"east":{"uv":	[7.01,9.01,10.99,9.99],"texture":"#ore","cullface":"east"}
		}
	},
	{
		"type":"cube", //East 4,10 to 5,11
		"from":[16,5,11],
		"to":[16.4,6,12],
		"rotation": {"origin": [ 8, 1, 8 ], "axis": "y", "angle": 0 },
		"faces": {
			"up":{"uv":		[4.01,10.01,4.99,10.99],"texture":"#ore","cullface":"east","rotation":270},
			"down":{"uv":	[4.01,10.01,4.99,10.99],"texture":"#ore","cullface":"east","rotation":90},
			"north":{"uv":	[4.01,10.01,4.99,10.99],"texture":"#ore","cullface":"east"},
			"south":{"uv":	[4.01,10.01,4.99,10.99],"texture":"#ore","cullface":"east"},
			"east":{"uv":	[4.01,10.01,4.99,10.99],"texture":"#ore","cullface":"east"}
		}
	},
	{
		"type":"cube", //East 3,13 to 5,14
		"from":[16,2,11],
		"to":[16.55,3,13],
		"rotation": {"origin": [ 8, 1, 8 ], "axis": "y", "angle": 0 },
		"faces": {
			"up":{"uv":		[3.01,13.01,4.99,13.99],"texture":"#ore","cullface":"east","rotation":270},
			"down":{"uv":	[3.01,13.01,4.99,13.99],"texture":"#ore","cullface":"east","rotation":90},
			"north":{"uv":	[4.01,13.01,4.99,13.99],"texture":"#ore","cullface":"east"},
			"south":{"uv":	[3.01,13.01,3.99,13.99],"texture":"#ore","cullface":"east"},
			"east":{"uv":	[3.01,13.01,4.99,13.99],"texture":"#ore","cullface":"east"}
		}
	},
	{
		"type":"cube", //South 4,2 to 5,3
		"from":[4,13,16],
		"to":[5,14,16.25],
		"rotation": {"origin": [ 8, 1, 8 ], "axis": "y", "angle": 0 },
		"faces": {
			"up":{"uv":		[4.01,2.01,4.99,2.99],"texture":"#ore","cullface":"south"},
			"down":{"uv":	[4.01,2.01,4.99,2.99],"texture":"#ore","cullface":"south"},
			"south":{"uv":	[4.01,2.01,4.99,2.99],"texture":"#ore","cullface":"south"},
			"west":{"uv":	[4.01,2.01,4.99,2.99],"texture":"#ore","cullface":"south"},
			"east":{"uv":	[4.01,2.01,4.99,2.99],"texture":"#ore","cullface":"south"}
		}
	},
	{
		"type":"cube", //South 12,2 to 14,3
		"from":[12,13,16],
		"to":[14,14,16.4],
		"rotation": {"origin": [ 8, 1, 8 ], "axis": "y", "angle": 0 },
		"faces": {
			"up":{"uv":		[12.01,2.01,13.99,2.99],"texture":"#ore","cullface":"south"},
			"down":{"uv":	[12.01,2.01,13.99,2.99],"texture":"#ore","cullface":"south"},
			"south":{"uv":	[12.01,2.01,13.99,2.99],"texture":"#ore","cullface":"south"},
			"west":{"uv":	[12.01,2.01,12.99,2.99],"texture":"#ore","cullface":"south"},
			"east":{"uv":	[13.01,2.01,13.99,2.99],"texture":"#ore","cullface":"south"}
		}
	},
	{
		"type":"cube", //South 7,3 to 9,4
		"from":[7,12,16],
		"to":[9,13,16.55],
		"rotation": {"origin": [ 8, 1, 8 ], "axis": "y", "angle": 0 },
		"faces": {
			"up":{"uv":		[7.01,3.01,8.99,3.99],"texture":"#ore","cullface":"south"},
			"down":{"uv":	[7.01,3.01,8.99,3.99],"texture":"#ore","cullface":"south"},
			"south":{"uv":	[7.01,3.01,8.99,3.99],"texture":"#ore","cullface":"south"},
			"west":{"uv":	[7.01,3.01,7.99,3.99],"texture":"#ore","cullface":"south"},
			"east":{"uv":	[8.01,3.01,8.99,3.99],"texture":"#ore","cullface":"south"}
		}
	},
	{
		"type":"cube", //South 10,5 to 12,7
		"from":[10,9,16],
		"to":[12,11,16.4],
		"rotation": {"origin": [ 8, 1, 8 ], "axis": "y", "angle": 0 },
		"faces": {
			"up":{"uv":		[10.01,5.01,11.99,5.99],"texture":"#ore","cullface":"south"},
			"down":{"uv":	[10.01,6.01,11.99,6.99],"texture":"#ore","cullface":"south"},
			"south":{"uv":	[10.01,5.01,11.99,6.99],"texture":"#ore","cullface":"south"},
			"west":{"uv":	[10.01,5.01,10.99,6.99],"texture":"#ore","cullface":"south"},
			"east":{"uv":	[11.01,5.01,11.99,6.99],"texture":"#ore","cullface":"south"}
		}
	},
	{
		"type":"cube", //South 1,8 to 3,9
		"from":[1,7,16],
		"to":[3,8,16.25],
		"rotation": {"origin": [ 8, 1, 8 ], "axis": "y", "angle": 0 },
		"faces": {
			"up":{"uv":		[1.01,8.01,2.99,8.99],"texture":"#ore","cullface":"south"},
			"down":{"uv":	[1.01,8.01,2.99,8.99],"texture":"#ore","cullface":"south"},
			"south":{"uv":	[1.01,8.01,2.99,8.99],"texture":"#ore","cullface":"south"},
			"west":{"uv":	[1.01,8.01,1.99,8.99],"texture":"#ore","cullface":"south"},
			"east":{"uv":	[2.01,8.01,2.99,8.99],"texture":"#ore","cullface":"south"}
		}
	},
	{
		"type":"cube", //South 8,8 to 10,9
		"from":[8,7,16],
		"to":[10,8,16.25],
		"rotation": {"origin": [ 8, 1, 8 ], "axis": "y", "angle": 0 },
		"faces": {
			"up":{"uv":		[8.01,8.01,9.99,8.99],"texture":"#ore","cullface":"south"},
			"south":{"uv":	[8.01,8.01,9.99,8.99],"texture":"#ore","cullface":"south"},
			"west":{"uv":	[8.01,8.01,8.99,8.99],"texture":"#ore","cullface":"south"},
			"east":{"uv":	[9.01,8.01,9.99,8.99],"texture":"#ore","cullface":"south"}
		}
	},
	{
		"type":"cube", //South 7,9 to 1,10
		"from":[7,6,16],
		"to":[11,7,16.25],
		"rotation": {"origin": [ 8, 1, 8 ], "axis": "y", "angle": 0 },
		"faces": {
			"up":{"uv":		[7.01,9.01,10.99,9.99],"texture":"#ore","cullface":"south"},
			"down":{"uv":	[7.01,9.01,10.99,9.99],"texture":"#ore","cullface":"south"},
			"south":{"uv":	[7.01,9.01,10.99,9.99],"texture":"#ore","cullface":"south"},
			"west":{"uv":	[7.01,9.01,7.99,9.99],"texture":"#ore","cullface":"south"},
			"east":{"uv":	[10.01,9.01,10.99,9.99],"texture":"#ore","cullface":"south"}
		}
	},
	{
		"type":"cube", //South 4,10 to 5,11
		"from":[4,5,16],
		"to":[5,6,16.4],
		"rotation": {"origin": [ 8, 1, 8 ], "axis": "y", "angle": 0 },
		"faces": {
			"up":{"uv":		[4.01,10.01,4.99,10.99],"texture":"#ore","cullface":"south"},
			"down":{"uv":	[4.01,10.01,4.99,10.99],"texture":"#ore","cullface":"south"},
			"south":{"uv":	[4.01,10.01,4.99,10.99],"texture":"#ore","cullface":"south"},
			"west":{"uv":	[4.01,10.01,4.99,10.99],"texture":"#ore","cullface":"south"},
			"east":{"uv":	[4.01,10.01,4.99,10.99],"texture":"#ore","cullface":"south"}
		}
	},
	{
		"type":"cube", //South 3,13 to 5,14
		"from":[3,2,16],
		"to":[5,3,16.55],
		"rotation": {"origin": [ 8, 1, 8 ], "axis": "y", "angle": 0 },
		"faces": {
			"up":{"uv":		[3.01,13.01,4.99,13.99],"texture":"#ore","cullface":"south"},
			"down":{"uv":	[3.01,13.01,4.99,13.99],"texture":"#ore","cullface":"south"},
			"south":{"uv":	[3.01,13.01,4.99,13.99],"texture":"#ore","cullface":"south"},
			"west":{"uv":	[3.01,13.01,3.99,13.99],"texture":"#ore","cullface":"south"},
			"east":{"uv":	[4.01,13.01,4.99,13.99],"texture":"#ore","cullface":"south"}
		}
	},
	{
		"type":"cube", //West 4,2 to 5,3
		"from":[-0.25,13,4],
		"to":[0,14,5],
		"rotation": {"origin": [ 8, 1, 8 ], "axis": "y", "angle": 0 },
		"faces": {
			"up":{"uv":		[4.01,2.01,4.99,2.99],"texture":"#ore","cullface":"west","rotation":90},
			"down":{"uv":	[4.01,2.01,4.99,2.99],"texture":"#ore","cullface":"west","rotation":270},
			"north":{"uv":	[4.01,2.01,4.99,2.99],"texture":"#ore","cullface":"west"},
			"south":{"uv":	[4.01,2.01,4.99,2.99],"texture":"#ore","cullface":"west"},
			"west":{"uv":	[4.01,2.01,4.99,2.99],"texture":"#ore","cullface":"west"}
		}
	},
	{
		"type":"cube", //West 12,2 to 14,3
		"from":[-0.4,13,12],
		"to":[0,14,14],
		"rotation": {"origin": [ 8, 1, 8 ], "axis": "y", "angle": 0 },
		"faces": {
			"up":{"uv":		[12.01,2.01,13.99,2.99],"texture":"#ore","cullface":"west","rotation":90},
			"down":{"uv":	[12.01,2.01,13.99,2.99],"texture":"#ore","cullface":"west","rotation":270},
			"north":{"uv":	[12.01,2.01,12.99,2.99],"texture":"#ore","cullface":"west"},
			"south":{"uv":	[13.01,2.01,13.99,2.99],"texture":"#ore","cullface":"west"},
			"west":{"uv":	[12.01,2.01,13.99,2.99],"texture":"#ore","cullface":"west"}
		}
	},
	{
		"type":"cube", //West 7,3 to 9,4
		"from":[-0.55,12,7],
		"to":[0,13,9],
		"rotation": {"origin": [ 8, 1, 8 ], "axis": "y", "angle": 0 },
		"faces": {
			"up":{"uv":		[7.01,3.01,8.99,3.99],"texture":"#ore","cullface":"west","rotation":90},
			"down":{"uv":	[7.01,3.01,8.99,3.99],"texture":"#ore","cullface":"west","rotation":270},
			"north":{"uv":	[7.01,3.01,7.99,3.99],"texture":"#ore","cullface":"west"},
			"south":{"uv":	[8.01,3.01,8.99,3.99],"texture":"#ore","cullface":"west"},
			"west":{"uv":	[7.01,3.01,8.99,3.99],"texture":"#ore","cullface":"west"}
		}
	},
	{
		"type":"cube", //West 10,5 to 12,7
		"from":[-0.4,9,10],
		"to":[0,11,12],
		"rotation": {"origin": [ 8, 1, 8 ], "axis": "y", "angle": 0 },
		"faces": {
			"up":{"uv":		[10.01,5.01,11.99,5.99],"texture":"#ore","cullface":"west","rotation":90},
			"down":{"uv":	[10.01,6.01,11.99,6.99],"texture":"#ore","cullface":"west","rotation":270},
			"north":{"uv":	[10.01,5.01,10.99,6.99],"texture":"#ore","cullface":"west"},
			"south":{"uv":	[11.01,5.01,11.99,6.99],"texture":"#ore","cullface":"west"},
			"west":{"uv":	[10.01,5.01,11.99,6.99],"texture":"#ore","cullface":"west"}
		}
	},
	{
		"type":"cube", //West 1,8 to 3,9
		"from":[-0.25,7,1],
		"to":[0,8,3],
		"rotation": {"origin": [ 8, 1, 8 ], "axis": "y", "angle": 0 },
		"faces": {
			"up":{"uv":		[1.01,8.01,2.99,8.99],"texture":"#ore","cullface":"west","rotation":90},
			"down":{"uv":	[1.01,8.01,2.99,8.99],"texture":"#ore","cullface":"west","rotation":270},
			"north":{"uv":	[1.01,8.01,1.99,8.99],"texture":"#ore","cullface":"west"},
			"south":{"uv":	[2.01,8.01,2.99,8.99],"texture":"#ore","cullface":"west"},
			"west":{"uv":	[1.01,8.01,2.99,8.99],"texture":"#ore","cullface":"west"}
		}
	},
	{
		"type":"cube", //West 8,8 to 10,9
		"from":[-0.25,7,8],
		"to":[0,8,10],
		"rotation": {"origin": [ 8, 1, 8 ], "axis": "y", "angle": 0 },
		"faces": {
			"up":{"uv":		[8.01,8.01,9.99,8.99],"texture":"#ore","cullface":"west","rotation":90},
			"north":{"uv":	[8.01,8.01,8.99,8.99],"texture":"#ore","cullface":"west"},
			"south":{"uv":	[9.01,8.01,9.99,8.99],"texture":"#ore","cullface":"west"},
			"west":{"uv":	[8.01,8.01,9.99,8.99],"texture":"#ore","cullface":"west"}
		}
	},
	{
		"type":"cube", //West 7,9 to 1,10
		"from":[-0.25,6,7],
		"to":[0,7,11],
		"rotation": {"origin": [ 8, 1, 8 ], "axis": "y", "angle": 0 },
		"faces": {
			"up":{"uv":		[7.01,9.01,10.99,9.99],"texture":"#ore","cullface":"west","rotation":90},
			"down":{"uv":	[7.01,9.01,10.99,9.99],"texture":"#ore","cullface":"west","rotation":270},
			"north":{"uv":	[7.01,9.01,7.99,9.99],"texture":"#ore","cullface":"west"},
			"south":{"uv":	[10.01,9.01,10.99,9.99],"texture":"#ore","cullface":"west"},
			"west":{"uv":	[7.01,9.01,10.99,9.99],"texture":"#ore","cullface":"west"}
		}
	},
	{
		"type":"cube", //West 4,10 to 5,11
		"from":[-0.4,5,4],
		"to":[0,6,5],
		"rotation": {"origin": [ 8, 1, 8 ], "axis": "y", "angle": 0 },
		"faces": {
			"up":{"uv":		[4.01,10.01,4.99,10.99],"texture":"#ore","cullface":"west","rotation":90},
			"down":{"uv":	[4.01,10.01,4.99,10.99],"texture":"#ore","cullface":"west","rotation":270},
			"north":{"uv":	[4.01,10.01,4.99,10.99],"texture":"#ore","cullface":"west"},
			"south":{"uv":	[4.01,10.01,4.99,10.99],"texture":"#ore","cullface":"west"},
			"west":{"uv":	[4.01,10.01,4.99,10.99],"texture":"#ore","cullface":"west"}
		}
	},
	{
		"type":"cube", //West 3,10 to 5,11
		"from":[-0.4,2,3],
		"to":[0,3,5],
		"rotation": {"origin": [ 8, 1, 8 ], "axis": "y", "angle": 0 },
		"faces": {
			"up":{"uv":		[3.01,13.01,4.99,13.99],"texture":"#ore","cullface":"west","rotation":90},
			"down":{"uv":	[3.01,13.01,4.99,13.99],"texture":"#ore","cullface":"west","rotation":270},
			"north":{"uv":	[3.01,13.01,3.99,13.99],"texture":"#ore","cullface":"west"},
			"south":{"uv":	[4.01,13.01,4.99,13.99],"texture":"#ore","cullface":"west"},
			"west":{"uv":	[3.01,13.01,4.99,13.99],"texture":"#ore","cullface":"west"}
		}
	},
	{
		"type":"cube", //Bottom 4,2 to 5,3
		"from":[4,-0.25,13],
		"to":[5,0,14],
		"rotation": {"origin": [ 8, 1, 8 ], "axis": "y", "angle": 0 },
		"faces": {
			"down":{"uv":	[4.01,2.01,4.99,2.99],"texture":"#ore","cullface":"down"},
			"north":{"uv":	[4.01,2.01,4.99,2.99],"texture":"#ore","cullface":"down"},
			"south":{"uv":	[4.01,2.01,4.99,2.99],"texture":"#ore","cullface":"down"},
			"west":{"uv":	[4.01,2.01,4.99,2.99],"texture":"#ore","cullface":"down"},
			"east":{"uv":	[4.01,2.01,4.99,2.99],"texture":"#ore","cullface":"down"}
		}
	},
	{
		"type":"cube", //Bottom 12,2 to 14,3
		"from":[12,-0.4,13],
		"to":[14,0,14],
		"rotation": {"origin": [ 8, 1, 8 ], "axis": "y", "angle": 0 },
		"faces": {
			"down":{"uv":	[12.01,2.01,13.99,2.99],"texture":"#ore","cullface":"down"},
			"north":{"uv":	[12.01,2.01,13.99,2.99],"texture":"#ore","cullface":"down","rotation":180},
			"south":{"uv":	[12.01,2.01,13.99,2.99],"texture":"#ore","cullface":"down"},
			"west":{"uv":	[12.01,2.01,12.99,2.99],"texture":"#ore","cullface":"down"},
			"east":{"uv":	[13.01,2.01,13.99,2.99],"texture":"#ore","cullface":"down"}
		}
	},
	{
		"type":"cube", //Bottom 7,3 to 9,4
		"from":[7,-0.55,12],
		"to":[9,0,13],
		"rotation": {"origin": [ 8, 1, 8 ], "axis": "y", "angle": 0 },
		"faces": {
			"down":{"uv":	[7.01,3.01,8.99,3.99],"texture":"#ore","cullface":"down"},
			"north":{"uv":	[7.01,3.01,8.99,3.99],"texture":"#ore","cullface":"down","rotation":180},
			"south":{"uv":	[7.01,3.01,8.99,3.99],"texture":"#ore","cullface":"down"},
			"west":{"uv":	[7.01,3.01,7.99,3.99],"texture":"#ore","cullface":"down"},
			"east":{"uv":	[8.01,3.01,8.99,3.99],"texture":"#ore","cullface":"down"}
		}
	},
	{
		"type":"cube", //Bottom 10,5 to 12,7
		"from":[10,-0.4,9],
		"to":[12,0,11],
		"rotation": {"origin": [ 8, 1, 8 ], "axis": "y", "angle": 0 },
		"faces": {
			"down":{"uv":	[10.01,5.01,11.99,6.99],"texture":"#ore","cullface":"down"},
			"north":{"uv":	[10.01,6.01,11.99,6.99],"texture":"#ore","cullface":"down","rotation":180},
			"south":{"uv":	[10.01,5.01,11.99,5.99],"texture":"#ore","cullface":"down"},
			"west":{"uv":	[10.01,5.01,10.99,6.99],"texture":"#ore","cullface":"down","rotation":90},
			"east":{"uv":	[11.01,5.01,11.99,6.99],"texture":"#ore","cullface":"down","rotation":270}
		}
	},
	{
		"type":"cube", //Bottom 1,8 to 3,9
		"from":[1,-0.25,7],
		"to":[3,0,8],
		"rotation": {"origin": [ 8, 1, 8 ], "axis": "y", "angle": 0 },
		"faces": {
			"down":{"uv":	[1.01,8.01,2.99,8.99],"texture":"#ore","cullface":"down"},
			"north":{"uv":	[1.01,8.01,2.99,8.99],"texture":"#ore","cullface":"down","rotation":180},
			"south":{"uv":	[1.01,8.01,2.99,8.99],"texture":"#ore","cullface":"down"},
			"west":{"uv":	[1.01,8.01,1.99,8.99],"texture":"#ore","cullface":"down"},
			"east":{"uv":	[2.01,8.01,2.99,8.99],"texture":"#ore","cullface":"down"}
		}
	},
	{
		"type":"cube", //Bottom 8,8 to 10,9
		"from":[8,-0.25,7],
		"to":[10,0,8],
		"rotation": {"origin": [ 8, 1, 8 ], "axis": "y", "angle": 0 },
		"faces": {
			"down":{"uv":	[8.01,8.01,9.99,8.99],"texture":"#ore","cullface":"down"},
			"south":{"uv":	[8.01,8.01,9.99,8.99],"texture":"#ore","cullface":"down"},
			"west":{"uv":	[8.01,8.01,8.99,8.99],"texture":"#ore","cullface":"down"},
			"east":{"uv":	[9.01,8.01,9.99,8.99],"texture":"#ore","cullface":"down"}
		}
	},
	{
		"type":"cube", //Bottom 7,9 to 1,10
		"from":[7,-0.25,6],
		"to":[11,0,7],
		"rotation": {"origin": [ 8, 1, 8 ], "axis": "y", "angle": 0 },
		"faces": {
			"down":{"uv":	[7.01,9.01,10.99,9.99],"texture":"#ore","cullface":"down"},
			"north":{"uv":	[7.01,9.01,10.99,9.99],"texture":"#ore","cullface":"down","rotation":180},
			"south":{"uv":	[7.01,9.01,10.99,9.99],"texture":"#ore","cullface":"down"},
			"west":{"uv":	[7.01,9.01,7.99,9.99],"texture":"#ore","cullface":"down"},
			"east":{"uv":	[10.01,9.01,10.99,9.99],"texture":"#ore","cullface":"down"}
		}
	},
	{
		"type":"cube", //Bottom 4,10 to 5,11
		"from":[4,-0.4,5],
		"to":[5,0,6],
		"rotation": {"origin": [ 8, 1, 8 ], "axis": "y", "angle": 0 },
		"faces": {
			"down":{"uv":	[4.01,10.01,4.99,10.99],"texture":"#ore","cullface":"down"},
			"north":{"uv":	[4.01,10.01,4.99,10.99],"texture":"#ore","cullface":"down","rotation":180},
			"south":{"uv":	[4.01,10.01,4.99,10.99],"texture":"#ore","cullface":"down"},
			"west":{"uv":	[4.01,10.01,4.99,10.99],"texture":"#ore","cullface":"down"},
			"east":{"uv":	[4.01,10.01,4.99,10.99],"texture":"#ore","cullface":"down"}
		}
	},
	{
		"type":"cube", //Bottom 3,13 to 5,14
		"from":[3,-0.4,2],
		"to":[5,0,3],
		"rotation": {"origin": [ 8, 1, 8 ], "axis": "y", "angle": 0 },
		"faces": {
			"down":{"uv":	[4.01,10.01,4.99,10.99],"texture":"#ore","cullface":"down"},
			"north":{"uv":	[4.01,10.01,4.99,10.99],"texture":"#ore","cullface":"down","rotation":180},
			"south":{"uv":	[4.01,10.01,4.99,10.99],"texture":"#ore","cullface":"down"},
			"west":{"uv":	[4.01,10.01,4.99,10.99],"texture":"#ore","cullface":"down"},
			"east":{"uv":	[4.01,10.01,4.99,10.99],"texture":"#ore","cullface":"down"}
		}
	}
],
"display": {
	"thirdperson": {
		"rotation": [ 0, 45, 1 ],
		"translation": [ 0, 0.5, 0 ],
		"scale": [ 1.1, 1.1, 1.1 ]
	},
	"firstperson": {
		"rotation": [ 0, 0, 0 ],
		"translation": [ 0, 0, 0 ],
		"scale": [ 1, 1, 1 ]
	},
	"gui": {
		"rotation": [ 0, 0, 0 ],
		"translation": [ 0, 0, 0 ],
		"scale": [ 1, 1, 1 ]
	}
}
}