{
	"__comment":"Made by Know2Good, part of the 'Default 3D™' resource pack || Official download page: http://www.planetminecraft.com/texture_pack/default-3d-2985741/ || © Know2Good. All rights reserved. ",
	"textures": {
		"bottom": "blocks/dirt",
		"top": "blocks/grass_top",
		"side": "blocks/grass_side",
		"overlay": "blocks/grass_side_overlay",
		"pebble": "blocks/mycelium_top",
		"particle": "blocks/dirt"
	},
	"elements": [ 
	{
		"type":"cube", //Block
		"from": [0,0,0],
		"to": [16,16,16],
		"rotation": {"origin": [ 8, 1, 8 ], "axis": "y", "angle": 0 },
		"faces": {
			"down":{"uv":[0,0,16,16],"texture":"#bottom","cullface":down},
			"up":{"uv":[0,0,16,16],"texture":"#top","cullface":up,"tintindex":0},
			"north":{"uv":[0,0,16,16],"texture":"#side","cullface":north},
			"south":{"uv":[0,0,16,16],"texture":"#side","cullface":south},
			"west":{"uv":[0,0,16,16],"texture":"#side","cullface":west},
			"east":{"uv":[0,0,16,16],"texture":"#side","cullface":east}
		}
	},
	{
		"type":"cube", //Pebble 1
		"from": [7,16,12],
		"to": [10,17,15],
		"rotation": {"origin": [ 8, 1, 8 ], "axis": "y", "angle": 0 },
		"faces": {
			"up":{"uv":[2,1,5,4],"texture":"#pebble","cullface":up},
			"north":{"uv":[2,1,5,2],"texture":"#pebble","cullface":up},
			"south":{"uv":[2,3,5,4],"texture":"#pebble","cullface":up},
			"west":{"uv":[2,1,3,4],"texture":"#pebble","cullface":up,"rotation":270},
			"east":{"uv":[4,1,5,4],"texture":"#pebble","cullface":up,"rotation":90}
		}
	},
	{
		"type":"cube", //Pebble 2
		"from": [8,17,12],
		"to": [10,18,14],
		"rotation": {"origin": [ 8, 1, 8 ], "axis": "y", "angle": 0 },
		"faces": {
			"up":{"uv":[6,11,8,13],"texture":"#pebble","cullface":up},
			"north":{"uv":[6,11,8,12],"texture":"#pebble","cullface":up},
			"south":{"uv":[6,12,8,13],"texture":"#pebble","cullface":up},
			"west":{"uv":[6,11,7,13],"texture":"#pebble","cullface":up,"rotation":270},
			"east":{"uv":[7,11,8,13],"texture":"#pebble","cullface":up,"rotation":90}
		}
	},
	{
		"type":"cube", //Pebble 3
		"from": [9,16,11],
		"to": [11,17,13],
		"rotation": {"origin": [ 8, 1, 8 ], "axis": "y", "angle": 0 },
		"faces": {
			"up":{"uv":[14,0,16,2],"texture":"#pebble","cullface":up},
			"north":{"uv":[14,0,16,1],"texture":"#pebble","cullface":up},
			"south":{"uv":[14,1,16,2],"texture":"#pebble","cullface":up},
			"west":{"uv":[14,0,15,2],"texture":"#pebble","cullface":up,"rotation":270},
			"east":{"uv":[15,0,16,2],"texture":"#pebble","cullface":up,"rotation":90}
		}
	},
	{
		"type":"cube", //Pebble 4
		"from": [2,16,1],
		"to": [4,17,3],
		"rotation": {"origin": [ 8, 1, 8 ], "axis": "y", "angle": 0 },
		"faces": {
			"up":{"uv":[7,0,9,2],"texture":"#pebble","cullface":up},
			"north":{"uv":[7,0,9,1],"texture":"#pebble","cullface":up,"rotation":180},
			"south":{"uv":[7,1,9,2],"texture":"#pebble","cullface":up},
			"west":{"uv":[7,0,8,2],"texture":"#pebble","cullface":up,"rotation":270},
			"east":{"uv":[8,0,9,2],"texture":"#pebble","cullface":up,"rotation":90}
		}
	},
	{
		"type":"cube", //Pebble 5
		"from": [13,16,5],
		"to": [14,17,6],
		"rotation": {"origin": [ 8, 1, 8 ], "axis": "y", "angle": 0 },
		"faces": {
			"up":{"uv":[15,15,16,16],"texture":"#pebble","cullface":up},
			"north":{"uv":[15,15,16,16],"texture":"#pebble","cullface":up},
			"south":{"uv":[15,15,16,16],"texture":"#pebble","cullface":up},
			"west":{"uv":[15,15,16,16],"texture":"#pebble","cullface":up,"rotation":270},
			"east":{"uv":[15,15,16,16],"texture":"#pebble","cullface":up,"rotation":90}
		}
	},
	{
		"type":"cube", //Overlay
		"from": [0,0,0],
		"to": [16,16,16],
		"rotation": {"origin": [ 8, 1, 8 ], "axis": "y", "angle": 0 },
		"faces": {
			"north":{"uv":[0,0,16,16],"texture":"#overlay","tintindex":0,"cullface":north},
			"south":{"uv":[0,0,16,16],"texture":"#overlay","tintindex":0,"cullface":south},
			"west":{"uv":[0,0,16,16],"texture":"#overlay","tintindex":0,"cullface":west},
			"east":{"uv":[0,0,16,16],"texture":"#overlay","tintindex":0,"cullface":east}
    }
	}
],
"display": {
	"thirdperson": {
		"rotation": [ 0, 45, 1 ],
		"translation": [ 0, 0.5, 0 ],
		"scale": [ 1.1, 1.1, 1.1 ]
	},
	"firstperson": {
		"rotation": [ 0, 0, 0 ],
		"translation": [ 0, 0, 0 ],
		"scale": [ 1, 1, 1 ]
	},
	"gui": {
		"rotation": [ 0, 0, 0 ],
		"translation": [ 0, 0, 0 ],
		"scale": [ 1, 1, 1 ]
	}
}
}