{
	"__comment":"Made by Know2Good, part of the 'Default 3D™' resource pack || Official download page: http://www.planetminecraft.com/texture_pack/default-3d-2985741/ || © Know2Good. All rights reserved. ",
	"textures": {
		"bottom": "blocks/dirt",
		"top": "blocks/grass_top",
		"side": "blocks/grass_side",
		"overlay": "blocks/grass_side_overlay",
		"log": "blocks/log_oak",
		"leaf": "blocks/leaves_oak",
		"particle": "blocks/dirt"
	},
	"elements": [ 
	{
		"type":"cube", //Block
		"from": [0,0,0],
		"to": [16,16,16],
		"rotation": {"origin": [ 8, 1, 8 ], "axis": "y", "angle": 0 },
		"faces": {
			"down":{"uv":[0,0,16,16],"texture":"#bottom","cullface":down},
			"up":{"uv":[0,0,16,16],"texture":"#top","cullface":up,"tintindex":0},
			"north":{"uv":[0,0,16,16],"texture":"#side","cullface":north},
			"south":{"uv":[0,0,16,16],"texture":"#side","cullface":south},
			"west":{"uv":[0,0,16,16],"texture":"#side","cullface":west},
			"east":{"uv":[0,0,16,16],"texture":"#side","cullface":east}
		}
	},
	{
		"type":"cube", //Twig part 1
		"from": [2,16,12.5],
		"to": [11,17,13.5],
		"rotation": {"origin": [ 8, 1, 8 ], "axis": "y", "angle": -22.5 },
		"faces": {
			"up":{"uv":[12,2,3,3],"texture":"#log","cullface":up},
			"north":{"uv":[12,2,3,3],"texture":"#log","cullface":up,"rotation":180},
			"south":{"uv":[12,2,3,3],"texture":"#log","cullface":up},
			"west":{"uv":[12,2,11,3],"texture":"#log","cullface":up},
			"east":{"uv":[4,2,3,3],"texture":"#log","cullface":up}
		}
	},
	{
		"type":"cube", //Twig part 2
		"from": [6,16,10.5],
		"to": [7,17,12.5],
		"rotation": {"origin": [ 8, 1, 8 ], "axis": "y", "angle": -22.5 },
		"faces": {
			"up":{"uv":[11,4,12,2],"texture":"#log","cullface":up},
			"north":{"uv":[11,3,12,2],"texture":"#log","cullface":up},
			"west":{"uv":[11,4,12,2],"texture":"#log","cullface":up,"rotation":270},
			"east":{"uv":[11,4,12,2],"texture":"#log","cullface":up,"rotation":90}
		}
	},
	{
		"type":"cube", //Twig part 3
		"from": [8,16,13.5],
		"to": [9,17,14.5],
		"rotation": {"origin": [ 8, 1, 8 ], "axis": "y", "angle": -22.5 },
		"faces": {
			"up":{"uv":[11,2,12,3],"texture":"#log","cullface":up},
			"south":{"uv":[11,2,12,3],"texture":"#log","cullface":up},
			"west":{"uv":[11,2,12,3],"texture":"#log","cullface":up},
			"east":{"uv":[11,2,12,3],"texture":"#log","cullface":up}
		}
	},
	{
		"type":"cube", //Leaf 1
		"from": [8,16,14.5],
		"to": [9,17,15.5],
		"rotation": {"origin": [ 8, 1, 8 ], "axis": "y", "angle": -22.5 },
		"faces": {
			"up":{"uv":[5,1,6,2],"texture":"#leaf","cullface":up,"tintindex":0},
			"south":{"uv":[5,1,6,2],"texture":"#leaf","cullface":up,"tintindex":0},
			"west":{"uv":[5,1,6,2],"texture":"#leaf","cullface":up,"tintindex":0},
			"east":{"uv":[5,1,6,2],"texture":"#leaf","cullface":up,"tintindex":0}
		}
	},
	{
		"type":"cube", //Leaf 2
		"from": [7,16,13.5],
		"to": [8,17,14.5],
		"rotation": {"origin": [ 8, 1, 8 ], "axis": "y", "angle": -22.5 },
		"faces": {
			"up":{"uv":[10,6,11,7],"texture":"#leaf","cullface":up,"tintindex":0},
			"south":{"uv":[10,6,11,7],"texture":"#leaf","cullface":up,"tintindex":0},
			"west":{"uv":[10,6,11,7],"texture":"#leaf","cullface":up,"tintindex":0}
		}
	},
	{
		"type":"cube", //Leaf 3
		"from": [5,16,10.5],
		"to": [6,17,11.5],
		"rotation": {"origin": [ 8, 1, 8 ], "axis": "y", "angle": -22.5 },
		"faces": {
			"up":{"uv":[11,5,12,6],"texture":"#leaf","cullface":up,"tintindex":0},
			"north":{"uv":[11,5,12,6],"texture":"#leaf","cullface":up,"tintindex":0},
			"south":{"uv":[11,5,12,6],"texture":"#leaf","cullface":up,"tintindex":0},
			"west":{"uv":[11,5,12,6],"texture":"#leaf","cullface":up,"tintindex":0}
		}
	},
	{
		"type":"cube", //Leaf 4
		"from": [6,16,9.5],
		"to": [7,17,10.5],
		"rotation": {"origin": [ 8, 1, 8 ], "axis": "y", "angle": -22.5 },
		"faces": {
			"up":{"uv":[10,6,11,7],"texture":"#leaf","cullface":up,"tintindex":0},
			"north":{"uv":[10,6,11,7],"texture":"#leaf","cullface":up,"tintindex":0},
			"west":{"uv":[10,6,11,7],"texture":"#leaf","cullface":up,"tintindex":0},
			"east":{"uv":[10,6,11,7],"texture":"#leaf","cullface":up,"tintindex":0}
		}
	},
	{
		"type":"cube", //Leaf 5
		"from": [7,16,10.5],
		"to": [8,17,11.5],
		"rotation": {"origin": [ 8, 1, 8 ], "axis": "y", "angle": -22.5 },
		"faces": {
			"up":{"uv":[11,5,12,6],"texture":"#leaf","cullface":up,"tintindex":0},
			"north":{"uv":[11,5,12,6],"texture":"#leaf","cullface":up,"tintindex":0},
			"south":{"uv":[11,5,12,6],"texture":"#leaf","cullface":up,"tintindex":0},
			"east":{"uv":[11,5,12,6],"texture":"#leaf","cullface":up,"tintindex":0}
		}
	},
	{
		"type":"cube", //Leaf 6
		"from": [3,16,13.5],
		"to": [4,17,14.5],
		"rotation": {"origin": [ 8, 1, 8 ], "axis": "y", "angle": -22.5 },
		"faces": {
			"up":{"uv":[11,5,12,6],"texture":"#leaf","cullface":up,"tintindex":0},
			"north":{"uv":[11,5,12,6],"texture":"#leaf","cullface":up,"tintindex":0},
			"south":{"uv":[11,5,12,6],"texture":"#leaf","cullface":up,"tintindex":0},
			"west":{"uv":[11,5,12,6],"texture":"#leaf","cullface":up,"tintindex":0},
			"east":{"uv":[11,5,12,6],"texture":"#leaf","cullface":up,"tintindex":0}
		}
	},
	{
		"type":"cube", //Overlay
		"from": [0,0,0],
		"to": [16,16,16],
		"rotation": {"origin": [ 8, 1, 8 ], "axis": "y", "angle": 0 },
		"faces": {
			"north":{"uv":[0,0,16,16],"texture":"#overlay","tintindex":0,"cullface":north},
			"south":{"uv":[0,0,16,16],"texture":"#overlay","tintindex":0,"cullface":south},
			"west":{"uv":[0,0,16,16],"texture":"#overlay","tintindex":0,"cullface":west},
			"east":{"uv":[0,0,16,16],"texture":"#overlay","tintindex":0,"cullface":east}
    }
	}
],
"display": {
	"thirdperson": {
		"rotation": [ 0, 45, 1 ],
		"translation": [ 0, 0.5, 0 ],
		"scale": [ 1.1, 1.1, 1.1 ]
	},
	"firstperson": {
		"rotation": [ 0, 0, 0 ],
		"translation": [ 0, 0, 0 ],
		"scale": [ 1, 1, 1 ]
	},
	"gui": {
		"rotation": [ 0, 0, 0 ],
		"translation": [ 0, 0, 0 ],
		"scale": [ 1, 1, 1 ]
	}
}
}