{
	"__comment":"Made by Know2Good, part of the 'Default 3D™' resource pack || Official download page: http://www.planetminecraft.com/texture_pack/default-3d-2985741/ || © Know2Good. All rights reserved. ",
	"textures": {
		"block": "blocks/gravel",
		"shell": "custom/shell",
		"particle": "blocks/gravel"
	},
	"elements": [ 
	{
		"type":"cube", //Block
		"from": [0,0,0],
		"to": [16,16,16],
		"rotation": {"origin": [ 8, 1, 8 ], "axis": "y", "angle": 0 },
		"faces": {
			"down":{"uv":[0,0,16,16],"texture":"#block","cullface":down},
			"up":{"uv":[0,0,16,16],"texture":"#block","cullface":up},
			"north":{"uv":[0,0,16,16],"texture":"#block","cullface":north},
			"south":{"uv":[0,0,16,16],"texture":"#block","cullface":south},
			"west":{"uv":[0,0,16,16],"texture":"#block","cullface":west},
			"east":{"uv":[0,0,16,16],"texture":"#block","cullface":east}
		}
	},
	{
		"type":"cube", //Shell
		"from": [4.5,16,2],
		"to": [10,17.5,7],
		"rotation": {"origin": [ 8, 1, 8 ], "axis": "y", "angle": 45 },
		"faces": {
			"up":{"uv":[9,9,15,15],"texture":"#shell","cullface":up,"rotation":90},
			"north":{"uv":[14,9,16,15],"texture":"#shell","cullface":up,"rotation":270},
			"south":{"uv":[14,9,16,15],"texture":"#shell","cullface":up,"rotation":270},
			"west":{"uv":[14,9,16,15],"texture":"#shell","cullface":up,"rotation":90},
			"east":{"uv":[14,9,16,15],"texture":"#shell","cullface":up,"rotation":270}
    }
	}
],
"display": {
	"thirdperson": {
		"rotation": [ 0, 45, 1 ],
		"translation": [ 0, 0.5, 0 ],
		"scale": [ 1.1, 1.1, 1.1 ]
	},
	"firstperson": {
		"rotation": [ 0, 0, 0 ],
		"translation": [ 0, 0, 0 ],
		"scale": [ 1, 1, 1 ]
	},
	"gui": {
		"rotation": [ 0, 0, 0 ],
		"translation": [ 0, 0, 0 ],
		"scale": [ 1, 1, 1 ]
	}
}
}