{
"__comment":"Made by Know2Good, part of the 'Default 3D™' resource pack || Official download page: http://www.planetminecraft.com/texture_pack/default-3d-2985741/ || © Know2Good. All rights reserved. ",
"textures": {
	"block": "blocks/cobblestone",
	"particle":"blocks/cobblestone"
},
"elements":[
	{
		"type":"cube", //The inner block
		"from":[0,0,0],
		"to":[16,8,16],
		"rotation": {"origin": [ 8, 1, 8 ], "axis": "y", "angle": 0 },
		"faces": {
			"down":{"uv":[0,0,16,16],"texture":"#block","cullface":"down"},
			"up":{"uv":[0,0,16,16],"texture":"#block","cullface":"up"},
			"north":{"uv":[0,8,16,16],"texture":"#block","cullface":"north"},
			"south":{"uv":[0,8,16,16],"texture":"#block","cullface":"south"},
			"west":{"uv":[0,8,16,16],"texture":"#block","cullface":"west"},
			"east":{"uv":[0,8,16,16],"texture":"#block","cullface":"east"}
		}
	},
	{
		"type":"cube", //Top 0,0 to 1,2
		"from":[0.001,8,0.001],
		"to":[1,8.30,2],
		"rotation": {"origin": [ 8, 1, 8 ], "axis": "y", "angle": 0 },
		"faces": {
			"up":{"uv":[0,0,1,2],"texture":"#block","cullface":"up"},
			"north":{"uv":[0,0,1,1],"texture":"#block","cullface":"up","rotation":180},
			"south":{"uv":[0,1,1,2],"texture":"#block","cullface":"up"},
			"west":{"uv":[0,0,1,2],"texture":"#block","cullface":"up","rotation":270},
			"east":{"uv":[0,0,1,2],"texture":"#block","cullface":"up","rotation":90}
		}
	},
	{
		"type":"cube", //Top 0,4 to 2,5
		"from":[0.001,8,4],
		"to":[2,8.40,5],
		"rotation": {"origin": [ 8, 1, 8 ], "axis": "y", "angle": 0 },
		"faces": {
			"up":{"uv":[0,4,2,5],"texture":"#block","cullface":"up"},
			"north":{"uv":[0,4,2,5],"texture":"#block","cullface":"up","rotation":180},
			"south":{"uv":[0,4,2,5],"texture":"#block","cullface":"up"},
			"west":{"uv":[0,4,1,5],"texture":"#block","cullface":"up","rotation":270},
			"east":{"uv":[1,4,2,5],"texture":"#block","cullface":"up","rotation":90}
		}
	},
	{
		"type":"cube", //Top 0,4 to 1,6
		"from":[0.001,8,5],
		"to":[1,8.40,6],
		"rotation": {"origin": [ 8, 1, 8 ], "axis": "y", "angle": 0 },
		"faces": {
			"up":{"uv":[0,5,1,6],"texture":"#block","cullface":"up"},
			"north":{"uv":[0,5,1,6],"texture":"#block","cullface":"up","rotation":180},
			"south":{"uv":[0,5,1,6],"texture":"#block","cullface":"up"},
			"west":{"uv":[0,5,1,6],"texture":"#block","cullface":"up","rotation":270},
			"east":{"uv":[0,5,1,6],"texture":"#block","cullface":"up","rotation":90}
		}
	},
	{
		"type":"cube", //Top 1,8 to 5,10
		"from":[1,8,8],
		"to":[5,8.40,10],
		"rotation": {"origin": [ 8, 1, 8 ], "axis": "y", "angle": 0 },
		"faces": {
			"up":{"uv":[1,8,5,10],"texture":"#block","cullface":"up"},
			"north":{"uv":[1,8,5,9],"texture":"#block","cullface":"up","rotation":180},
			"south":{"uv":[1,9,5,10],"texture":"#block","cullface":"up"},
			"west":{"uv":[1,8,2,10],"texture":"#block","cullface":"up","rotation":270},
			"east":{"uv":[4,8,5,10],"texture":"#block","cullface":"up","rotation":90}
		}
	},
	{
		"type":"cube", //Top 2,10 to 4,11
		"from":[2,8,10],
		"to":[4,8.40,11],
		"rotation": {"origin": [ 8, 1, 8 ], "axis": "y", "angle": 0 },
		"faces": {
			"up":{"uv":[2,10,4,11],"texture":"#block","cullface":"up"},
			"north":{"uv":[2,10,4,11],"texture":"#block","cullface":"up","rotation":180},
			"south":{"uv":[2,10,4,11],"texture":"#block","cullface":"up"},
			"west":{"uv":[2,10,3,11],"texture":"#block","cullface":"up","rotation":270},
			"east":{"uv":[3,10,4,11],"texture":"#block","cullface":"up","rotation":90}
		}
	},
	{
		"type":"cube", //Top 0,13 to 1,14
		"from":[0.001,8,13],
		"to":[1,8.20,14],
		"rotation": {"origin": [ 8, 1, 8 ], "axis": "y", "angle": 0 },
		"faces": {
			"up":{"uv":[0,13,1,14],"texture":"#block","cullface":"up"},
			"north":{"uv":[0,13,1,14],"texture":"#block","cullface":"up","rotation":180},
			"south":{"uv":[0,13,1,14],"texture":"#block","cullface":"up"},
			"west":{"uv":[0,13,1,14],"texture":"#block","cullface":"up","rotation":270}
		}
	},
	{
		"type":"cube", //Top 1,12 to 4,14
		"from":[1,8,12],
		"to":[4,8.20,14],
		"rotation": {"origin": [ 8, 1, 8 ], "axis": "y", "angle": 0 },
		"faces": {
			"up":{"uv":[1,12,4,14],"texture":"#block","cullface":"up"},
			"north":{"uv":[1,12,4,13],"texture":"#block","cullface":"up","rotation":180},
			"south":{"uv":[1,13,4,14],"texture":"#block","cullface":"up"},
			"west":{"uv":[1,12,2,14],"texture":"#block","cullface":"up","rotation":270},
			"east":{"uv":[3,12,4,14],"texture":"#block","cullface":"up","rotation":90}
		}
	},
	{
		"type":"cube", //Top 1,14 to 7,15
		"from":[1,8,14],
		"to":[7,8.20,15],
		"rotation": {"origin": [ 8, 1, 8 ], "axis": "y", "angle": 0 },
		"faces": {
			"up":{"uv":[1,14,7,15],"texture":"#block","cullface":"up"},
			"north":{"uv":[1,14,7,15],"texture":"#block","cullface":"up","rotation":180},
			"south":{"uv":[1,14,7,15],"texture":"#block","cullface":"up"},
			"west":{"uv":[1,14,2,15],"texture":"#block","cullface":"up","rotation":270},
			"east":{"uv":[6,14,7,15],"texture":"#block","cullface":"up","rotation":90}
		}
	},
	{
		"type":"cube", //Top 0,15 to 1,16
		"from":[0.001,8,15],
		"to":[1,8.30,16],
		"rotation": {"origin": [ 8, 1, 8 ], "axis": "y", "angle": 0 },
		"faces": {
			"up":{"uv":[0,15,1,16],"texture":"#block","cullface":"up"},
			"north":{"uv":[0,15,1,16],"texture":"#block","cullface":"up","rotation":180},
			"south":{"uv":[0,15,1,16],"texture":"#block","cullface":"up"},
			"west":{"uv":[0,15,1,16],"texture":"#block","cullface":"up","rotation":270},
			"east":{"uv":[0,15,1,16],"texture":"#block","cullface":"up","rotation":90}
		}
	},
	{
		"type":"cube", //Top 2,15 to 5,16
		"from":[2,8,15],
		"to":[5,8.20,15.999],
		"rotation": {"origin": [ 8, 1, 8 ], "axis": "y", "angle": 0 },
		"faces": {
			"up":{"uv":[2,15,5,16],"texture":"#block","cullface":"up"},
			"south":{"uv":[2,15,5,16],"texture":"#block","cullface":"up"},
			"west":{"uv":[2,15,3,16],"texture":"#block","cullface":"up","rotation":270},
			"east":{"uv":[4,15,5,16],"texture":"#block","cullface":"up","rotation":90}
		}
	},
	{
		"type":"cube", //Top 1,2 to 2,3
		"from":[1,8,2],
		"to":[2,8.20,3],
		"rotation": {"origin": [ 8, 1, 8 ], "axis": "y", "angle": 0 },
		"faces": {
			"up":{"uv":[1,2,2,3],"texture":"#block","cullface":"up"},
			"north":{"uv":[1,2,2,3],"texture":"#block","cullface":"up","rotation":180},
			"south":{"uv":[1,2,2,3],"texture":"#block","cullface":"up"},
			"west":{"uv":[1,2,2,3],"texture":"#block","cullface":"up","rotation":270}
		}
	},
	{
		"type":"cube", //Top 2,1 to 3,4
		"from":[2,8,1],
		"to":[3,8.20,4],
		"rotation": {"origin": [ 8, 1, 8 ], "axis": "y", "angle": 0 },
		"faces": {
			"up":{"uv":[2,1,3,4],"texture":"#block","cullface":"up"},
			"north":{"uv":[2,1,3,2],"texture":"#block","cullface":"up","rotation":180},
			"south":{"uv":[2,3,3,4],"texture":"#block","cullface":"up"},
			"west":{"uv":[2,1,3,4],"texture":"#block","cullface":"up","rotation":270}
		}
	},
	{
		"type":"cube", //Top 3,0 to 5,4
		"from":[3,8,0.001],
		"to":[5,8.20,4],
		"rotation": {"origin": [ 8, 1, 8 ], "axis": "y", "angle": 0 },
		"faces": {
			"up":{"uv":[3,0,5,4],"texture":"#block","cullface":"up"},
			"north":{"uv":[3,0,5,1],"texture":"#block","cullface":"up","rotation":180},
			"south":{"uv":[3,3,5,4],"texture":"#block","cullface":"up"},
			"west":{"uv":[3,0,4,4],"texture":"#block","cullface":"up","rotation":270},
			"east":{"uv":[4,0,5,4],"texture":"#block","cullface":"up","rotation":90}
		}
	},
	{
		"type":"cube", //Top 5,0 to 6,1
		"from":[5,8,0.001],
		"to":[6,8.20,1],
		"rotation": {"origin": [ 8, 1, 8 ], "axis": "y", "angle": 0 },
		"faces": {
			"up":{"uv":[5,0,6,1],"texture":"#block","cullface":"up"},
			"north":{"uv":[5,0,6,1],"texture":"#block","cullface":"up","rotation":180},
			"south":{"uv":[5,0,6,1],"texture":"#block","cullface":"up"},
			"west":{"uv":[5,0,6,1],"texture":"#block","cullface":"up","rotation":270},
			"east":{"uv":[5,0,6,1],"texture":"#block","cullface":"up","rotation":90}
		}
	},
	{
		"type":"cube", //Top 3,5 to 6,6
		"from":[3,8,5],
		"to":[6,8.30,6],
		"rotation": {"origin": [ 8, 1, 8 ], "axis": "y", "angle": 0 },
		"faces": {
			"up":{"uv":[3,5,6,6],"texture":"#block","cullface":"up"},
			"north":{"uv":[3,5,6,6],"texture":"#block","cullface":"up","rotation":180},
			"west":{"uv":[3,5,4,6],"texture":"#block","cullface":"up","rotation":270},
			"east":{"uv":[5,5,6,6],"texture":"#block","cullface":"up","rotation":90}
		}
	},
	{
		"type":"cube", //Top 3,6 to 7,7
		"from":[3,8,6],
		"to":[7,8.30,7],
		"rotation": {"origin": [ 8, 1, 8 ], "axis": "y", "angle": 0 },
		"faces": {
			"up":{"uv":[3,6,7,7],"texture":"#block","cullface":"up"},
			"north":{"uv":[3,6,7,7],"texture":"#block","cullface":"up","rotation":180},
			"south":{"uv":[3,6,7,7],"texture":"#block","cullface":"up"},
			"west":{"uv":[3,6,4,7],"texture":"#block","cullface":"up","rotation":270},
			"east":{"uv":[6,6,7,7],"texture":"#block","cullface":"up","rotation":90}
		}
	},
	{
		"type":"cube", //Top 5,11 to 9,12
		"from":[5,8,11],
		"to":[9,8.40,12],
		"rotation": {"origin": [ 8, 1, 8 ], "axis": "y", "angle": 0 },
		"faces": {
			"up":{"uv":[5,11,9,12],"texture":"#block","cullface":"up"},
			"north":{"uv":[5,11,9,12],"texture":"#block","cullface":"up","rotation":180},
			"west":{"uv":[5,11,6,12],"texture":"#block","cullface":"up","rotation":270},
			"east":{"uv":[8,11,9,12],"texture":"#block","cullface":"up","rotation":90}
		}
	},
	{
		"type":"cube", //Top 5,11 to 10,12
		"from":[5,8,12],
		"to":[10,8.40,13],
		"rotation": {"origin": [ 8, 1, 8 ], "axis": "y", "angle": 0 },
		"faces": {
			"up":{"uv":[5,12,10,13],"texture":"#block","cullface":"up"},
			"north":{"uv":[5,12,10,13],"texture":"#block","cullface":"up","rotation":180},
			"south":{"uv":[5,12,10,13],"texture":"#block","cullface":"up"},
			"west":{"uv":[5,12,6,13],"texture":"#block","cullface":"up","rotation":270},
			"east":{"uv":[9,12,10,13],"texture":"#block","cullface":"up","rotation":90}
		}
	},	
	{
		"type":"cube", //Top 8,13 to 11,14
		"from":[8,8,13],
		"to":[11,8.40,14],
		"rotation": {"origin": [ 8, 1, 8 ], "axis": "y", "angle": 0 },
		"faces": {
			"up":{"uv":[8,13,11,14],"texture":"#block","cullface":"up"},
			"north":{"uv":[8,13,11,14],"texture":"#block","cullface":"up","rotation":180},
			"south":{"uv":[8,13,11,14],"texture":"#block","cullface":"up"},
			"west":{"uv":[8,13,9,14],"texture":"#block","cullface":"up","rotation":270},
			"east":{"uv":[10,13,11,14],"texture":"#block","cullface":"up","rotation":90}
		}
	},
	{
		"type":"cube", //Top 10,14 to 11,15
		"from":[10,8,14],
		"to":[11,8.40,15],
		"rotation": {"origin": [ 8, 1, 8 ], "axis": "y", "angle": 0 },
		"faces": {
			"up":{"uv":[10,14,11,15],"texture":"#block","cullface":"up"},
			"south":{"uv":[10,14,11,15],"texture":"#block","cullface":"up"},
			"west":{"uv":[10,14,11,15],"texture":"#block","cullface":"up","rotation":270},
			"east":{"uv":[10,14,11,15],"texture":"#block","cullface":"up","rotation":90}
		}
	},
	{
		"type":"cube", //Top 7,15 to 10,16
		"from":[7,8,15],
		"to":[10,8.40,15.999],
		"rotation": {"origin": [ 8, 1, 8 ], "axis": "y", "angle": 0 },
		"faces": {
			"up":{"uv":[7,15,10,16],"texture":"#block","cullface":"up"},
			"north":{"uv":[7,15,10,16],"texture":"#block","cullface":"up","rotation":180},
			"south":{"uv":[7,15,10,16],"texture":"#block","cullface":"up"},
			"west":{"uv":[7,15,8,16],"texture":"#block","cullface":"up","rotation":270},
			"east":{"uv":[9,15,10,16],"texture":"#block","cullface":"up","rotation":90}
		}
	},
	{
		"type":"cube", //Top 7,0 to 10,1
		"from":[7,8,0.001],
		"to":[10,8.40,1],
		"rotation": {"origin": [ 8, 1, 8 ], "axis": "y", "angle": 0 },
		"faces": {
			"up":{"uv":[7,0,10,1],"texture":"#block","cullface":"up"},
			"north":{"uv":[7,0,10,1],"texture":"#block","cullface":"up","rotation":180},
			"west":{"uv":[7,0,8,1],"texture":"#block","cullface":"up","rotation":270},
			"east":{"uv":[9,0,10,1],"texture":"#block","cullface":"up","rotation":90}
		}
	},
	{
		"type":"cube", //Top 6,1 to 11,3
		"from":[6,8,1],
		"to":[11,8.40,3],
		"rotation": {"origin": [ 8, 1, 8 ], "axis": "y", "angle": 0 },
		"faces": {
			"up":{"uv":[6,1,11,3],"texture":"#block","cullface":"up"},
			"north":{"uv":[6,1,11,2],"texture":"#block","cullface":"up","rotation":180},
			"south":{"uv":[6,2,11,3],"texture":"#block","cullface":"up"},
			"west":{"uv":[6,1,7,3],"texture":"#block","cullface":"up","rotation":270},
			"east":{"uv":[10,1,11,3],"texture":"#block","cullface":"up","rotation":90}
		}
	},
	{
		"type":"cube", //Top 6,3 to 10,4
		"from":[6,8,3],
		"to":[10,8.40,4],
		"rotation": {"origin": [ 8, 1, 8 ], "axis": "y", "angle": 0 },
		"faces": {
			"up":{"uv":[6,3,10,4],"texture":"#block","cullface":"up"},
			"north":{"uv":[6,3,10,4],"texture":"#block","cullface":"up","rotation":180},
			"south":{"uv":[6,3,10,4],"texture":"#block","cullface":"up"},
			"west":{"uv":[6,3,7,4],"texture":"#block","cullface":"up","rotation":270},
			"east":{"uv":[9,3,10,4],"texture":"#block","cullface":"up","rotation":90}
		}
	},
	{
		"type":"cube", //Top 7,4 to 8,5
		"from":[7,8,4],
		"to":[8,8.40,5],
		"rotation": {"origin": [ 8, 1, 8 ], "axis": "y", "angle": 0 },
		"faces": {
			"up":{"uv":[7,4,8,5],"texture":"#block","cullface":"up"},
			"south":{"uv":[7,4,8,5],"texture":"#block","cullface":"up"},
			"west":{"uv":[7,4,8,5],"texture":"#block","cullface":"up","rotation":270},
			"east":{"uv":[7,4,8,5],"texture":"#block","cullface":"up","rotation":90}
		}
	},
	{
		"type":"cube", //Top 13,1 to 14,2
		"from":[13,8,1],
		"to":[14,8.30,2],
		"rotation": {"origin": [ 8, 1, 8 ], "axis": "y", "angle": 0 },
		"faces": {
			"up":{"uv":[13,1,14,2],"texture":"#block","cullface":"up"},
			"north":{"uv":[13,1,14,2],"texture":"#block","cullface":"up","rotation":180},
			"south":{"uv":[13,1,14,2],"texture":"#block","cullface":"up"},
			"west":{"uv":[13,1,14,2],"texture":"#block","cullface":"up","rotation":270}
		}
	},
	{
		"type":"cube", //Top 14,0 to 16,3
		"from":[14,8,0.001],
		"to":[15.999,8.30,3],
		"rotation": {"origin": [ 8, 1, 8 ], "axis": "y", "angle": 0 },
		"faces": {
			"up":{"uv":[14,0,16,3],"texture":"#block","cullface":"up"},
			"north":{"uv":[14,0,16,1],"texture":"#block","cullface":"up","rotation":180},
			"south":{"uv":[14,2,16,3],"texture":"#block","cullface":"up"},
			"west":{"uv":[14,0,15,3],"texture":"#block","cullface":"up","rotation":270},
			"east":{"uv":[15,0,16,3],"texture":"#block","cullface":"up","rotation":90}
		}
	},
	{
		"type":"cube", //Top 12,3 to 13,4
		"from":[12,8,3],
		"to":[13,8.30,4],
		"rotation": {"origin": [ 8, 1, 8 ], "axis": "y", "angle": 0 },
		"faces": {
			"up":{"uv":[12,3,13,4],"texture":"#block","cullface":"up"},
			"north":{"uv":[12,3,13,4],"texture":"#block","cullface":"up","rotation":180},
			"west":{"uv":[12,3,13,4],"texture":"#block","cullface":"up","rotation":270},
			"east":{"uv":[12,3,13,4],"texture":"#block","cullface":"up","rotation":90}
		}
	},	
	{
		"type":"cube", //Top 10,4 to 14,7
		"from":[10,8,4],
		"to":[14,8.30,7],
		"rotation": {"origin": [ 8, 1, 8 ], "axis": "y", "angle": 0 },
		"faces": {
			"up":{"uv":[10,4,14,7],"texture":"#block","cullface":"up"},
			"north":{"uv":[10,4,14,5],"texture":"#block","cullface":"up","rotation":180},
			"south":{"uv":[10,6,14,7],"texture":"#block","cullface":"up"},
			"west":{"uv":[10,4,11,7],"texture":"#block","cullface":"up","rotation":270},
			"east":{"uv":[13,4,14,7],"texture":"#block","cullface":"up","rotation":90}
		}
	},
	{
		"type":"cube", //Top 9,5 to 10,6
		"from":[9,8,5],
		"to":[10,8.30,6],
		"rotation": {"origin": [ 8, 1, 8 ], "axis": "y", "angle": 0 },
		"faces": {
			"up":{"uv":[9,5,10,6],"texture":"#block","cullface":"up"},
			"north":{"uv":[9,5,10,6],"texture":"#block","cullface":"up","rotation":180},
			"south":{"uv":[9,5,10,6],"texture":"#block","cullface":"up"},
			"west":{"uv":[9,5,10,6],"texture":"#block","cullface":"up","rotation":270}
		}
	},
	{
		"type":"cube", //Top 14,5 to 15,6
		"from":[14,8,5],
		"to":[15,8.30,6],
		"rotation": {"origin": [ 8, 1, 8 ], "axis": "y", "angle": 0 },
		"faces": {
			"up":{"uv":[14,5,15,6],"texture":"#block","cullface":"up"},
			"north":{"uv":[14,5,15,6],"texture":"#block","cullface":"up","rotation":180},
			"south":{"uv":[14,5,15,6],"texture":"#block","cullface":"up"},
			"west":{"uv":[0,15,1,16],"texture":"#block","cullface":"up","rotation":270},
			"east":{"uv":[14,5,15,6],"texture":"#block","cullface":"up","rotation":90}
		}
	},
	{
		"type":"cube", //Top 7,7 to 10,8
		"from":[7,8,7],
		"to":[10,8.20,8],
		"rotation": {"origin": [ 8, 1, 8 ], "axis": "y", "angle": 0 },
		"faces": {
			"up":{"uv":[7,7,10,8],"texture":"#block","cullface":"up"},
			"north":{"uv":[7,7,10,8],"texture":"#block","cullface":"up","rotation":180},
			"west":{"uv":[7,7,8,8],"texture":"#block","cullface":"up","rotation":270},
			"east":{"uv":[9,7,10,8],"texture":"#block","cullface":"up","rotation":90}
		}
	},
	{
		"type":"cube", //Top 6,8 to 14,9
		"from":[6,8,8],
		"to":[14,8.20,9],
		"rotation": {"origin": [ 8, 1, 8 ], "axis": "y", "angle": 0 },
		"faces": {
			"up":{"uv":[6,8,14,9],"texture":"#block","cullface":"up"},
			"north":{"uv":[6,8,14,9],"texture":"#block","cullface":"up","rotation":180},
			"south":{"uv":[6,8,14,9],"texture":"#block","cullface":"up"},
			"west":{"uv":[6,8,7,9],"texture":"#block","cullface":"up","rotation":270},
			"east":{"uv":[13,8,14,9],"texture":"#block","cullface":"up","rotation":90}
		}
	},
	{
		"type":"cube", //Top 8,9 to 12,10
		"from":[8,8,9],
		"to":[12,8.20,10],
		"rotation": {"origin": [ 8, 1, 8 ], "axis": "y", "angle": 0 },
		"faces": {
			"up":{"uv":[8,9,12,10],"texture":"#block","cullface":"up"},
			"south":{"uv":[8,9,12,10],"texture":"#block","cullface":"up"},
			"west":{"uv":[8,9,9,10],"texture":"#block","cullface":"up","rotation":270},
			"east":{"uv":[11,9,12,10],"texture":"#block","cullface":"up","rotation":90}
		}
	},
	{
		"type":"cube", //Top 9,10 to 11,11
		"from":[9,8,10],
		"to":[11,8.20,11],
		"rotation": {"origin": [ 8, 1, 8 ], "axis": "y", "angle": 0 },
		"faces": {
			"up":{"uv":[9,10,11,11],"texture":"#block","cullface":"up"},
			"south":{"uv":[9,10,11,11],"texture":"#block","cullface":"up"},
			"west":{"uv":[9,10,10,11],"texture":"#block","cullface":"up","rotation":270},
			"east":{"uv":[10,10,11,11],"texture":"#block","cullface":"up","rotation":90}
		}
	},
	{
		"type":"cube", //Top 14,9 to 16,10
		"from":[14,8,9],
		"to":[15.999,8.30,10],
		"rotation": {"origin": [ 8, 1, 8 ], "axis": "y", "angle": 0 },
		"faces": {
			"up":{"uv":[14,9,16,10],"texture":"#block","cullface":"up"},
			"north":{"uv":[14,9,16,10],"texture":"#block","cullface":"up","rotation":180},
			"west":{"uv":[14,9,15,10],"texture":"#block","cullface":"up","rotation":270},
			"east":{"uv":[15,9,16,10],"texture":"#block","cullface":"up","rotation":90}
		}
	},
	{
		"type":"cube", //Top 13,10 to 16,11
		"from":[13,8,10],
		"to":[15.999,8.30,11],
		"rotation": {"origin": [ 8, 1, 8 ], "axis": "y", "angle": 0 },
		"faces": {
			"up":{"uv":[13,10,16,11],"texture":"#block","cullface":"up"},
			"north":{"uv":[13,10,16,11],"texture":"#block","cullface":"up","rotation":180},
			"west":{"uv":[13,10,14,11],"texture":"#block","cullface":"up","rotation":270},
			"east":{"uv":[15,10,16,11],"texture":"#block","cullface":"up","rotation":90}
		}
	},
	{
		"type":"cube", //Top 12,11 to 16,12
		"from":[12,8,11],
		"to":[15.999,8.30,12],
		"rotation": {"origin": [ 8, 1, 8 ], "axis": "y", "angle": 0 },
		"faces": {
			"up":{"uv":[12,11,16,12],"texture":"#block","cullface":"up"},
			"north":{"uv":[12,11,16,12],"texture":"#block","cullface":"up","rotation":180},
			"south":{"uv":[12,11,16,12],"texture":"#block","cullface":"up"},
			"west":{"uv":[12,11,13,12],"texture":"#block","cullface":"up","rotation":270},
			"east":{"uv":[15,11,16,12],"texture":"#block","cullface":"up","rotation":90}
		}
	},
	{
		"type":"cube", //Top 12,12 to 15,14
		"from":[12,8,12],
		"to":[15,8.30,14],
		"rotation": {"origin": [ 8, 1, 8 ], "axis": "y", "angle": 0 },
		"faces": {
			"up":{"uv":[12,12,15,14],"texture":"#block","cullface":"up"},
			"south":{"uv":[12,13,15,14],"texture":"#block","cullface":"up"},
			"west":{"uv":[12,12,13,14],"texture":"#block","cullface":"up","rotation":270},
			"east":{"uv":[14,12,15,14],"texture":"#block","cullface":"up","rotation":90}
		}
	},	
	{
		"type":"cube", //Top 12,15 to 14,16
		"from":[12,8,15],
		"to":[14,8.40,15.999],
		"rotation": {"origin": [ 8, 1, 8 ], "axis": "y", "angle": 0 },
		"faces": {
			"up":{"uv":[12,15,14,16],"texture":"#block","cullface":"up"},
			"north":{"uv":[12,15,14,16],"texture":"#block","cullface":"up","rotation":180},
			"south":{"uv":[12,15,14,16],"texture":"#block","cullface":"up"},
			"west":{"uv":[12,15,13,16],"texture":"#block","cullface":"up","rotation":270},
			"east":{"uv":[13,15,14,16],"texture":"#block","cullface":"up","rotation":90}
		}
	},
	{
		"type":"cube", //Top 15,15 to 16,16
		"from":[15,8,15],
		"to":[15.999,8.30,15.999],
		"rotation": {"origin": [ 8, 1, 8 ], "axis": "y", "angle": 0 },
		"faces": {
			"up":{"uv":[15,15,16,16],"texture":"#block","cullface":"up"},
			"north":{"uv":[15,15,16,16],"texture":"#block","cullface":"up","rotation":180},
			"south":{"uv":[15,15,16,16],"texture":"#block","cullface":"up"},
			"west":{"uv":[15,15,16,16],"texture":"#block","cullface":"up","rotation":270},
			"east":{"uv":[15,15,16,16],"texture":"#block","cullface":"up","rotation":90}
		}
	},	
	{
		"type":"cube", //North 1,8 to 5,10
		"from":[11,6,-0.40],
		"to":[15,7.999,0],
		"rotation": {"origin": [ 8, 1, 8 ], "axis": "y", "angle": 0 },
		"faces": {
			"up":{"uv":[1,8,5,9],"texture":"#block","cullface":"north","rotation":180},
			"down":{"uv":[1,9,5,10],"texture":"#block","cullface":"north","rotation":180},
			"north":{"uv":[1,8,5,10],"texture":"#block","cullface":"north"},
			"west":{"uv":[4,8,5,10],"texture":"#block","cullface":"north"},
			"east":{"uv":[1,8,2,10],"texture":"#block","cullface":"north"}
		}
	},
	{
		"type":"cube", //North 2,10 to 4,11
		"from":[12,5,-0.40],
		"to":[14,6,0],
		"rotation": {"origin": [ 8, 1, 8 ], "axis": "y", "angle": 0 },
		"faces": {
			"down":{"uv":[2,10,4,11],"texture":"#block","cullface":"north","rotation":180},
			"north":{"uv":[2,10,4,11],"texture":"#block","cullface":"north"},
			"west":{"uv":[3,10,4,11],"texture":"#block","cullface":"north"},
			"east":{"uv":[2,10,3,11],"texture":"#block","cullface":"north"}
		}
	},
	{
		"type":"cube", //North 0,13 to 1,14
		"from":[15,2,-0.20],
		"to":[15.999,3,0],
		"rotation": {"origin": [ 8, 1, 8 ], "axis": "y", "angle": 0 },
		"faces": {
			"up":{"uv":[0,13,1,14],"texture":"#block","cullface":"north","rotation":180},
			"down":{"uv":[0,13,1,14],"texture":"#block","cullface":"north","rotation":180},
			"north":{"uv":[0,13,1,14],"texture":"#block","cullface":"north"},
			"east":{"uv":[0,13,1,14],"texture":"#block","cullface":"north"}
		}
	},
	{
		"type":"cube", //North 1,12 to 4,14
		"from":[12,2,-0.20],
		"to":[15,4,0],
		"rotation": {"origin": [ 8, 1, 8 ], "axis": "y", "angle": 0 },
		"faces": {
			"up":{"uv":[1,12,4,13],"texture":"#block","cullface":"north","rotation":180},
			"north":{"uv":[1,12,4,14],"texture":"#block","cullface":"north"},
			"west":{"uv":[3,12,4,14],"texture":"#block","cullface":"north"},
			"east":{"uv":[1,12,2,14],"texture":"#block","cullface":"north"}
		}
	},	
	{
		"type":"cube", //North 1,14 to 7,15
		"from":[9,1,-0.20],
		"to":[15,2,0],
		"rotation": {"origin": [ 8, 1, 8 ], "axis": "y", "angle": 0 },
		"faces": {
			"up":{"uv":[1,14,7,15],"texture":"#block","cullface":"north","rotation":180},
			"down":{"uv":[1,14,7,15],"texture":"#block","cullface":"north","rotation":180},
			"north":{"uv":[1,14,7,15],"texture":"#block","cullface":"north"},
			"west":{"uv":[6,14,7,15],"texture":"#block","cullface":"north"},
			"east":{"uv":[1,14,2,15],"texture":"#block","cullface":"north"}
		}
	},	
	{
		"type":"cube", //North 2,15 to 5,16
		"from":[11,0.001,-0.20],
		"to":[14,1,0],
		"rotation": {"origin": [ 8, 1, 8 ], "axis": "y", "angle": 0 },
		"faces": {
			"down":{"uv":[2,15,5,16],"texture":"#block","cullface":"north","rotation":180},
			"north":{"uv":[2,15,5,16],"texture":"#block","cullface":"north"},
			"west":{"uv":[4,15,5,16],"texture":"#block","cullface":"north"},
			"east":{"uv":[2,15,3,16],"texture":"#block","cullface":"north"}
		}
	},	
	{
		"type":"cube", //North 2,1 to 3,4
		"from":[15,0.001,-0.30],
		"to":[15.999,1,0],
		"rotation": {"origin": [ 8, 1, 8 ], "axis": "y", "angle": 0 },
		"faces": {
			"up":{"uv":[0,15,1,16],"texture":"#block","cullface":"north","rotation":180},
			"down":{"uv":[0,15,1,16],"texture":"#block","cullface":"north","rotation":180},
			"north":{"uv":[0,15,1,16],"texture":"#block","cullface":"north"},
			"west":{"uv":[0,15,1,16],"texture":"#block","cullface":"north"},
			"east":{"uv":[0,15,1,16],"texture":"#block","cullface":"north"}
		}
	},
	{
		"type":"cube", //North 5,11 to 9,12
		"from":[7,4,-0.40],
		"to":[11,5,0],
		"rotation": {"origin": [ 8, 1, 8 ], "axis": "y", "angle": 0 },
		"faces": {
			"up":{"uv":[5,11,9,12],"texture":"#block","cullface":"north","rotation":180},
			"north":{"uv":[5,11,9,12],"texture":"#block","cullface":"north"},
			"west":{"uv":[8,11,9,12],"texture":"#block","cullface":"north"},
			"east":{"uv":[5,11,6,12],"texture":"#block","cullface":"north"}
		}
	},
	{
		"type":"cube", //North 5,11 to 10,12
		"from":[6,3,-0.40],
		"to":[11,4,0],
		"rotation": {"origin": [ 8, 1, 8 ], "axis": "y", "angle": 0 },
		"faces": {
			"up":{"uv":[5,12,10,13],"texture":"#block","cullface":"north","rotation":180},
			"down":{"uv":[5,12,10,13],"texture":"#block","cullface":"north","rotation":180},
			"north":{"uv":[5,12,10,13],"texture":"#block","cullface":"north"},
			"west":{"uv":[9,12,10,13],"texture":"#block","cullface":"north"},
			"east":{"uv":[5,12,6,13],"texture":"#block","cullface":"north"}
		}
	},
	{
		"type":"cube", //North 8,13 to 11,14
		"from":[5,2,-0.40],
		"to":[8,3,0],
		"rotation": {"origin": [ 8, 1, 8 ], "axis": "y", "angle": 0 },
		"faces": {
			"up":{"uv":[8,13,11,14],"texture":"#block","cullface":"north","rotation":180},
			"down":{"uv":[8,13,11,14],"texture":"#block","cullface":"north","rotation":180},
			"north":{"uv":[8,13,11,14],"texture":"#block","cullface":"north"},
			"west":{"uv":[10,13,11,14],"texture":"#block","cullface":"north"},
			"east":{"uv":[8,13,9,14],"texture":"#block","cullface":"north"}
		}
	},
	{
		"type":"cube", //North 10,14 to 11,15
		"from":[5,1,-0.40],
		"to":[6,2,0],
		"rotation": {"origin": [ 8, 1, 8 ], "axis": "y", "angle": 0 },
		"faces": {
			"down":{"uv":[10,14,11,15],"texture":"#block","cullface":"north","rotation":180},
			"north":{"uv":[10,14,11,15],"texture":"#block","cullface":"north"},
			"west":{"uv":[10,14,11,15],"texture":"#block","cullface":"north"},
			"east":{"uv":[10,14,11,15],"texture":"#block","cullface":"north"}
		}
	},
	{
		"type":"cube", //North 7,15 to 10,16
		"from":[6,0.001,-0.40],
		"to":[9,1,0],
		"rotation": {"origin": [ 8, 1, 8 ], "axis": "y", "angle": 0 },
		"faces": {
			"up":{"uv":[7,15,10,16],"texture":"#block","cullface":"north","rotation":180},
			"down":{"uv":[7,15,10,16],"texture":"#block","cullface":"north","rotation":180},
			"north":{"uv":[7,15,10,16],"texture":"#block","cullface":"north"},
			"west":{"uv":[9,15,10,16],"texture":"#block","cullface":"north"},
			"east":{"uv":[7,15,8,16],"texture":"#block","cullface":"north"}
		}
	},
	{
		"type":"cube", //North 6,8 to 14,9
		"from":[2,7,-0.20],
		"to":[10,7.999,0],
		"rotation": {"origin": [ 8, 1, 8 ], "axis": "y", "angle": 0 },
		"faces": {
			"up":{"uv":[6,8,14,9],"texture":"#block","cullface":"north","rotation":180},
			"down":{"uv":[6,8,14,9],"texture":"#block","cullface":"north","rotation":180},
			"north":{"uv":[6,8,14,9],"texture":"#block","cullface":"north"},
			"west":{"uv":[13,8,14,9],"texture":"#block","cullface":"north"},
			"east":{"uv":[6,8,7,9],"texture":"#block","cullface":"north"}
		}
	},
	{
		"type":"cube", //North 8,9 to 12,10
		"from":[4,6,-0.20],
		"to":[8,7,0],
		"rotation": {"origin": [ 8, 1, 8 ], "axis": "y", "angle": 0 },
		"faces": {
			"down":{"uv":[8,9,12,10],"texture":"#block","cullface":"north","rotation":180},
			"north":{"uv":[8,9,12,10],"texture":"#block","cullface":"north"},
			"west":{"uv":[11,9,12,10],"texture":"#block","cullface":"north"},
			"east":{"uv":[8,9,9,10],"texture":"#block","cullface":"north"}
		}
	},
	{
		"type":"cube", //North 9,10 to 11,11
		"from":[5,5,-0.20],
		"to":[7,6,0],
		"rotation": {"origin": [ 8, 1, 8 ], "axis": "y", "angle": 0 },
		"faces": {
			"down":{"uv":[9,10,11,11],"texture":"#block","cullface":"north","rotation":180},
			"north":{"uv":[9,10,11,11],"texture":"#block","cullface":"north"},
			"west":{"uv":[10,10,11,11],"texture":"#block","cullface":"north"},
			"east":{"uv":[9,10,10,11],"texture":"#block","cullface":"north"}
		}
	},
	{
		"type":"cube", //North 14,9 to 16,10
		"from":[0.001,6,-0.30],
		"to":[2,7,0],
		"rotation": {"origin": [ 8, 1, 8 ], "axis": "y", "angle": 0 },
		"faces": {
			"up":{"uv":[14,9,16,10],"texture":"#block","cullface":"north","rotation":180},
			"north":{"uv":[14,9,16,10],"texture":"#block","cullface":"north"},
			"west":{"uv":[15,9,16,10],"texture":"#block","cullface":"north"},
			"east":{"uv":[14,9,15,10],"texture":"#block","cullface":"north"}
		}
	},
	{
		"type":"cube", //North 13,10 to 16,11
		"from":[0.001,5,-0.30],
		"to":[3,6,0],
		"rotation": {"origin": [ 8, 1, 8 ], "axis": "y", "angle": 0 },
		"faces": {
			"up":{"uv":[13,10,16,11],"texture":"#block","cullface":"north","rotation":180},
			"north":{"uv":[13,10,16,11],"texture":"#block","cullface":"north"},
			"west":{"uv":[15,10,16,11],"texture":"#block","cullface":"north"},
			"east":{"uv":[13,10,14,11],"texture":"#block","cullface":"north"}
		}
	},
	{
		"type":"cube", //North 12,11 to 16,12
		"from":[0.001,4,-0.30],
		"to":[4,5,0],
		"rotation": {"origin": [ 8, 1, 8 ], "axis": "y", "angle": 0 },
		"faces": {
			"up":{"uv":[12,11,16,12],"texture":"#block","cullface":"north","rotation":180},
			"down":{"uv":[12,11,16,12],"texture":"#block","cullface":"north","rotation":180},
			"north":{"uv":[12,11,16,12],"texture":"#block","cullface":"north"},
			"west":{"uv":[15,11,16,12],"texture":"#block","cullface":"north"},
			"east":{"uv":[12,11,13,12],"texture":"#block","cullface":"north"}
		}
	},
	{
		"type":"cube", //North 12,12 to 15,14
		"from":[1,2,-0.30],
		"to":[4,4,0],
		"rotation": {"origin": [ 8, 1, 8 ], "axis": "y", "angle": 0 },
		"faces": {
			"down":{"uv":[12,13,15,14],"texture":"#block","cullface":"north","rotation":180},
			"north":{"uv":[12,12,15,14],"texture":"#block","cullface":"north"},
			"west":{"uv":[14,12,15,14],"texture":"#block","cullface":"north"},
			"east":{"uv":[12,12,13,14],"texture":"#block","cullface":"north"}
		}
	},
	{
		"type":"cube", //North 12,15 to 14,16
		"from":[2,0.001,-0.40],
		"to":[4,1,0],
		"rotation": {"origin": [ 8, 1, 8 ], "axis": "y", "angle": 0 },
		"faces": {
			"up":{"uv":[12,15,14,16],"texture":"#block","cullface":"north","rotation":180},
			"down":{"uv":[12,15,14,16],"texture":"#block","cullface":"north","rotation":180},
			"north":{"uv":[12,15,14,16],"texture":"#block","cullface":"north"},
			"west":{"uv":[13,15,14,16],"texture":"#block","cullface":"north"},
			"east":{"uv":[12,15,13,16],"texture":"#block","cullface":"north"}
		}
	},
	{
		"type":"cube", //North 15,15 to 16,16
		"from":[0.001,0.001,-0.30],
		"to":[1,1,0],
		"rotation": {"origin": [ 8, 1, 8 ], "axis": "y", "angle": 0 },
		"faces": {
			"up":{"uv":[15,15,16,16],"texture":"#block","cullface":"north","rotation":180},
			"down":{"uv":[15,15,16,16],"texture":"#block","cullface":"north","rotation":180},
			"north":{"uv":[15,15,16,16],"texture":"#block","cullface":"north"},
			"west":{"uv":[15,15,16,16],"texture":"#block","cullface":"north"},
			"east":{"uv":[15,15,16,16],"texture":"#block","cullface":"north"}
		}
	},
	{
		"type":"cube", //East 1,8 to 5,10
		"from":[16,6,11],
		"to":[16.40,7.999,15],
		"rotation": {"origin": [ 8, 1, 8 ], "axis": "y", "angle": 0 },
		"faces": {
			"up":{"uv":[1,8,5,9],"texture":"#block","cullface":"east","rotation":270},
			"down":{"uv":[1,9,5,10],"texture":"#block","cullface":"east","rotation":90},
			"north":{"uv":[4,8,5,10],"texture":"#block","cullface":"east"},
			"south":{"uv":[1,8,2,10],"texture":"#block","cullface":"east"},
			"east":{"uv":[1,8,5,10],"texture":"#block","cullface":"east"}
		}
	},
	{
		"type":"cube", //East 2,10 to 4,11
		"from":[16,5,12],
		"to":[16.40,6,14],
		"rotation": {"origin": [ 8, 1, 8 ], "axis": "y", "angle": 0 },
		"faces": {
			"down":{"uv":[2,10,4,11],"texture":"#block","cullface":"east","rotation":90},
			"north":{"uv":[3,10,4,11],"texture":"#block","cullface":"east"},
			"south":{"uv":[2,10,3,11],"texture":"#block","cullface":"east"},
			"east":{"uv":[2,10,4,11],"texture":"#block","cullface":"east"}
		}
	},
	{
		"type":"cube", //East 0,13 to 1,14
		"from":[16,2,15],
		"to":[16.20,3,15.999],
		"rotation": {"origin": [ 8, 1, 8 ], "axis": "y", "angle": 0 },
		"faces": {
			"up":{"uv":[0,13,1,14],"texture":"#block","cullface":"east","rotation":270},
			"down":{"uv":[0,13,1,14],"texture":"#block","cullface":"east","rotation":90},
			"south":{"uv":[0,13,1,14],"texture":"#block","cullface":"east"},
			"east":{"uv":[0,13,1,14],"texture":"#block","cullface":"east"}
		}
	},
	{
		"type":"cube", //East 1,12 to 4,14
		"from":[16,2,12],
		"to":[16.20,4,15],
		"rotation": {"origin": [ 8, 1, 8 ], "axis": "y", "angle": 0 },
		"faces": {
			"up":{"uv":[1,12,4,13],"texture":"#block","cullface":"east","rotation":270},
			"north":{"uv":[3,12,4,14],"texture":"#block","cullface":"east"},
			"south":{"uv":[1,12,2,14],"texture":"#block","cullface":"east"},
			"east":{"uv":[1,12,4,14],"texture":"#block","cullface":"east"}
		}
	},	
	{
		"type":"cube", //East 1,14 to 7,15
		"from":[16,1,9],
		"to":[16.20,2,15],
		"rotation": {"origin": [ 8, 1, 8 ], "axis": "y", "angle": 0 },
		"faces": {
			"up":{"uv":[1,14,7,15],"texture":"#block","cullface":"east","rotation":270},
			"down":{"uv":[1,14,7,15],"texture":"#block","cullface":"east","rotation":90},
			"north":{"uv":[1,14,6,15],"texture":"#block","cullface":"east"},
			"south":{"uv":[1,14,2,15],"texture":"#block","cullface":"east"},
			"east":{"uv":[1,14,7,15],"texture":"#block","cullface":"east"}
		}
	},
	{
		"type":"cube", //East 0,15 to 1,16
		"from":[16,0.001,15],
		"to":[16.30,1,15.999],
		"rotation": {"origin": [ 8, 1, 8 ], "axis": "y", "angle": 0 },
		"faces": {
			"up":{"uv":[0,15,1,16],"texture":"#block","cullface":"east","rotation":270},
			"down":{"uv":[0,15,1,16],"texture":"#block","cullface":"east","rotation":90},
			"north":{"uv":[0,15,1,16],"texture":"#block","cullface":"east"},
			"south":{"uv":[0,15,1,16],"texture":"#block","cullface":"east"},
			"east":{"uv":[0,15,1,16],"texture":"#block","cullface":"east"}
		}
	},
	{
		"type":"cube", //East 2,15 to 5,16
		"from":[16,0.001,11],
		"to":[16.20,1,14],
		"rotation": {"origin": [ 8, 1, 8 ], "axis": "y", "angle": 0 },
		"faces": {
			"down":{"uv":[2,15,5,16],"texture":"#block","cullface":"east","rotation":90},
			"north":{"uv":[4,15,5,16],"texture":"#block","cullface":"east"},
			"south":{"uv":[2,15,3,16],"texture":"#block","cullface":"east"},
			"east":{"uv":[2,15,5,16],"texture":"#block","cullface":"east"}
		}
	},
	{
		"type":"cube", //East 5,11 to 9,12
		"from":[16,4,7],
		"to":[16.40,5,11],
		"rotation": {"origin": [ 8, 1, 8 ], "axis": "y", "angle": 0 },
		"faces": {
			"up":{"uv":[5,11,9,12],"texture":"#block","cullface":"east","rotation":270},
			"north":{"uv":[8,11,9,12],"texture":"#block","cullface":"east"},
			"south":{"uv":[5,11,6,12],"texture":"#block","cullface":"east"},
			"east":{"uv":[5,11,9,12],"texture":"#block","cullface":"east"}
		}
	},	
	{
		"type":"cube", //East 5,11 to 10,12
		"from":[16,3,6],
		"to":[16.40,4,11],
		"rotation": {"origin": [ 8, 1, 8 ], "axis": "y", "angle": 0 },
		"faces": {
			"up":{"uv":[5,12,10,13],"texture":"#block","cullface":"east","rotation":270},
			"down":{"uv":[5,12,10,13],"texture":"#block","cullface":"east","rotation":90},
			"north":{"uv":[9,12,10,13],"texture":"#block","cullface":"east"},
			"south":{"uv":[5,12,6,13],"texture":"#block","cullface":"east"},
			"east":{"uv":[5,12,10,13],"texture":"#block","cullface":"east"}
		}
	},
	{
		"type":"cube", //East 8,13 to 11,14
		"from":[16,2,5],
		"to":[16.40,3,9],
		"rotation": {"origin": [ 8, 1, 8 ], "axis": "y", "angle": 0 },
		"faces": {
			"up":{"uv":[8,13,11,14],"texture":"#block","cullface":"east","rotation":270},
			"down":{"uv":[8,13,11,14],"texture":"#block","cullface":"east","rotation":90},
			"north":{"uv":[10,13,11,14],"texture":"#block","cullface":"east"},
			"south":{"uv":[8,13,9,14],"texture":"#block","cullface":"east"},
			"east":{"uv":[8,13,11,14],"texture":"#block","cullface":"east"}
		}
	},
	{
		"type":"cube", //East 10,14 to 11,15
		"from":[16,1,5],
		"to":[16.40,2,6],
		"rotation": {"origin": [ 8, 1, 8 ], "axis": "y", "angle": 0 },
		"faces": {
			"down":{"uv":[10,14,11,15],"texture":"#block","cullface":"east","rotation":90},
			"north":{"uv":[10,14,11,15],"texture":"#block","cullface":"east"},
			"south":{"uv":[10,14,11,15],"texture":"#block","cullface":"east"},
			"east":{"uv":[10,14,11,15],"texture":"#block","cullface":"east"}
		}
	},
	{
		"type":"cube", //East 7,15 to 10,16
		"from":[16,0.001,6],
		"to":[16.40,1,9],
		"rotation": {"origin": [ 8, 1, 8 ], "axis": "y", "angle": 0 },
		"faces": {
			"up":{"uv":[7,15,10,16],"texture":"#block","cullface":"east","rotation":270},
			"down":{"uv":[7,15,10,16],"texture":"#block","cullface":"east","rotation":90},
			"north":{"uv":[9,15,10,16],"texture":"#block","cullface":"east"},
			"south":{"uv":[7,15,8,16],"texture":"#block","cullface":"east"},
			"east":{"uv":[7,15,10,16],"texture":"#block","cullface":"east"}
		}
	},
	{
		"type":"cube", //East 6,8 to 14,9
		"from":[16,7,2],
		"to":[16.20,7.999,10],
		"rotation": {"origin": [ 8, 1, 8 ], "axis": "y", "angle": 0 },
		"faces": {
			"up":{"uv":[6,8,14,9],"texture":"#block","cullface":"east","rotation":270},
			"down":{"uv":[6,8,14,9],"texture":"#block","cullface":"east","rotation":90},
			"north":{"uv":[13,8,14,9],"texture":"#block","cullface":"east"},
			"south":{"uv":[6,8,7,9],"texture":"#block","cullface":"east"},
			"east":{"uv":[6,8,14,9],"texture":"#block","cullface":"east"}
		}
	},	
	{
		"type":"cube", //East 8,9 to 12,10
		"from":[16,6,4],
		"to":[16.20,7,8],
		"rotation": {"origin": [ 8, 1, 8 ], "axis": "y", "angle": 0 },
		"faces": {
			"down":{"uv":[8,9,12,10],"texture":"#block","cullface":"east","rotation":90},
			"north":{"uv":[11,9,12,10],"texture":"#block","cullface":"east"},
			"south":{"uv":[8,9,9,10],"texture":"#block","cullface":"east"},
			"east":{"uv":[8,9,12,10],"texture":"#block","cullface":"east"}
		}
	},
	{
		"type":"cube", //East 9,10 to 11,11
		"from":[16,5,5],
		"to":[16.20,6,7],
		"rotation": {"origin": [ 8, 1, 8 ], "axis": "y", "angle": 0 },
		"faces": {
			"down":{"uv":[9,10,11,11],"texture":"#block","cullface":"east","rotation":90},
			"north":{"uv":[10,10,11,11],"texture":"#block","cullface":"east"},
			"south":{"uv":[9,10,10,11],"texture":"#block","cullface":"east"},
			"east":{"uv":[9,10,11,11],"texture":"#block","cullface":"east"}
		}
	},
	{
		"type":"cube", //East 14,9 to 16,10
		"from":[16,6,0.001],
		"to":[16.30,7,2],
		"rotation": {"origin": [ 8, 1, 8 ], "axis": "y", "angle": 0 },
		"faces": {
			"up":{"uv":[14,9,16,10],"texture":"#block","cullface":"east","rotation":270},
			"north":{"uv":[15,9,16,10],"texture":"#block","cullface":"east"},
			"south":{"uv":[14,9,15,10],"texture":"#block","cullface":"east"},
			"east":{"uv":[14,9,16,10],"texture":"#block","cullface":"east"}
		}
	},
	{
		"type":"cube", //East 13,10 to 16,11
		"from":[16,5,0.001],
		"to":[16.30,6,3],
		"rotation": {"origin": [ 8, 1, 8 ], "axis": "y", "angle": 0 },
		"faces": {
			"up":{"uv":[13,10,16,11],"texture":"#block","cullface":"east","rotation":270},
			"north":{"uv":[15,10,16,11],"texture":"#block","cullface":"east"},
			"south":{"uv":[13,10,14,11],"texture":"#block","cullface":"east"},
			"east":{"uv":[13,10,16,11],"texture":"#block","cullface":"east"}
		}
	},
	{
		"type":"cube", //East 12,11 to 16,12
		"from":[16,4,0.001],
		"to":[16.30,5,4],
		"rotation": {"origin": [ 8, 1, 8 ], "axis": "y", "angle": 0 },
		"faces": {
			"up":{"uv":[12,11,16,12],"texture":"#block","cullface":"east","rotation":270},
			"down":{"uv":[12,11,16,12],"texture":"#block","cullface":"east","rotation":90},
			"north":{"uv":[15,11,16,12],"texture":"#block","cullface":"east"},
			"south":{"uv":[12,11,13,12],"texture":"#block","cullface":"east"},
			"east":{"uv":[12,11,16,12],"texture":"#block","cullface":"east"}
		}
	},
	{
		"type":"cube", //East 12,12 to 15,14
		"from":[16,2,1],
		"to":[16.30,4,4],
		"rotation": {"origin": [ 8, 1, 8 ], "axis": "y", "angle": 0 },
		"faces": {
			"down":{"uv":[12,12,15,13],"texture":"#block","cullface":"east","rotation":90},
			"north":{"uv":[14,12,15,14],"texture":"#block","cullface":"east"},
			"south":{"uv":[12,12,13,14],"texture":"#block","cullface":"east"},
			"east":{"uv":[12,12,15,14],"texture":"#block","cullface":"east"}
		}
	},
	{
		"type":"cube", //East 12,15 to 14,16
		"from":[16,0.001,2],
		"to":[16.40,1,4],
		"rotation": {"origin": [ 8, 1, 8 ], "axis": "y", "angle": 0 },
		"faces": {
			"up":{"uv":[12,15,14,16],"texture":"#block","cullface":"east","rotation":270},
			"down":{"uv":[12,15,14,16],"texture":"#block","cullface":"east","rotation":90},
			"north":{"uv":[13,15,14,16],"texture":"#block","cullface":"east"},
			"south":{"uv":[12,15,13,16],"texture":"#block","cullface":"east"},
			"east":{"uv":[12,15,14,16],"texture":"#block","cullface":"east"}
		}
	},
	{
		"type":"cube", //East 15,15 to 16,16
		"from":[16,0.001,0.001],
		"to":[16.30,1,1],
		"rotation": {"origin": [ 8, 1, 8 ], "axis": "y", "angle": 0 },
		"faces": {
			"up":{"uv":[15,15,16,16],"texture":"#block","cullface":"east","rotation":270},
			"down":{"uv":[15,15,16,16],"texture":"#block","cullface":"east","rotation":90},
			"north":{"uv":[15,15,16,16],"texture":"#block","cullface":"east"},
			"south":{"uv":[15,15,16,16],"texture":"#block","cullface":"east"},
			"east":{"uv":[15,15,16,16],"texture":"#block","cullface":"east"}
		}
	},
	{
		"type":"cube", //South 1,8 to 5,10
		"from":[1,6,16],
		"to":[5,7.999,16.40],
		"rotation": {"origin": [ 8, 1, 8 ], "axis": "y", "angle": 0 },
		"faces": {
			"up":{"uv":[1,8,5,9],"texture":"#block","cullface":"south"},
			"down":{"uv":[1,9,5,10],"texture":"#block","cullface":"south"},
			"south":{"uv":[1,8,5,10],"texture":"#block","cullface":"south"},
			"west":{"uv":[1,8,2,10],"texture":"#block","cullface":"south"},
			"east":{"uv":[4,8,5,10],"texture":"#block","cullface":"south"}
		}
	},	
	{
		"type":"cube", //South 2,10 to 4,11
		"from":[2,5,16],
		"to":[4,6,16.40],
		"rotation": {"origin": [ 8, 1, 8 ], "axis": "y", "angle": 0 },
		"faces": {
			"down":{"uv":[2,10,4,11],"texture":"#block","cullface":"south"},
			"south":{"uv":[2,10,4,11],"texture":"#block","cullface":"south"},
			"west":{"uv":[2,10,3,11],"texture":"#block","cullface":"south"},
			"east":{"uv":[3,10,4,11],"texture":"#block","cullface":"south"}
		}
	},
	{
		"type":"cube", //South 0,13 to 1,14
		"from":[0.001,2,16],
		"to":[1,3,16.20],
		"rotation": {"origin": [ 8, 1, 8 ], "axis": "y", "angle": 0 },
		"faces": {
			"up":{"uv":[0,13,1,14],"texture":"#block","cullface":"south"},
			"down":{"uv":[0,13,1,14],"texture":"#block","cullface":"south"},
			"south":{"uv":[0,13,1,14],"texture":"#block","cullface":"south"},
			"west":{"uv":[0,13,1,14],"texture":"#block","cullface":"south"}
		}
	},
	{
		"type":"cube", //South 1,12 to 4,14
		"from":[1,2,16],
		"to":[4,4,16.20],
		"rotation": {"origin": [ 8, 1, 8 ], "axis": "y", "angle": 0 },
		"faces": {
			"up":{"uv":[1,12,4,13],"texture":"#block","cullface":"south"},
			"south":{"uv":[1,12,4,14],"texture":"#block","cullface":"south"},
			"west":{"uv":[1,12,2,14],"texture":"#block","cullface":"south"},
			"east":{"uv":[3,12,4,14],"texture":"#block","cullface":"south"}
		}
	},
	{
		"type":"cube", //South 1,14 to 7,15
		"from":[1,1,16],
		"to":[7,2,16.20],
		"rotation": {"origin": [ 8, 1, 8 ], "axis": "y", "angle": 0 },
		"faces": {
			"up":{"uv":[1,14,7,15],"texture":"#block","cullface":"south"},
			"down":{"uv":[1,14,7,15],"texture":"#block","cullface":"south"},
			"south":{"uv":[1,14,7,15],"texture":"#block","cullface":"south"},
			"west":{"uv":[1,14,2,15],"texture":"#block","cullface":"south"},
			"east":{"uv":[6,14,7,15],"texture":"#block","cullface":"south"}
		}
	},
	{
		"type":"cube", //South 0,15 to 1,16
		"from":[0.001,0.001,16],
		"to":[1,1,16.30],
		"rotation": {"origin": [ 8, 1, 8 ], "axis": "y", "angle": 0 },
		"faces": {
			"up":{"uv":[0,15,1,16],"texture":"#block","cullface":"south"},
			"down":{"uv":[0,15,1,16],"texture":"#block","cullface":"south"},
			"south":{"uv":[0,15,1,16],"texture":"#block","cullface":"south"},
			"west":{"uv":[0,15,1,16],"texture":"#block","cullface":"south"},
			"east":{"uv":[0,15,1,16],"texture":"#block","cullface":"south"}
		}
	},
	{
		"type":"cube", //South 2,15 to 5,16
		"from":[2,0.001,16],
		"to":[5,1,16.20],
		"rotation": {"origin": [ 8, 1, 8 ], "axis": "y", "angle": 0 },
		"faces": {
			"down":{"uv":[2,15,5,16],"texture":"#block","cullface":"south"},
			"south":{"uv":[2,15,5,16],"texture":"#block","cullface":"south"},
			"west":{"uv":[2,15,3,16],"texture":"#block","cullface":"south"},
			"east":{"uv":[4,15,5,16],"texture":"#block","cullface":"south"}
		}
	},
	{
		"type":"cube", //South 5,11 to 9,12
		"from":[5,4,16],
		"to":[9,5,16.40],
		"rotation": {"origin": [ 8, 1, 8 ], "axis": "y", "angle": 0 },
		"faces": {
			"up":{"uv":[5,11,9,12],"texture":"#block","cullface":"south"},
			"south":{"uv":[5,11,9,12],"texture":"#block","cullface":"south"},
			"west":{"uv":[5,11,6,12],"texture":"#block","cullface":"south"},
			"east":{"uv":[8,11,9,12],"texture":"#block","cullface":"south"}
		}
	},
	{
		"type":"cube", //South 5,11 to 10,12
		"from":[5,3,16],
		"to":[10,4,16.40],
		"rotation": {"origin": [ 8, 1, 8 ], "axis": "y", "angle": 0 },
		"faces": {
			"up":{"uv":[5,12,10,13],"texture":"#block","cullface":"south"},
			"down":{"uv":[5,12,10,13],"texture":"#block","cullface":"south"},
			"south":{"uv":[5,12,10,13],"texture":"#block","cullface":"south"},
			"west":{"uv":[5,12,10,13],"texture":"#block","cullface":"south"},
			"east":{"uv":[9,12,10,13],"texture":"#block","cullface":"south"}
		}
	},
	{
		"type":"cube", //South 8,13 to 11,14
		"from":[7,2,16],
		"to":[11,3,16.40],
		"rotation": {"origin": [ 8, 1, 8 ], "axis": "y", "angle": 0 },
		"faces": {
			"up":{"uv":[8,13,11,14],"texture":"#block","cullface":"south"},
			"down":{"uv":[8,13,11,14],"texture":"#block","cullface":"south"},
			"south":{"uv":[8,13,11,14],"texture":"#block","cullface":"south"},
			"west":{"uv":[8,13,9,14],"texture":"#block","cullface":"south"},
			"east":{"uv":[10,13,11,14],"texture":"#block","cullface":"south"}
		}
	},
	{
		"type":"cube", //South 10,14 to 11,15
		"from":[10,1,16],
		"to":[11,2,16.40],
		"rotation": {"origin": [ 8, 1, 8 ], "axis": "y", "angle": 0 },
		"faces": {
			"down":{"uv":[10,14,11,15],"texture":"#block","cullface":"south"},
			"south":{"uv":[10,14,11,15],"texture":"#block","cullface":"south"},
			"west":{"uv":[10,14,11,15],"texture":"#block","cullface":"south"},
			"east":{"uv":[10,14,11,15],"texture":"#block","cullface":"south"}
		}
	},
	{
		"type":"cube", //South 7,15 to 10,16
		"from":[7,0.001,16],
		"to":[10,1,16.40],
		"rotation": {"origin": [ 8, 1, 8 ], "axis": "y", "angle": 0 },
		"faces": {
			"up":{"uv":[7,15,10,16],"texture":"#block","cullface":"south"},
			"down":{"uv":[7,15,10,16],"texture":"#block","cullface":"south"},
			"south":{"uv":[7,15,10,16],"texture":"#block","cullface":"south"},
			"west":{"uv":[7,15,8,16],"texture":"#block","cullface":"south"},
			"east":{"uv":[9,15,10,16],"texture":"#block","cullface":"south"}
		}
	},
	{
		"type":"cube", //South 6,8 to 14,9
		"from":[6,7,16],
		"to":[14,7.999,16.20],
		"rotation": {"origin": [ 8, 1, 8 ], "axis": "y", "angle": 0 },
		"faces": {
			"up":{"uv":[6,8,14,9],"texture":"#block","cullface":"south"},
			"down":{"uv":[6,8,14,9],"texture":"#block","cullface":"south"},
			"south":{"uv":[6,8,14,9],"texture":"#block","cullface":"south"},
			"west":{"uv":[6,8,7,9],"texture":"#block","cullface":"south"},
			"east":{"uv":[13,8,14,9],"texture":"#block","cullface":"south"}
		}
	},
	{
		"type":"cube", //South 8,9 to 12,10
		"from":[8,6,16],
		"to":[12,7,16.20],
		"rotation": {"origin": [ 8, 1, 8 ], "axis": "y", "angle": 0 },
		"faces": {
			"up":{"uv":[8,9,12,10],"texture":"#block","cullface":"south"},
			"down":{"uv":[8,9,12,10],"texture":"#block","cullface":"south"},
			"south":{"uv":[8,9,12,10],"texture":"#block","cullface":"south"},
			"west":{"uv":[8,9,9,10],"texture":"#block","cullface":"south"},
			"east":{"uv":[11,9,12,10],"texture":"#block","cullface":"south"}
		}
	},
	{
		"type":"cube", //South 9,10 to 11,11
		"from":[9,5,16],
		"to":[11,6,16.20],
		"rotation": {"origin": [ 8, 1, 8 ], "axis": "y", "angle": 0 },
		"faces": {
			"down":{"uv":[9,10,11,11],"texture":"#block","cullface":"south"},
			"south":{"uv":[9,10,11,11],"texture":"#block","cullface":"south"},
			"west":{"uv":[9,10,10,11],"texture":"#block","cullface":"south"},
			"east":{"uv":[10,10,11,11],"texture":"#block","cullface":"south"}
		}
	},
	{
		"type":"cube", //South 14,9 to 16,10
		"from":[14,6,16],
		"to":[15.999,7,16.30],
		"rotation": {"origin": [ 8, 1, 8 ], "axis": "y", "angle": 0 },
		"faces": {
			"up":{"uv":[14,9,16,10],"texture":"#block","cullface":"south"},
			"south":{"uv":[14,9,16,10],"texture":"#block","cullface":"south"},
			"west":{"uv":[14,9,15,10],"texture":"#block","cullface":"south"},
			"east":{"uv":[15,9,16,10],"texture":"#block","cullface":"south"}
		}
	},
	{
		"type":"cube", //South 13,10 to 16,11
		"from":[13,5,16],
		"to":[15.999,6,16.30],
		"rotation": {"origin": [ 8, 1, 8 ], "axis": "y", "angle": 0 },
		"faces": {
			"up":{"uv":[13,10,16,11],"texture":"#block","cullface":"south"},
			"south":{"uv":[13,10,16,11],"texture":"#block","cullface":"south"},
			"west":{"uv":[13,10,14,11],"texture":"#block","cullface":"south"},
			"east":{"uv":[15,10,16,11],"texture":"#block","cullface":"south"}
		}
	},
	{
		"type":"cube", //South 12,11 to 16,12
		"from":[12,4,16],
		"to":[15.999,5,16.30],
		"rotation": {"origin": [ 8, 1, 8 ], "axis": "y", "angle": 0 },
		"faces": {
			"up":{"uv":[12,11,16,12],"texture":"#block","cullface":"south"},
			"down":{"uv":[12,11,16,12],"texture":"#block","cullface":"south"},
			"south":{"uv":[12,11,16,12],"texture":"#block","cullface":"south"},
			"west":{"uv":[12,11,13,12],"texture":"#block","cullface":"south"},
			"east":{"uv":[15,11,16,12],"texture":"#block","cullface":"south"}
		}
	},
	{
		"type":"cube", //South 12,12 to 15,14
		"from":[12,2,16],
		"to":[15,4,16.30],
		"rotation": {"origin": [ 8, 1, 8 ], "axis": "y", "angle": 0 },
		"faces": {
			"down":{"uv":[12,13,15,14],"texture":"#block","cullface":"south"},
			"south":{"uv":[12,12,15,14],"texture":"#block","cullface":"south"},
			"west":{"uv":[12,12,13,14],"texture":"#block","cullface":"south"},
			"east":{"uv":[14,12,15,14],"texture":"#block","cullface":"south"}
		}
	},
	{
		"type":"cube", //South 12,15 to 14,16
		"from":[12,0.001,16],
		"to":[14,1,16.40],
		"rotation": {"origin": [ 8, 1, 8 ], "axis": "y", "angle": 0 },
		"faces": {
			"up":{"uv":[12,15,14,16],"texture":"#block","cullface":"south"},
			"down":{"uv":[12,15,14,16],"texture":"#block","cullface":"south"},
			"south":{"uv":[12,15,14,16],"texture":"#block","cullface":"south"},
			"west":{"uv":[12,15,13,16],"texture":"#block","cullface":"south"},
			"east":{"uv":[13,15,14,16],"texture":"#block","cullface":"south"}
		}
	},
	{
		"type":"cube", //South 15,15 to 16,16
		"from":[15,0.001,16],
		"to":[15.999,1,16.30],
		"rotation": {"origin": [ 8, 1, 8 ], "axis": "y", "angle": 0 },
		"faces": {
			"up":{"uv":[15,15,16,16],"texture":"#block","cullface":"south"},
			"down":{"uv":[15,15,16,16],"texture":"#block","cullface":"south"},
			"south":{"uv":[15,15,16,16],"texture":"#block","cullface":"south"},
			"west":{"uv":[15,15,16,16],"texture":"#block","cullface":"south"},
			"east":{"uv":[15,15,16,16],"texture":"#block","cullface":"south"}
		}
	},
	{
		"type":"cube", //West 1,8 to 5,10
		"from":[-0.40,6,1],
		"to":[0,7.999,5],
		"rotation": {"origin": [ 8, 1, 8 ], "axis": "y", "angle": 0 },
		"faces": {
			"up":{"uv":[1,8,5,9],"texture":"#block","cullface":"west","rotation":90},
			"down":{"uv":[1,9,5,10],"texture":"#block","cullface":"west","rotation":270},
			"north":{"uv":[1,8,2,10],"texture":"#block","cullface":"west"},
			"south":{"uv":[4,8,5,10],"texture":"#block","cullface":"west"},
			"west":{"uv":[1,8,5,10],"texture":"#block","cullface":"west"}
		}
	},
	{
		"type":"cube", //West 2,10 to 4,11
		"from":[-0.40,5,2],
		"to":[0,6,4],
		"rotation": {"origin": [ 8, 1, 8 ], "axis": "y", "angle": 0 },
		"faces": {
			"down":{"uv":[2,10,4,11],"texture":"#block","cullface":"west","rotation":270},
			"north":{"uv":[2,10,3,11],"texture":"#block","cullface":"west"},
			"south":{"uv":[3,10,4,11],"texture":"#block","cullface":"west"},
			"west":{"uv":[2,10,4,11],"texture":"#block","cullface":"west"}
		}
	},
	{
		"type":"cube", //West 0,13 to 1,14
		"from":[-0.20,2,0.001],
		"to":[0,3,1],
		"rotation": {"origin": [ 8, 1, 8 ], "axis": "y", "angle": 0 },
		"faces": {
			"up":{"uv":[0,13,1,14],"texture":"#block","cullface":"west","rotation":90},
			"down":{"uv":[0,13,1,14],"texture":"#block","cullface":"west","rotation":270},
			"north":{"uv":[0,13,1,14],"texture":"#block","cullface":"west"},
			"west":{"uv":[0,13,1,14],"texture":"#block","cullface":"west"}
		}
	},
	{
		"type":"cube", //West 1,12 to 4,14
		"from":[-0.20,2,1],
		"to":[0,4,4],
		"rotation": {"origin": [ 8, 1, 8 ], "axis": "y", "angle": 0 },
		"faces": {
			"up":{"uv":[1,12,4,13],"texture":"#block","cullface":"west","rotation":90},
			"north":{"uv":[1,12,2,14],"texture":"#block","cullface":"west"},
			"south":{"uv":[3,12,4,14],"texture":"#block","cullface":"west"},
			"west":{"uv":[1,12,4,14],"texture":"#block","cullface":"west"}
		}
	},
	{
		"type":"cube", //West 1,14 to 7,15
		"from":[-0.20,1,1],
		"to":[0,2,7],
		"rotation": {"origin": [ 8, 1, 8 ], "axis": "y", "angle": 0 },
		"faces": {
			"up":{"uv":[1,14,7,15],"texture":"#block","cullface":"west","rotation":90},
			"down":{"uv":[1,14,7,15],"texture":"#block","cullface":"west","rotation":270},
			"north":{"uv":[1,14,2,15],"texture":"#block","cullface":"west"},
			"south":{"uv":[6,14,7,15],"texture":"#block","cullface":"west"},
			"west":{"uv":[1,14,7,15],"texture":"#block","cullface":"west"}
		}
	},
	{
		"type":"cube", //West 0,15 to 1,16
		"from":[-0.30,0.001,0.001],
		"to":[0,1,1],
		"rotation": {"origin": [ 8, 1, 8 ], "axis": "y", "angle": 0 },
		"faces": {
			"up":{"uv":[0,15,1,16],"texture":"#block","cullface":"west","rotation":90},
			"down":{"uv":[0,15,1,16],"texture":"#block","cullface":"west","rotation":270},
			"north":{"uv":[0,15,1,16],"texture":"#block","cullface":"west"},
			"south":{"uv":[0,15,1,16],"texture":"#block","cullface":"west"},
			"west":{"uv":[0,15,1,16],"texture":"#block","cullface":"west"}
		}
	},
	{
		"type":"cube", //West 2,15 to 5,16
		"from":[-0.20,0.001,2],
		"to":[0,1,5],
		"rotation": {"origin": [ 8, 1, 8 ], "axis": "y", "angle": 0 },
		"faces": {
			"down":{"uv":[2,15,5,16],"texture":"#block","cullface":"west","rotation":270},
			"north":{"uv":[2,15,3,16],"texture":"#block","cullface":"west"},
			"south":{"uv":[4,15,5,16],"texture":"#block","cullface":"west"},
			"west":{"uv":[2,15,5,16],"texture":"#block","cullface":"west"}
		}
	},
	{
		"type":"cube", //West 5,11 to 9,12
		"from":[-0.40,4,5],
		"to":[0,5,9],
		"rotation": {"origin": [ 8, 1, 8 ], "axis": "y", "angle": 0 },
		"faces": {
			"up":{"uv":[5,11,9,12],"texture":"#block","cullface":"west","rotation":90},
			"north":{"uv":[5,11,6,12],"texture":"#block","cullface":"west"},
			"south":{"uv":[8,11,9,12],"texture":"#block","cullface":"west"},
			"west":{"uv":[5,11,9,12],"texture":"#block","cullface":"west"}
		}
	},
	{
		"type":"cube", //West 5,11 to 10,12
		"from":[-0.40,3,5],
		"to":[0,4,10],
		"rotation": {"origin": [ 8, 1, 8 ], "axis": "y", "angle": 0 },
		"faces": {
			"up":{"uv":[5,12,10,13],"texture":"#block","cullface":"west","rotation":90},
			"down":{"uv":[5,12,10,13],"texture":"#block","cullface":"west","rotation":270},
			"north":{"uv":[5,12,6,13],"texture":"#block","cullface":"west"},
			"south":{"uv":[9,12,10,13],"texture":"#block","cullface":"west"},
			"west":{"uv":[5,12,10,13],"texture":"#block","cullface":"west"}
		}
	},
	{
		"type":"cube", //West 8,13 to 11,14
		"from":[-0.40,2,7],
		"to":[0,3,11],
		"rotation": {"origin": [ 8, 1, 8 ], "axis": "y", "angle": 0 },
		"faces": {
			"up":{"uv":[8,13,11,14],"texture":"#block","cullface":"west","rotation":90},
			"down":{"uv":[8,13,11,14],"texture":"#block","cullface":"west","rotation":270},
			"north":{"uv":[8,13,9,14],"texture":"#block","cullface":"west"},
			"south":{"uv":[10,13,11,14],"texture":"#block","cullface":"west"},
			"west":{"uv":[8,13,11,14],"texture":"#block","cullface":"west"}
		}
	},
	{
		"type":"cube", //West 10,14 to 11,15
		"from":[-0.40,1,10],
		"to":[0,2,11],
		"rotation": {"origin": [ 8, 1, 8 ], "axis": "y", "angle": 0 },
		"faces": {
			"down":{"uv":[10,14,11,15],"texture":"#block","cullface":"west","rotation":270},
			"north":{"uv":[10,14,11,15],"texture":"#block","cullface":"west"},
			"south":{"uv":[10,14,11,15],"texture":"#block","cullface":"west"},
			"west":{"uv":[10,14,11,15],"texture":"#block","cullface":"west"}
		}
	},
	{
		"type":"cube", //West 7,15 to 10,16
		"from":[-0.40,0.001,7],
		"to":[0,1,10],
		"rotation": {"origin": [ 8, 1, 8 ], "axis": "y", "angle": 0 },
		"faces": {
			"up":{"uv":[7,15,10,16],"texture":"#block","cullface":"west","rotation":90},
			"down":{"uv":[7,15,10,16],"texture":"#block","cullface":"west","rotation":270},
			"north":{"uv":[7,15,8,16],"texture":"#block","cullface":"west"},
			"south":{"uv":[9,15,10,16],"texture":"#block","cullface":"west"},
			"west":{"uv":[7,15,10,16],"texture":"#block","cullface":"west"}
		}
	},
	{
		"type":"cube", //West 6,8 to 14,9
		"from":[-0.20,7,6],
		"to":[0,7.999,14],
		"rotation": {"origin": [ 8, 1, 8 ], "axis": "y", "angle": 0 },
		"faces": {
			"up":{"uv":[6,8,14,9],"texture":"#block","cullface":"west","rotation":90},
			"down":{"uv":[6,8,14,9],"texture":"#block","cullface":"west","rotation":270},
			"north":{"uv":[6,8,7,9],"texture":"#block","cullface":"west"},
			"south":{"uv":[13,8,14,9],"texture":"#block","cullface":"west"},
			"west":{"uv":[6,8,14,9],"texture":"#block","cullface":"west"}
		}
	},
	{
		"type":"cube", //West 8,9 to 12,10
		"from":[-0.20,6,8],
		"to":[0,7,12],
		"rotation": {"origin": [ 8, 1, 8 ], "axis": "y", "angle": 0 },
		"faces": {
			"down":{"uv":[8,9,12,10],"texture":"#block","cullface":"west","rotation":270},
			"north":{"uv":[8,9,9,10],"texture":"#block","cullface":"west"},
			"south":{"uv":[11,9,12,10],"texture":"#block","cullface":"west"},
			"west":{"uv":[8,9,12,10],"texture":"#block","cullface":"west"}
		}
	},
	{
		"type":"cube", //West 9,10 to 11,11
		"from":[-0.20,5,9],
		"to":[0,6,11],
		"rotation": {"origin": [ 8, 1, 8 ], "axis": "y", "angle": 0 },
		"faces": {
			"down":{"uv":[9,10,11,11],"texture":"#block","cullface":"west","rotation":270},
			"north":{"uv":[9,10,10,11],"texture":"#block","cullface":"west"},
			"south":{"uv":[10,10,11,11],"texture":"#block","cullface":"west"},
			"west":{"uv":[9,10,11,11],"texture":"#block","cullface":"west"}
		}
	},
	{
		"type":"cube", //West 14,9 to 16,10
		"from":[-0.30,6,14],
		"to":[0,7,15.999],
		"rotation": {"origin": [ 8, 1, 8 ], "axis": "y", "angle": 0 },
		"faces": {
			"up":{"uv":[14,9,16,10],"texture":"#block","cullface":"west","rotation":90},
			"north":{"uv":[14,9,15,10],"texture":"#block","cullface":"west"},
			"south":{"uv":[15,9,16,10],"texture":"#block","cullface":"west"},
			"west":{"uv":[14,9,16,10],"texture":"#block","cullface":"west"}
		}
	},
	{
		"type":"cube", //West 13,10 to 16,11
		"from":[-0.30,5,13],
		"to":[0,6,15.999],
		"rotation": {"origin": [ 8, 1, 8 ], "axis": "y", "angle": 0 },
		"faces": {
			"up":{"uv":[13,10,16,11],"texture":"#block","cullface":"west","rotation":90},
			"north":{"uv":[13,10,14,11],"texture":"#block","cullface":"west"},
			"south":{"uv":[15,10,16,11],"texture":"#block","cullface":"west"},
			"west":{"uv":[13,10,16,11],"texture":"#block","cullface":"west"}
		}
	},
	{
		"type":"cube", //West 12,11 to 16,12
		"from":[-0.30,4,12],
		"to":[0,5,15.999],
		"rotation": {"origin": [ 8, 1, 8 ], "axis": "y", "angle": 0 },
		"faces": {
			"up":{"uv":[12,11,16,12],"texture":"#block","cullface":"west","rotation":90},
			"down":{"uv":[12,11,16,12],"texture":"#block","cullface":"west","rotation":270},
			"north":{"uv":[12,11,13,12],"texture":"#block","cullface":"west"},
			"south":{"uv":[15,11,16,12],"texture":"#block","cullface":"west"},
			"west":{"uv":[12,11,16,12],"texture":"#block","cullface":"west"}
		}
	},
	{
		"type":"cube", //West 12,12 to 15,14
		"from":[-0.30,2,12],
		"to":[0,4,15],
		"rotation": {"origin": [ 8, 1, 8 ], "axis": "y", "angle": 0 },
		"faces": {
			"down":{"uv":[12,13,15,14],"texture":"#block","cullface":"west","rotation":270},
			"north":{"uv":[12,12,13,14],"texture":"#block","cullface":"west"},
			"south":{"uv":[14,12,15,14],"texture":"#block","cullface":"west"},
			"west":{"uv":[12,12,15,14],"texture":"#block","cullface":"west"}
		}
	},
	{
		"type":"cube", //West 12,15 to 14,16
		"from":[-0.40,0.001,12],
		"to":[0,1,14],
		"rotation": {"origin": [ 8, 1, 8 ], "axis": "y", "angle": 0 },
		"faces": {
			"up":{"uv":[12,15,14,16],"texture":"#block","cullface":"west","rotation":90},
			"down":{"uv":[12,15,14,16],"texture":"#block","cullface":"west","rotation":270},
			"north":{"uv":[12,15,13,16],"texture":"#block","cullface":"west"},
			"south":{"uv":[13,15,14,16],"texture":"#block","cullface":"west"},
			"west":{"uv":[12,15,14,16],"texture":"#block","cullface":"west"}
		}
	},
	{
		"type":"cube", //West 15,15 to 16,16
		"from":[-0.30,0.001,15],
		"to":[0,1,15.999],
		"rotation": {"origin": [ 8, 1, 8 ], "axis": "y", "angle": 0 },
		"faces": {
			"up":{"uv":[15,15,16,16],"texture":"#block","cullface":"west","rotation":90},
			"down":{"uv":[15,15,16,16],"texture":"#block","cullface":"west","rotation":270},
			"north":{"uv":[15,15,16,16],"texture":"#block","cullface":"west"},
			"south":{"uv":[15,15,16,16],"texture":"#block","cullface":"west"},
			"west":{"uv":[15,15,16,16],"texture":"#block","cullface":"west"}
		}
	},
	{
		"type":"cube", //Bottom 0,0 to 1,2
		"from":[0.001,-0.30,14],
		"to":[1,0,15.999],
		"rotation": {"origin": [ 8, 1, 8 ], "axis": "y", "angle": 0 },
		"faces": {
			"down":{"uv":[0,0,1,2],"texture":"#block","cullface":"down"},
			"north":{"uv":[0,1,1,2],"texture":"#block","cullface":"down","rotation":180},
			"south":{"uv":[0,0,1,1],"texture":"#block","cullface":"down"},
			"west":{"uv":[0,0,1,2],"texture":"#block","cullface":"down","rotation":90},
			"east":{"uv":[0,0,1,2],"texture":"#block","cullface":"down","rotation":270}
		}
	},
	{
		"type":"cube", //Bottom 0,4 to 2,5
		"from":[0.001,-0.40,11],
		"to":[2,0,12],
		"rotation": {"origin": [ 8, 1, 8 ], "axis": "y", "angle": 0 },
		"faces": {
			"down":{"uv":[0,4,2,5],"texture":"#block","cullface":"down"},
			"north":{"uv":[0,4,2,5],"texture":"#block","cullface":"down","rotation":180},
			"south":{"uv":[0,4,2,5],"texture":"#block","cullface":"down"},
			"west":{"uv":[0,4,1,5],"texture":"#block","cullface":"down","rotation":90},
			"east":{"uv":[1,4,2,5],"texture":"#block","cullface":"down","rotation":270}
		}
	},
	{
		"type":"cube", //Bottom 0,4 to 1,6
		"from":[0.001,-0.40,10],
		"to":[1,0,11],
		"rotation": {"origin": [ 8, 1, 8 ], "axis": "y", "angle": 0 },
		"faces": {
			"down":{"uv":[0,5,1,6],"texture":"#block","cullface":"down"},
			"north":{"uv":[0,5,1,6],"texture":"#block","cullface":"down","rotation":180},
			"west":{"uv":[0,5,1,6],"texture":"#block","cullface":"down","rotation":90},
			"east":{"uv":[0,5,1,6],"texture":"#block","cullface":"down","rotation":270}
		}
	},
	{
		"type":"cube", //Bottom 1,8 to 5,10
		"from":[1,-0.40,6],
		"to":[5,0,8],
		"rotation": {"origin": [ 8, 1, 8 ], "axis": "y", "angle": 0 },
		"faces": {
			"down":{"uv":[1,8,5,10],"texture":"#block","cullface":"down"},
			"north":{"uv":[1,9,5,10],"texture":"#block","cullface":"down","rotation":180},
			"south":{"uv":[1,8,5,9],"texture":"#block","cullface":"down"},
			"west":{"uv":[1,8,2,10],"texture":"#block","cullface":"down","rotation":90},
			"east":{"uv":[4,8,5,10],"texture":"#block","cullface":"down","rotation":270}
		}
	},
	{
		"type":"cube", //Bottom 1,8 to 5,10
		"from":[1,-0.40,6],
		"to":[5,0,8],
		"rotation": {"origin": [ 8, 1, 8 ], "axis": "y", "angle": 0 },
		"faces": {
			"down":{"uv":[1,8,5,10],"texture":"#block","cullface":"down"},
			"north":{"uv":[1,9,5,10],"texture":"#block","cullface":"down","rotation":180},
			"south":{"uv":[1,8,5,9],"texture":"#block","cullface":"down"},
			"west":{"uv":[1,8,2,10],"texture":"#block","cullface":"down","rotation":90},
			"east":{"uv":[4,8,5,10],"texture":"#block","cullface":"down","rotation":270}
		}
	},
	{
		"type":"cube", //Bottom 2,10 to 4,11
		"from":[2,-0.40,5],
		"to":[4,0,6],
		"rotation": {"origin": [ 8, 1, 8 ], "axis": "y", "angle": 0 },
		"faces": {
			"down":{"uv":[2,10,4,11],"texture":"#block","cullface":"down"},
			"north":{"uv":[2,10,4,11],"texture":"#block","cullface":"down","rotation":180},
			"west":{"uv":[2,10,3,11],"texture":"#block","cullface":"down","rotation":90},
			"east":{"uv":[3,10,4,11],"texture":"#block","cullface":"down","rotation":270}
		}
	},
	{
		"type":"cube", //Bottom 0,13 to 1,14
		"from":[0.001,-0.20,2],
		"to":[1,0,3],
		"rotation": {"origin": [ 8, 1, 8 ], "axis": "y", "angle": 0 },
		"faces": {
			"down":{"uv":[0,13,1,14],"texture":"#block","cullface":"down"},
			"north":{"uv":[0,13,1,14],"texture":"#block","cullface":"down","rotation":180},
			"south":{"uv":[0,13,1,14],"texture":"#block","cullface":"down"},
			"west":{"uv":[0,13,1,14],"texture":"#block","cullface":"down","rotation":90}
		}
	},
	{
		"type":"cube", //Bottom 1,12 to 4,14
		"from":[1,-0.20,2],
		"to":[4,0,4],
		"rotation": {"origin": [ 8, 1, 8 ], "axis": "y", "angle": 0 },
		"faces": {
			"down":{"uv":[1,12,4,14],"texture":"#block","cullface":"down"},
			"south":{"uv":[1,12,4,13],"texture":"#block","cullface":"down"},
			"west":{"uv":[1,12,2,14],"texture":"#block","cullface":"down","rotation":90},
			"east":{"uv":[3,12,4,14],"texture":"#block","cullface":"down","rotation":270}
		}
	},
	{
		"type":"cube", //Bottom 1,14 to 7,15
		"from":[1,-0.20,1],
		"to":[7,0,2],
		"rotation": {"origin": [ 8, 1, 8 ], "axis": "y", "angle": 0 },
		"faces": {
			"down":{"uv":[1,14,7,15],"texture":"#block","cullface":"down"},
			"north":{"uv":[1,14,7,15],"texture":"#block","cullface":"down","rotation":180},
			"south":{"uv":[1,14,7,15],"texture":"#block","cullface":"down"},
			"west":{"uv":[1,14,2,15],"texture":"#block","cullface":"down","rotation":90},
			"east":{"uv":[6,14,7,15],"texture":"#block","cullface":"down","rotation":270}
		}
	},
	{
		"type":"cube", //Bottom 0,15 to 1,16
		"from":[0.001,-0.30,0.001],
		"to":[1,0,1],
		"rotation": {"origin": [ 8, 1, 8 ], "axis": "y", "angle": 0 },
		"faces": {
			"down":{"uv":[0,15,1,16],"texture":"#block","cullface":"down"},
			"north":{"uv":[0,15,1,16],"texture":"#block","cullface":"down","rotation":180},
			"south":{"uv":[0,15,1,16],"texture":"#block","cullface":"down"},
			"west":{"uv":[0,15,1,16],"texture":"#block","cullface":"down","rotation":90},
			"east":{"uv":[0,15,1,16],"texture":"#block","cullface":"down","rotation":270}
		}
	},
	{
		"type":"cube", //Bottom 2,15 to 5,16
		"from":[2,-0.20,0.001],
		"to":[5,0,1],
		"rotation": {"origin": [ 8, 1, 8 ], "axis": "y", "angle": 0 },
		"faces": {
			"down":{"uv":[2,15,5,16],"texture":"#block","cullface":"down"},
			"north":{"uv":[2,15,5,16],"texture":"#block","cullface":"down","rotation":180},
			"west":{"uv":[2,15,3,16],"texture":"#block","cullface":"down","rotation":90},
			"east":{"uv":[4,15,5,16],"texture":"#block","cullface":"down","rotation":270}
		}
	},
	{
		"type":"cube", //Bottom 1,2 to 2,3
		"from":[1,-0.20,13],
		"to":[2,0,14],
		"rotation": {"origin": [ 8, 1, 8 ], "axis": "y", "angle": 0 },
		"faces": {
			"down":{"uv":[1,2,2,3],"texture":"#block","cullface":"down"},
			"north":{"uv":[1,2,2,3],"texture":"#block","cullface":"down","rotation":180},
			"south":{"uv":[1,2,2,3],"texture":"#block","cullface":"down"},
			"west":{"uv":[1,2,2,3],"texture":"#block","cullface":"down","rotation":90}
		}
	},
	{
		"type":"cube", //Bottom 2,1 to 3,4
		"from":[2,-0.20,12],
		"to":[3,0,15],
		"rotation": {"origin": [ 8, 1, 8 ], "axis": "y", "angle": 0 },
		"faces": {
			"down":{"uv":[2,1,3,4],"texture":"#block","cullface":"down"},
			"north":{"uv":[2,3,3,4],"texture":"#block","cullface":"down","rotation":180},
			"south":{"uv":[2,1,3,2],"texture":"#block","cullface":"down"},
			"west":{"uv":[2,1,3,4],"texture":"#block","cullface":"down","rotation":90}
		}
	},
	{
		"type":"cube", //Bottom 3,0 to 5,4
		"from":[3,-0.20,12],
		"to":[5,0,15.999],
		"rotation": {"origin": [ 8, 1, 8 ], "axis": "y", "angle": 0 },
		"faces": {
			"down":{"uv":[3,0,5,4],"texture":"#block","cullface":"down"},
			"north":{"uv":[3,3,5,4],"texture":"#block","cullface":"down","rotation":180},
			"south":{"uv":[3,0,5,1],"texture":"#block","cullface":"down"},
			"west":{"uv":[3,0,4,4],"texture":"#block","cullface":"down","rotation":90},
			"east":{"uv":[4,0,5,4],"texture":"#block","cullface":"down","rotation":270}
		}
	},
	{
		"type":"cube", //Bottom 5,0 to 6,1
		"from":[5,-0.20,15],
		"to":[6,0,15.999],
		"rotation": {"origin": [ 8, 1, 8 ], "axis": "y", "angle": 0 },
		"faces": {
			"down":{"uv":[5,0,6,1],"texture":"#block","cullface":"down"},
			"north":{"uv":[5,0,6,1],"texture":"#block","cullface":"down","rotation":180},
			"south":{"uv":[5,0,6,1],"texture":"#block","cullface":"down"},
			"east":{"uv":[5,0,6,1],"texture":"#block","cullface":"down","rotation":270}
		}
	},
	{
		"type":"cube", //Bottom 3,5 to 6,6
		"from":[3,-0.30,10],
		"to":[6,0,11],
		"rotation": {"origin": [ 8, 1, 8 ], "axis": "y", "angle": 0 },
		"faces": {
			"down":{"uv":[3,5,6,6],"texture":"#block","cullface":"down"},
			"south":{"uv":[3,5,6,6],"texture":"#block","cullface":"down"},
			"west":{"uv":[3,5,4,6],"texture":"#block","cullface":"down","rotation":90},
			"east":{"uv":[5,5,6,6],"texture":"#block","cullface":"down","rotation":270}
		}
	},
	{
		"type":"cube", //Bottom 3,6 to 7,7
		"from":[3,-0.30,9],
		"to":[7,0,10],
		"rotation": {"origin": [ 8, 1, 8 ], "axis": "y", "angle": 0 },
		"faces": {
			"down":{"uv":[3,6,7,7],"texture":"#block","cullface":"down"},
			"north":{"uv":[3,6,7,7],"texture":"#block","cullface":"down","rotation":180},
			"south":{"uv":[3,6,7,7],"texture":"#block","cullface":"down"},
			"west":{"uv":[3,6,4,7],"texture":"#block","cullface":"down","rotation":90},
			"east":{"uv":[6,6,7,7],"texture":"#block","cullface":"down","rotation":270}
		}
	},
	{
		"type":"cube", //Bottom 5,11 to 9,12
		"from":[5,-0.40,4],
		"to":[9,0,5],
		"rotation": {"origin": [ 8, 1, 8 ], "axis": "y", "angle": 0 },
		"faces": {
			"down":{"uv":[5,11,9,12],"texture":"#block","cullface":"down"},
			"south":{"uv":[5,11,9,12],"texture":"#block","cullface":"down"},
			"west":{"uv":[5,11,6,12],"texture":"#block","cullface":"down","rotation":90},
			"east":{"uv":[8,11,9,12],"texture":"#block","cullface":"down","rotation":270}
		}
	},
	{
		"type":"cube", //Bottom 5,11 to 10,12
		"from":[5,-0.40,3],
		"to":[10,0,4],
		"rotation": {"origin": [ 8, 1, 8 ], "axis": "y", "angle": 0 },
		"faces": {
			"down":{"uv":[5,12,10,13],"texture":"#block","cullface":"down"},
			"north":{"uv":[5,12,10,13],"texture":"#block","cullface":"down","rotation":180},
			"south":{"uv":[5,12,10,13],"texture":"#block","cullface":"down"},
			"west":{"uv":[5,12,6,13],"texture":"#block","cullface":"down","rotation":90},
			"east":{"uv":[9,12,10,13],"texture":"#block","cullface":"down","rotation":270}
		}
	},
	{
		"type":"cube", //Bottom 8,13 to 11,14
		"from":[7,-0.40,2],
		"to":[11,0,3],
		"rotation": {"origin": [ 8, 1, 8 ], "axis": "y", "angle": 0 },
		"faces": {
			"down":{"uv":[8,13,11,14],"texture":"#block","cullface":"down"},
			"north":{"uv":[8,13,11,14],"texture":"#block","cullface":"down","rotation":180},
			"south":{"uv":[8,13,11,14],"texture":"#block","cullface":"down"},
			"west":{"uv":[8,13,9,14],"texture":"#block","cullface":"down","rotation":90},
			"east":{"uv":[10,13,11,14],"texture":"#block","cullface":"down","rotation":270}
		}
	},
	{
		"type":"cube", //Bottom 10,14 to 11,15
		"from":[10,-0.40,1],
		"to":[11,0,2],
		"rotation": {"origin": [ 8, 1, 8 ], "axis": "y", "angle": 0 },
		"faces": {
			"down":{"uv":[10,14,11,15],"texture":"#block","cullface":"down"},
			"north":{"uv":[10,14,11,15],"texture":"#block","cullface":"down","rotation":180},
			"west":{"uv":[10,14,11,15],"texture":"#block","cullface":"down","rotation":90},
			"east":{"uv":[10,14,11,15],"texture":"#block","cullface":"down","rotation":270}
		}
	},
	{
		"type":"cube", //Bottom 7,15 to 10,16
		"from":[7,-0.40,0.001],
		"to":[10,0,1],
		"rotation": {"origin": [ 8, 1, 8 ], "axis": "y", "angle": 0 },
		"faces": {
			"down":{"uv":[7,15,10,16],"texture":"#block","cullface":"down"},
			"north":{"uv":[7,15,10,16],"texture":"#block","cullface":"down","rotation":180},
			"south":{"uv":[7,15,10,16],"texture":"#block","cullface":"down"},
			"west":{"uv":[7,15,8,16],"texture":"#block","cullface":"down","rotation":90},
			"east":{"uv":[9,15,10,16],"texture":"#block","cullface":"down","rotation":270}
		}
	},
	{
		"type":"cube", //Bottom 7,0 to 10,1
		"from":[7,-0.40,15],
		"to":[10,0,15.999],
		"rotation": {"origin": [ 8, 1, 8 ], "axis": "y", "angle": 0 },
		"faces": {
			"down":{"uv":[7,0,10,1],"texture":"#block","cullface":"down"},
			"south":{"uv":[7,0,10,1],"texture":"#block","cullface":"down"},
			"west":{"uv":[7,0,8,1],"texture":"#block","cullface":"down","rotation":90},
			"east":{"uv":[9,0,10,1],"texture":"#block","cullface":"down","rotation":270}
		}
	},	
	{
		"type":"cube", //Bottom 6,1 to 11,3
		"from":[6,-0.40,13],
		"to":[11,0,15],
		"rotation": {"origin": [ 8, 1, 8 ], "axis": "y", "angle": 0 },
		"faces": {
			"down":{"uv":[6,1,11,3],"texture":"#block","cullface":"down"},
			"north":{"uv":[6,2,11,3],"texture":"#block","cullface":"down","rotation":180},
			"south":{"uv":[6,1,11,2],"texture":"#block","cullface":"down"},
			"west":{"uv":[6,1,7,3],"texture":"#block","cullface":"down","rotation":90},
			"east":{"uv":[10,1,11,3],"texture":"#block","cullface":"down","rotation":270}
		}
	},
	{
		"type":"cube", //Bottom 6,3 to 10,4
		"from":[6,-0.40,12],
		"to":[10,0,13],
		"rotation": {"origin": [ 8, 1, 8 ], "axis": "y", "angle": 0 },
		"faces": {
			"down":{"uv":[6,3,10,4],"texture":"#block","cullface":"down"},
			"south":{"uv":[6,3,10,4],"texture":"#block","cullface":"down"},
			"west":{"uv":[6,3,7,4],"texture":"#block","cullface":"down","rotation":90},
			"east":{"uv":[9,3,10,4],"texture":"#block","cullface":"down","rotation":270}
		}
	},
	{
		"type":"cube", //Bottom 7,4 to 8,5
		"from":[7,-0.40,11],
		"to":[8,0,12],
		"rotation": {"origin": [ 8, 1, 8 ], "axis": "y", "angle": 0 },
		"faces": {
			"down":{"uv":[7,4,8,5],"texture":"#block","cullface":"down"},
			"south":{"uv":[7,4,8,5],"texture":"#block","cullface":"down"},
			"west":{"uv":[7,4,8,5],"texture":"#block","cullface":"down","rotation":90},
			"east":{"uv":[7,4,8,5],"texture":"#block","cullface":"down","rotation":270}
		}
	},
	{
		"type":"cube", //Bottom 13,1 to 14,2
		"from":[13,-0.30,14],
		"to":[14,0,15],
		"rotation": {"origin": [ 8, 1, 8 ], "axis": "y", "angle": 0 },
		"faces": {
			"down":{"uv":[13,1,14,2],"texture":"#block","cullface":"down"},
			"north":{"uv":[13,1,14,2],"texture":"#block","cullface":"down","rotation":180},
			"south":{"uv":[13,1,14,2],"texture":"#block","cullface":"down"},
			"west":{"uv":[13,1,14,2],"texture":"#block","cullface":"down","rotation":90}
		}
	},
	{
		"type":"cube", //Bottom 14,0 to 16,3
		"from":[14,-0.30,13],
		"to":[15.999,0,15.999],
		"rotation": {"origin": [ 8, 1, 8 ], "axis": "y", "angle": 0 },
		"faces": {
			"down":{"uv":[14,0,16,3],"texture":"#block","cullface":"down"},
			"north":{"uv":[14,2,16,3],"texture":"#block","cullface":"down","rotation":180},
			"south":{"uv":[14,0,16,1],"texture":"#block","cullface":"down"},
			"west":{"uv":[14,0,15,3],"texture":"#block","cullface":"down","rotation":90},
			"east":{"uv":[15,0,16,3],"texture":"#block","cullface":"down","rotation":270}
		}
	},
	{
		"type":"cube", //Bottom 12,3 to 13,4
		"from":[12,-0.30,12],
		"to":[13,0,13],
		"rotation": {"origin": [ 8, 1, 8 ], "axis": "y", "angle": 0 },
		"faces": {
			"down":{"uv":[12,3,13,4],"texture":"#block","cullface":"down"},
			"south":{"uv":[12,3,13,4],"texture":"#block","cullface":"down"},
			"west":{"uv":[12,3,13,4],"texture":"#block","cullface":"down","rotation":90},
			"east":{"uv":[12,3,13,4],"texture":"#block","cullface":"down","rotation":270}
		}
	},
	{
		"type":"cube", //Bottom 10,4 to 14,7
		"from":[10,-0.30,9],
		"to":[14,0,12],
		"rotation": {"origin": [ 8, 1, 8 ], "axis": "y", "angle": 0 },
		"faces": {
			"down":{"uv":[10,4,14,7],"texture":"#block","cullface":"down"},
			"north":{"uv":[10,6,14,7],"texture":"#block","cullface":"down","rotation":180},
			"south":{"uv":[10,4,14,5],"texture":"#block","cullface":"down"},
			"west":{"uv":[10,4,11,7],"texture":"#block","cullface":"down","rotation":90},
			"east":{"uv":[13,4,14,7],"texture":"#block","cullface":"down","rotation":270}
		}
	},
	{
		"type":"cube", //Bottom 9,5 to 10,6
		"from":[9,-0.30,10],
		"to":[10,0,11],
		"rotation": {"origin": [ 8, 1, 8 ], "axis": "y", "angle": 0 },
		"faces": {
			"down":{"uv":[9,5,10,6],"texture":"#block","cullface":"down"},
			"north":{"uv":[9,5,10,6],"texture":"#block","cullface":"down","rotation":180},
			"south":{"uv":[9,5,10,6],"texture":"#block","cullface":"down"},
			"west":{"uv":[9,5,10,6],"texture":"#block","cullface":"down","rotation":90}
		}
	},
	{
		"type":"cube", //Bottom 14,5 to 15,6
		"from":[14,-0.30,10],
		"to":[15,0,11],
		"rotation": {"origin": [ 8, 1, 8 ], "axis": "y", "angle": 0 },
		"faces": {
			"down":{"uv":[14,5,15,6],"texture":"#block","cullface":"down"},
			"north":{"uv":[14,5,15,6],"texture":"#block","cullface":"down","rotation":180},
			"south":{"uv":[14,5,15,6],"texture":"#block","cullface":"down"},
			"east":{"uv":[14,5,15,6],"texture":"#block","cullface":"down","rotation":270}
		}
	},
	{
		"type":"cube", //Bottom 7,7 to 10,8
		"from":[7,-0.20,8],
		"to":[10,0,9],
		"rotation": {"origin": [ 8, 1, 8 ], "axis": "y", "angle": 0 },
		"faces": {
			"down":{"uv":[7,7,10,8],"texture":"#block","cullface":"down"},
			"south":{"uv":[7,7,10,8],"texture":"#block","cullface":"down"},
			"west":{"uv":[7,7,8,8],"texture":"#block","cullface":"down","rotation":90},
			"east":{"uv":[9,7,10,8],"texture":"#block","cullface":"down","rotation":270}
		}
	},
	{
		"type":"cube", //Bottom 6,8 to 14,9
		"from":[6,-0.20,7],
		"to":[14,0,8],
		"rotation": {"origin": [ 8, 1, 8 ], "axis": "y", "angle": 0 },
		"faces": {
			"down":{"uv":[6,8,14,9],"texture":"#block","cullface":"down"},
			"north":{"uv":[6,8,14,9],"texture":"#block","cullface":"down","rotation":180},
			"south":{"uv":[6,8,14,9],"texture":"#block","cullface":"down"},
			"west":{"uv":[6,8,7,9],"texture":"#block","cullface":"down","rotation":90},
			"east":{"uv":[13,8,14,9],"texture":"#block","cullface":"down","rotation":270}
		}
	},
	{
		"type":"cube", //Bottom 8,9 to 12,10
		"from":[8,-0.20,6],
		"to":[12,0,7],
		"rotation": {"origin": [ 8, 1, 8 ], "axis": "y", "angle": 0 },
		"faces": {
			"down":{"uv":[8,9,12,10],"texture":"#block","cullface":"down"},
			"north":{"uv":[8,9,12,10],"texture":"#block","cullface":"down","rotation":180},
			"west":{"uv":[8,9,9,10],"texture":"#block","cullface":"down","rotation":90},
			"east":{"uv":[11,9,12,10],"texture":"#block","cullface":"down","rotation":270}
		}
	},
	{
		"type":"cube", //Bottom 9,10 to 11,11
		"from":[9,-0.20,5],
		"to":[11,0,6],
		"rotation": {"origin": [ 8, 1, 8 ], "axis": "y", "angle": 0 },
		"faces": {
			"down":{"uv":[9,10,11,11],"texture":"#block","cullface":"down"},
			"north":{"uv":[9,10,11,11],"texture":"#block","cullface":"down","rotation":180},
			"west":{"uv":[9,10,10,11],"texture":"#block","cullface":"down","rotation":90},
			"east":{"uv":[10,10,11,11],"texture":"#block","cullface":"down","rotation":270}
		}
	},
	{
		"type":"cube", //Bottom 14,9 to 16,10
		"from":[14,-0.30,6],
		"to":[15.999,0,7],
		"rotation": {"origin": [ 8, 1, 8 ], "axis": "y", "angle": 0 },
		"faces": {
			"down":{"uv":[14,9,16,10],"texture":"#block","cullface":"down"},
			"south":{"uv":[14,9,16,10],"texture":"#block","cullface":"down"},
			"west":{"uv":[14,9,15,10],"texture":"#block","cullface":"down","rotation":90},
			"east":{"uv":[15,9,16,10],"texture":"#block","cullface":"down","rotation":270}
		}
	},
	{
		"type":"cube", //Bottom 13,10 to 16,11
		"from":[13,-0.30,5],
		"to":[15.999,0,6],
		"rotation": {"origin": [ 8, 1, 8 ], "axis": "y", "angle": 0 },
		"faces": {
			"down":{"uv":[13,10,16,11],"texture":"#block","cullface":"down"},
			"south":{"uv":[13,10,16,11],"texture":"#block","cullface":"down"},
			"west":{"uv":[13,10,14,11],"texture":"#block","cullface":"down","rotation":90},
			"east":{"uv":[15,10,16,11],"texture":"#block","cullface":"down","rotation":270}
		}
	},
	{
		"type":"cube", //Bottom 12,11 to 16,12
		"from":[12,-0.30,4],
		"to":[15.999,0,5],
		"rotation": {"origin": [ 8, 1, 8 ], "axis": "y", "angle": 0 },
		"faces": {
			"down":{"uv":[12,11,16,12],"texture":"#block","cullface":"down"},
			"north":{"uv":[12,11,16,12],"texture":"#block","cullface":"down","rotation":180},
			"south":{"uv":[12,11,16,12],"texture":"#block","cullface":"down"},
			"west":{"uv":[12,11,13,12],"texture":"#block","cullface":"down","rotation":90},
			"east":{"uv":[15,11,16,12],"texture":"#block","cullface":"down","rotation":270}
		}
	},
	{
		"type":"cube", //Bottom 12,12 to 15,14
		"from":[12,-0.30,2],
		"to":[15,0,4],
		"rotation": {"origin": [ 8, 1, 8 ], "axis": "y", "angle": 0 },
		"faces": {
			"down":{"uv":[12,12,15,14],"texture":"#block","cullface":"down"},
			"north":{"uv":[12,13,15,14],"texture":"#block","cullface":"down","rotation":180},
			"west":{"uv":[12,12,13,14],"texture":"#block","cullface":"down","rotation":90},
			"east":{"uv":[14,12,15,14],"texture":"#block","cullface":"down","rotation":270}
		}
	},
	{
		"type":"cube", //Bottom 12,15 to 14,16
		"from":[12,-0.40,0.001],
		"to":[14,0,1],
		"rotation": {"origin": [ 8, 1, 8 ], "axis": "y", "angle": 0 },
		"faces": {
			"down":{"uv":[12,15,14,16],"texture":"#block","cullface":"down"},
			"north":{"uv":[12,15,14,16],"texture":"#block","cullface":"down","rotation":180},
			"south":{"uv":[12,15,14,16],"texture":"#block","cullface":"down"},
			"west":{"uv":[12,15,13,16],"texture":"#block","cullface":"down","rotation":90},
			"east":{"uv":[13,15,14,16],"texture":"#block","cullface":"down","rotation":270}
		}
	},
	{
		"type":"cube", //Bottom 15,15 to 16,16
		"from":[15,-0.30,0.001],
		"to":[15.999,0,1],
		"rotation": {"origin": [ 8, 1, 8 ], "axis": "y", "angle": 0 },
		"faces": {
			"down":{"uv":[15,15,16,16],"texture":"#block","cullface":"down"},
			"north":{"uv":[15,15,16,16],"texture":"#block","cullface":"down","rotation":180},
			"south":{"uv":[15,15,16,16],"texture":"#block","cullface":"down"},
			"west":{"uv":[15,15,16,16],"texture":"#block","cullface":"down","rotation":90},
			"east":{"uv":[15,15,16,16],"texture":"#block","cullface":"down","rotation":270}
		}
	}
],
"display": {
	"thirdperson": {
		"rotation": [ 0, 45, 1 ],
		"translation": [ 0, 0.5, 0 ],
		"scale": [ 1.1, 1.1, 1.1 ]
	},
	"firstperson": {
		"rotation": [ 0, 0, 0 ],
		"translation": [ 0, 0, 0 ],
		"scale": [ 1, 1, 1 ]
	},
	"gui": {
		"rotation": [ 0, 0, 0 ],
		"translation": [ 0, 0, 0 ],
		"scale": [ 1, 1, 1 ]
	}
}
}