{
"__comment":"Made by Know2Good, part of the 'Default 3D™' resource pack || Official download page: http://www.planetminecraft.com/texture_pack/default-3d-2985741/ || © Know2Good. All rights reserved. ",
"__comment":"No UV-bleed, OK coordinate, OK texture, OK cullface",
"ambientocclusion": false,
"textures": {
	"block": "blocks/door_iron_upper",
	"particle":"blocks/door_iron_upper"
},
"elements":[
	{
		"type":"cube", //The inner block
		"from":[0.75,0,1],
		"to":[2.25,16,16],
		"rotation": {"origin": [ 8, 1, 8 ], "axis": "y", "angle": 0 },
		"faces": {
			"up":{"uv":		[1.01,1.01,15.99,1.99],"texture":"#block","cullface":"Know2Good","rotation":90},
			"south":{"uv":	[15.01,0.01,15.99,15.99],"texture":"#block","cullface":"Know2Good"},
			"west":{"uv":	[1.01,0.01,15.99,15.99],"texture":"#block","cullface":"Know2Good"},
			"east":{"uv":	[15.99,0.01,1.01,15.99],"texture":"#block","cullface":"Know2Good"}
		}
	},
	{
		"type":"cube", //Bottom hinge
		"from":[-0.25,0,-0.25],
		"to":[3.25,1,1],
		"rotation": {"origin": [ 8, 1, 8 ], "axis": "y", "angle": 0 },
		"faces": {
			"up":{"uv":		[0.01,15.01,0.99,15.99],"texture":"#block","cullface":"Know2Good","rotation":90},
			"down":{"uv":	[0.01,15.01,0.99,15.99],"texture":"#block","cullface":"Know2Good","rotation":270},
			"north":{"uv":	[0.01,15.01,0.99,15.99],"texture":"#block","cullface":"Know2Good"},
			"south":{"uv":	[0.01,15.01,0.99,15.99],"texture":"#block","cullface":"Know2Good"},
			"west":{"uv":	[0.01,15.01,0.99,15.99],"texture":"#block","cullface":"Know2Good"},
			"east":{"uv":	[0.99,15.01,0.01,15.99],"texture":"#block","cullface":"Know2Good"}
		}
	},
	{
		"type":"cube", //Top hinge
		"from":[-0.25,10,-0.25],
		"to":[3.25,12,1],
		"rotation": {"origin": [ 8, 1, 8 ], "axis": "y", "angle": 0 },
		"faces": {
			"up":{"uv":		[0.01,4.01,0.99,4.99],"texture":"#block","cullface":"Know2Good","rotation":90},
			"down":{"uv":	[0.01,5.01,0.99,5.99],"texture":"#block","cullface":"Know2Good","rotation":270},
			"north":{"uv":	[0.01,4.01,0.99,5.99],"texture":"#block","cullface":"Know2Good"},
			"south":{"uv":	[0.01,4.01,0.99,5.99],"texture":"#block","cullface":"Know2Good"},
			"west":{"uv":	[0.01,4.01,0.99,5.99],"texture":"#block","cullface":"Know2Good"},
			"east":{"uv":	[0.99,4.01,0.01,5.99],"texture":"#block","cullface":"Know2Good"}
		}
	},
	{
		"type":"cube", //Middle hinge side
		"from":[1,0.001,0],
		"to":[2,15.998,1],
		"rotation": {"origin": [ 8, 1, 8 ], "axis": "y", "angle": 0 },
		"faces": {
			"up":{"uv":		[1.01,0.01,2.99,0.99],"texture":"#block","cullface":"Know2Good"},
			"north":{"uv":	[1.01,0.01,2.99,15.99],"texture":"#block","cullface":"Know2Good"}
		}
	},
	{
		"type":"cube", //Hinge side (east)
		"from":[2,0.001,0],
		"to":[3,15.998,3],
		"rotation": {"origin": [ 8, 1, 8 ], "axis": "y", "angle": 0 },
		"faces": {
			"up":{"uv":		[0.01,0.01,2.99,0.99],"texture":"#block","cullface":"Know2Good","rotation":90},
			"north":{"uv":	[0.01,0.01,0.99,15.99],"texture":"#block","cullface":"Know2Good"},
			"south":{"uv":	[2.01,0.01,2.99,15.99],"texture":"#block","cullface":"Know2Good"},
			"east":{"uv":	[2.99,0.01,0.01,15.99],"texture":"#block","cullface":"Know2Good"}
		}
	},
	{
		"type":"cube", //Hinge side (west)
		"from":[0,0.001,0],
		"to":[1,15.998,3],
		"rotation": {"origin": [ 8, 1, 8 ], "axis": "y", "angle": 0 },
		"faces": {
			"up":{"uv":		[0.01,0.01,2.99,0.99],"texture":"#block","cullface":"Know2Good","rotation":90},
			"north":{"uv":	[0.01,0.01,0.99,15.99],"texture":"#block","cullface":"Know2Good"},
			"south":{"uv":	[2.01,0.01,2.99,15.99],"texture":"#block","cullface":"Know2Good"},
			"west":{"uv":	[0.01,0.01,2.99,15.99],"texture":"#block","cullface":"Know2Good"}
		}
	},
	{
		"type":"cube", //Right
		"from":[0,0.001,13],
		"to":[3,15.998,15],
		"rotation": {"origin": [ 8, 1, 8 ], "axis": "y", "angle": 0 },
		"faces": {
			"up":{"uv":		[13.01,0.01,14.99,0.99],"texture":"#block","cullface":"Know2Good","rotation":90},
			"north":{"uv":	[13.01,0.01,13.99,15.99],"texture":"#block","cullface":"Know2Good"},
			"south":{"uv":	[14.01,0.01,14.99,15.99],"texture":"#block","cullface":"Know2Good"},
			"west":{"uv":	[13.01,0.01,14.99,15.99],"texture":"#block","cullface":"Know2Good"},
			"east":{"uv":	[14.99,0.01,13.01,15.99],"texture":"#block","cullface":"Know2Good"}
		}
	},
	{
		"type":"cube", //Middle 1
		"from":[0,1.99,3],
		"to":[3,5.01,13],
		"rotation": {"origin": [ 8, 1, 8 ], "axis": "y", "angle": 0 },
		"faces": {
			"up":{"uv":		[3.01,11.01,12.99,11.99],"texture":"#block","cullface":"Know2Good","rotation":90},
			"down":{"uv":	[3.01,13.01,12.99,13.99],"texture":"#block","cullface":"Know2Good","rotation":270},
			"west":{"uv":	[3.01,11.01,12.99,13.99],"texture":"#block","cullface":"Know2Good"},
			"east":{"uv":	[12.99,11.01,3.01,13.99],"texture":"#block","cullface":"Know2Good"}
		}
	},
	{
		"type":"cube", //Middle 2
		"from":[0,7.99,3],
		"to":[3,10.01,13],
		"rotation": {"origin": [ 8, 1, 8 ], "axis": "y", "angle": 0 },
		"faces": {
			"up":{"uv":		[3.01,6.01,12.99,6.99],"texture":"#block","cullface":"Know2Good","rotation":90},
			"down":{"uv":	[3.01,7.01,12.99,7.99],"texture":"#block","cullface":"Know2Good","rotation":270},
			"west":{"uv":	[3.01,6.01,12.99,7.99],"texture":"#block","cullface":"Know2Good"},
			"east":{"uv":	[12.99,6.01,3.01,7.99],"texture":"#block","cullface":"Know2Good"}
		}
	},
	{
		"type":"cube", //Middle 3
		"from":[0,13,3],
		"to":[3,15.998,13],
		"rotation": {"origin": [ 8, 1, 8 ], "axis": "y", "angle": 0 },
		"faces": {
			"up":{"uv":		[3.01,0.01,12.99,0.99],"texture":"#block","cullface":"Know2Good","rotation":90},
			"down":{"uv":	[3.01,2.01,12.99,2.99],"texture":"#block","cullface":"Know2Good","rotation":270},
			"west":{"uv":	[3.01,0.01,12.99,2.99],"texture":"#block","cullface":"Know2Good"},
			"east":{"uv":	[12.99,0.01,3.01,2.99],"texture":"#block","cullface":"Know2Good"}
		}
	},
	{
		"type":"cube", //Middle
		"from":[0,0,6.99],
		"to":[3,13,9.01],
		"rotation": {"origin": [ 8, 1, 8 ], "axis": "y", "angle": 0 },
		"faces": {
			"north":{"uv":	[7.01,3.01,7.99,15.99],"texture":"#block","cullface":"Know2Good"},
			"south":{"uv":	[8.01,3.01,8.99,15.99],"texture":"#block","cullface":"Know2Good"},
			"west":{"uv":	[7.01,3.01,8.99,15.99],"texture":"#block","cullface":"Know2Good"},
			"east":{"uv":	[8.99,3.01,7.01,15.99],"texture":"#block","cullface":"Know2Good"}
		}
	},
	{
		"type":"cube", //Prevent graphical glitch
		"from":[0.992,5,2.999],
		"to":[2.008,13,3],
		"rotation": {"origin": [ 8, 1, 8 ], "axis": "y", "angle": 0 },
		"faces": {
			"north":{"uv":	[2.01,3.01,2.99,10.99],"texture":"#block","cullface":"Know2Good"},
			"south":{"uv":	[2.01,3.01,2.99,10.99],"texture":"#block","cullface":"Know2Good"}
		}
	}
],
"display": {
	"thirdperson": {
		"rotation": [ 0, 45, 1 ],
		"translation": [ 0, 0.5, 0 ],
		"scale": [ 1.1, 1.1, 1.1 ]
	},
	"firstperson": {
		"rotation": [ 0, 0, 0 ],
		"translation": [ 0, 0, 0 ],
		"scale": [ 1, 1, 1 ]
	},
	"gui": {
		"rotation": [ 0, 0, 0 ],
		"translation": [ 0, 0, 0 ],
		"scale": [ 1, 1, 1 ]
	}
}
}