{
"__comment":"Made by Know2Good, part of the 'Default 3D™' resource pack || Official download page: http://www.planetminecraft.com/texture_pack/default-3d-2985741/ || © Know2Good. All rights reserved. ",
"textures": {
	"block": "custom/stone_alt2",
	"ore": "custom/lapis_ore_sparkle_alt2",
	"particle":"blocks/lapis_ore"
},
"elements":[
	{
		"type":"cube", //The inner block
		"from":[0,0,0],
		"to":[16,16,16],
		"rotation": {"origin": [ 8, 1, 8 ], "axis": "y", "angle": 0 },
		"faces": {
			"down":{"uv":	[0.01,0.01,15.99,15.99],"texture":"#block","cullface":"down"},
			"up":{"uv":		[0.01,0.01,15.99,15.99],"texture":"#block","cullface":"up"},
			"north":{"uv":	[0.01,0.01,15.99,15.99],"texture":"#block","cullface":"north"},
			"south":{"uv":	[0.01,0.01,15.99,15.99],"texture":"#block","cullface":"south"},
			"west":{"uv":	[0.01,0.01,15.99,15.99],"texture":"#block","cullface":"west"},
			"east":{"uv":	[0.01,0.01,15.99,15.99],"texture":"#block","cullface":"east"}
		}
	},
	{
		"type":"cube", //Top 2,2 to 6,3
		"from":[2,16,2],
		"to":[6,16.25,3],
		"rotation": {"origin": [ 8, 1, 8 ], "axis": "y", "angle": 0 },
		"faces": {
			"up":{"uv":		[2.01,2.01,5.99,2.99],"texture":"#ore","cullface":"up"},
			"north":{"uv":	[2.01,2.01,5.99,2.99],"texture":"#ore","cullface":"up","rotation":180},
			"south":{"uv":	[2.01,2.01,5.99,2.99],"texture":"#ore","cullface":"up"},
			"west":{"uv":	[2.01,2.01,2.99,2.99],"texture":"#ore","cullface":"up"},
			"east":{"uv":	[5.01,2.01,5.99,2.99],"texture":"#ore","cullface":"up"}
		}
	},
	{
		"type":"cube", //Top 5,3 to 6,4
		"from":[5,16,3],
		"to":[6,16.25,4],
		"rotation": {"origin": [ 8, 1, 8 ], "axis": "y", "angle": 0 },
		"faces": {
			"up":{"uv":		[5.01,3.01,5.99,3.99],"texture":"#ore","cullface":"up"},
			"south":{"uv":	[5.01,3.01,5.99,3.99],"texture":"#ore","cullface":"up"},
			"west":{"uv":	[5.01,3.01,5.99,3.99],"texture":"#ore","cullface":"up"},
			"east":{"uv":	[5.01,3.01,5.99,3.99],"texture":"#ore","cullface":"up"}
		}
	},
	{
		"type":"cube", //Top 7,3 to 9,4
		"from":[7,16,3],
		"to":[9,16.55,4],
		"rotation": {"origin": [ 8, 1, 8 ], "axis": "y", "angle": 0 },
		"faces": {
			"up":{"uv":		[7.01,3.01,8.99,3.99],"texture":"#ore","cullface":"up"},
			"north":{"uv":	[7.01,3.01,8.99,3.99],"texture":"#ore","cullface":"up","rotation":180},
			"south":{"uv":	[7.01,3.01,8.99,3.99],"texture":"#ore","cullface":"up"},
			"west":{"uv":	[7.01,3.01,7.99,3.99],"texture":"#ore","cullface":"up"},
			"east":{"uv":	[8.01,3.01,8.99,3.99],"texture":"#ore","cullface":"up"}
		}
	},
	{
		"type":"cube", //Top 12,2 to 14,3
		"from":[12,16,2],
		"to":[14,16.4,3],
		"rotation": {"origin": [ 8, 1, 8 ], "axis": "y", "angle": 0 },
		"faces": {
			"up":{"uv":		[12.01,2.01,13.99,2.99],"texture":"#ore","cullface":"up"},
			"north":{"uv":	[12.01,2.01,13.99,2.99],"texture":"#ore","cullface":"up","rotation":180},
			"south":{"uv":	[12.01,2.01,13.99,2.99],"texture":"#ore","cullface":"up"},
			"west":{"uv":	[12.01,2.01,12.99,2.99],"texture":"#ore","cullface":"up"},
			"east":{"uv":	[13.01,2.01,13.99,2.99],"texture":"#ore","cullface":"up"}
		}
	},
	{
		"type":"cube", //Top 5,5 to 7,6
		"from":[5,16,5],
		"to":[7,16.7,6],
		"rotation": {"origin": [ 8, 1, 8 ], "axis": "y", "angle": 0 },
		"faces": {
			"up":{"uv":		[5.01,5.01,6.99,5.99],"texture":"#ore","cullface":"up"},
			"north":{"uv":	[5.01,5.01,6.99,5.99],"texture":"#ore","cullface":"up","rotation":180},
			"west":{"uv":	[5.01,5.01,5.99,5.99],"texture":"#ore","cullface":"up","rotation":270},
			"east":{"uv":	[6.01,5.01,6.99,5.99],"texture":"#ore","cullface":"up","rotation":90}
		}
	},
	{
		"type":"cube", //Top 3,6 to 8,7
		"from":[3,16,6],
		"to":[8,16.7,7],
		"rotation": {"origin": [ 8, 1, 8 ], "axis": "y", "angle": 0 },
		"faces": {
			"up":{"uv":		[3.01,6.01,7.99,6.99],"texture":"#ore","cullface":"up"},
			"north":{"uv":	[3.01,6.01,7.99,6.99],"texture":"#ore","cullface":"up","rotation":180},
			"south":{"uv":	[3.01,6.01,7.99,6.99],"texture":"#ore","cullface":"up"},
			"west":{"uv":	[3.01,6.01,3.99,6.99],"texture":"#ore","cullface":"up"},
			"east":{"uv":	[7.01,6.01,7.99,6.99],"texture":"#ore","cullface":"up"}
		}
	},
	{
		"type":"cube", //Top 10,5 to 12,7
		"from":[10,16,5],
		"to":[12,16.4,7],
		"rotation": {"origin": [ 8, 1, 8 ], "axis": "y", "angle": 0 },
		"faces": {
			"up":{"uv":		[10.01,5.01,11.99,6.99],"texture":"#ore","cullface":"up"},
			"north":{"uv":	[10.01,5.01,11.99,5.99],"texture":"#ore","cullface":"up","rotation":180},
			"south":{"uv":	[10.01,6.01,11.99,6.99],"texture":"#ore","cullface":"up"},
			"west":{"uv":	[10.01,5.01,10.99,6.99],"texture":"#ore","cullface":"up","rotation":270},
			"east":{"uv":	[11.01,5.01,11.99,6.99],"texture":"#ore","cullface":"up","rotation":90}
		}
	},
	{
		"type":"cube", //Top 1,7 to 3,9
		"from":[1,16,7],
		"to":[3,16.25,9],
		"rotation": {"origin": [ 8, 1, 8 ], "axis": "y", "angle": 0 },
		"faces": {
			"up":{"uv":		[1.01,7.01,2.99,8.99],"texture":"#ore","cullface":"up"},
			"north":{"uv":	[1.01,7.01,2.99,7.99],"texture":"#ore","cullface":"up","rotation":180},
			"south":{"uv":	[1.01,8.01,2.99,8.99],"texture":"#ore","cullface":"up"},
			"west":{"uv":	[1.01,7.01,1.99,8.99],"texture":"#ore","cullface":"up","rotation":270},
			"east":{"uv":	[2.01,7.01,2.99,8.99],"texture":"#ore","cullface":"up","rotation":90}
		}
	},
	{
		"type":"cube", //Top 7,8 to 8,9
		"from":[7,16,8],
		"to":[8,16.25,9],
		"rotation": {"origin": [ 8, 1, 8 ], "axis": "y", "angle": 0 },
		"faces": {
			"up":{"uv":		[7.01,8.01,7.99,8.99],"texture":"#ore","cullface":"up"},
			"north":{"uv":	[7.01,8.01,7.99,8.99],"texture":"#ore","cullface":"up","rotation":180},
			"west":{"uv":	[7.01,8.01,7.99,8.99],"texture":"#ore","cullface":"up"},
			"east":{"uv":	[7.01,8.01,7.99,8.99],"texture":"#ore","cullface":"up"}
		}
	},
	{
		"type":"cube", //Top 9,8 to 12,9
		"from":[9,16,8],
		"to":[12,16.25,9],
		"rotation": {"origin": [ 8, 1, 8 ], "axis": "y", "angle": 0 },
		"faces": {
			"up":{"uv":		[9.01,8.01,11.99,8.99],"texture":"#ore","cullface":"up"},
			"north":{"uv":	[9.01,8.01,11.99,8.99],"texture":"#ore","cullface":"up","rotation":180},
			"west":{"uv":	[9.01,8.01,9.99,8.99],"texture":"#ore","cullface":"up"},
			"east":{"uv":	[11.01,8.01,11.99,8.99],"texture":"#ore","cullface":"up"}
		}
	},
	{
		"type":"cube", //Top 7,9 to 12,10
		"from":[7,16,9],
		"to":[12,16.25,10],
		"rotation": {"origin": [ 8, 1, 8 ], "axis": "y", "angle": 0 },
		"faces": {
			"up":{"uv":		[7.01,9.01,11.99,9.99],"texture":"#ore","cullface":"up"},
			"north":{"uv":	[7.01,9.01,11.99,9.99],"texture":"#ore","cullface":"up","rotation":180},
			"south":{"uv":	[7.01,9.01,11.99,9.99],"texture":"#ore","cullface":"up"},
			"west":{"uv":	[7.01,9.01,7.99,9.99],"texture":"#ore","cullface":"up"},
			"east":{"uv":	[11.01,9.01,11.99,9.99],"texture":"#ore","cullface":"up"}
		}
	},
	{
		"type":"cube", //Top 8,10 to 11,11
		"from":[8,16,10],
		"to":[11,16.25,11],
		"rotation": {"origin": [ 8, 1, 8 ], "axis": "y", "angle": 0 },
		"faces": {
			"up":{"uv":		[8.01,10.01,10.99,10.99],"texture":"#ore","cullface":"up"},
			"south":{"uv":	[8.01,10.01,10.99,10.99],"texture":"#ore","cullface":"up"},
			"west":{"uv":	[8.01,10.01,8.99,10.99],"texture":"#ore","cullface":"up"},
			"east":{"uv":	[10.01,10.01,10.99,10.99],"texture":"#ore","cullface":"up"}
		}
	},
	{
		"type":"cube", //Top 13,9 to 15,13
		"from":[13,16,9],
		"to":[15,16.7,13],
		"rotation": {"origin": [ 8, 1, 8 ], "axis": "y", "angle": 0 },
		"faces": {
			"up":{"uv":		[13.01,9.01,14.99,12.99],"texture":"#ore","cullface":"up"},
			"north":{"uv":	[13.01,9.01,14.99,9.99],"texture":"#ore","cullface":"up","rotation":180},
			"south":{"uv":	[13.01,12.01,14.99,12.99],"texture":"#ore","cullface":"up"},
			"west":{"uv":	[13.01,9.01,13.99,12.99],"texture":"#ore","cullface":"up","rotation":270},
			"east":{"uv":	[14.01,9.01,14.99,12.99],"texture":"#ore","cullface":"up","rotation":90}
		}
	},
	{
		"type":"cube", //Top 4,10 to 5,11
		"from":[4,16,10],
		"to":[5,16.4,11],
		"rotation": {"origin": [ 8, 1, 8 ], "axis": "y", "angle": 0 },
		"faces": {
			"up":{"uv":		[4.01,10.01,4.99,10.99],"texture":"#ore","cullface":"up"},
			"north":{"uv":	[4.01,10.01,4.99,10.99],"texture":"#ore","cullface":"up","rotation":180},
			"west":{"uv":	[4.01,10.01,4.99,10.99],"texture":"#ore","cullface":"up"},
			"east":{"uv":	[4.01,10.01,4.99,10.99],"texture":"#ore","cullface":"up"}
		}
	},
	{
		"type":"cube", //Top 2,11 to 5,12
		"from":[2,16,11],
		"to":[5,16.4,12],
		"rotation": {"origin": [ 8, 1, 8 ], "axis": "y", "angle": 0 },
		"faces": {
			"up":{"uv":		[2.01,11.01,4.99,11.99],"texture":"#ore","cullface":"up"},
			"north":{"uv":	[2.01,11.01,4.99,11.99],"texture":"#ore","cullface":"up","rotation":180},
			"south":{"uv":	[2.01,11.01,4.99,11.99],"texture":"#ore","cullface":"up"},
			"west":{"uv":	[2.01,11.01,2.99,11.99],"texture":"#ore","cullface":"up"},
			"east":{"uv":	[4.01,11.01,4.99,11.99],"texture":"#ore","cullface":"up"}
		}
	},
	{
		"type":"cube", //Top 5,12 to 6,13
		"from":[5,16,12],
		"to":[6,16.55,13],
		"rotation": {"origin": [ 8, 1, 8 ], "axis": "y", "angle": 0 },
		"faces": {
			"up":{"uv":		[5.01,12.01,5.99,12.99],"texture":"#ore","cullface":"up"},
			"north":{"uv":	[5.01,12.01,5.99,12.99],"texture":"#ore","cullface":"up","rotation":180},
			"west":{"uv":	[5.01,12.01,5.99,12.99],"texture":"#ore","cullface":"up"},
			"east":{"uv":	[5.01,12.01,5.99,12.99],"texture":"#ore","cullface":"up"}
		}
	},
	{
		"type":"cube", //Top 4,13 to 7,15
		"from":[4,16,13],
		"to":[7,16.55,15],
		"rotation": {"origin": [ 8, 1, 8 ], "axis": "y", "angle": 0 },
		"faces": {
			"up":{"uv":		[4.01,13.01,6.99,14.99],"texture":"#ore","cullface":"up"},
			"north":{"uv":	[4.01,13.01,6.99,13.99],"texture":"#ore","cullface":"up","rotation":180},
			"south":{"uv":	[4.01,14.01,6.99,14.99],"texture":"#ore","cullface":"up"},
			"west":{"uv":	[4.01,13.01,4.99,14.99],"texture":"#ore","cullface":"up","rotation":270},
			"east":{"uv":	[6.01,13.01,6.99,14.99],"texture":"#ore","cullface":"up","rotation":90}
		}
	},
	{
		"type":"cube", //Top 8,12 to 11,14
		"from":[8,16,12],
		"to":[11,16.4,14],
		"rotation": {"origin": [ 8, 1, 8 ], "axis": "y", "angle": 0 },
		"faces": {
			"up":{"uv":		[8.01,12.01,10.99,13.99],"texture":"#ore","cullface":"up"},
			"north":{"uv":	[8.01,12.01,10.99,12.99],"texture":"#ore","cullface":"up","rotation":180},
			"south":{"uv":	[8.01,13.01,10.99,13.99],"texture":"#ore","cullface":"up"},
			"west":{"uv":	[8.01,12.01,8.99,13.99],"texture":"#ore","cullface":"up","rotation":270},
			"east":{"uv":	[10.01,12.01,10.99,13.99],"texture":"#ore","cullface":"up","rotation":90}
		}
	},
	{
		"type":"cube", //North 2,2 to 6,3
		"from":[10,13,-0.2],
		"to":[14,14,0],
		"rotation": {"origin": [ 8, 1, 8 ], "axis": "y", "angle": 0 },
		"faces": {
			"up":{"uv":		[2.01,2.01,5.99,2.99],"texture":"#ore","cullface":"north","rotation":180},
			"down":{"uv":	[2.01,2.01,5.99,2.99],"texture":"#ore","cullface":"north","rotation":180},
			"north":{"uv":	[2.01,2.01,5.99,2.99],"texture":"#ore","cullface":"north"},
			"west":{"uv":	[2.01,2.01,2.99,2.99],"texture":"#ore","cullface":"north"},
			"east":{"uv":	[5.01,2.01,5.99,2.99],"texture":"#ore","cullface":"north"}
		}
	},
	{
		"type":"cube", //North 5,3 to 6,4
		"from":[10,12,-0.2],
		"to":[11,13,0],
		"rotation": {"origin": [ 8, 1, 8 ], "axis": "y", "angle": 0 },
		"faces": {
			"up":{"uv":		[5.01,3.01,5.99,3.99],"texture":"#ore","cullface":"north"},
			"down":{"uv":	[5.01,3.01,5.99,3.99],"texture":"#ore","cullface":"north"},
			"north":{"uv":	[5.01,3.01,5.99,3.99],"texture":"#ore","cullface":"north"},
			"west":{"uv":	[5.01,3.01,5.99,3.99],"texture":"#ore","cullface":"north"},
			"east":{"uv":	[5.01,3.01,5.99,3.99],"texture":"#ore","cullface":"north"}
		}
	},
	{
		"type":"cube", //North 12,2 to 14,3
		"from":[2,13,-0.3],
		"to":[4,14,0],
		"rotation": {"origin": [ 8, 1, 8 ], "axis": "y", "angle": 0 },
		"faces": {
			"up":{"uv":		[12.01,2.01,13.99,2.99],"texture":"#ore","cullface":"north","rotation":180},
			"down":{"uv":	[12.01,2.01,13.99,2.99],"texture":"#ore","cullface":"north","rotation":180},
			"north":{"uv":	[12.01,2.01,13.99,2.99],"texture":"#ore","cullface":"north"},
			"west":{"uv":	[13.01,2.01,13.99,2.99],"texture":"#ore","cullface":"north"},
			"east":{"uv":	[12.01,2.01,12.99,2.99],"texture":"#ore","cullface":"north"}
		}
	},
	{
		"type":"cube", //North 7,3 to 9,4
		"from":[7,12,-0.4],
		"to":[9,13,0],
		"rotation": {"origin": [ 8, 1, 8 ], "axis": "y", "angle": 0 },
		"faces": {
			"up":{"uv":		[7.01,3.01,8.99,3.99],"texture":"#ore","cullface":"north","rotation":180},
			"down":{"uv":	[7.01,3.01,8.99,3.99],"texture":"#ore","cullface":"north","rotation":180},
			"north":{"uv":	[7.01,3.01,8.99,3.99],"texture":"#ore","cullface":"north"},
			"west":{"uv":	[8.01,3.01,8.99,3.99],"texture":"#ore","cullface":"north"},
			"east":{"uv":	[7.01,3.01,7.99,3.99],"texture":"#ore","cullface":"north"}
		}
	},
	{
		"type":"cube", //North 5,5 to 7,6
		"from":[9,10,-0.5],
		"to":[11,11,0],
		"rotation": {"origin": [ 8, 1, 8 ], "axis": "y", "angle": 0 },
		"faces": {
			"up":{"uv":		[5.01,5.01,6.99,5.99],"texture":"#ore","cullface":"north","rotation":180},
			"north":{"uv":	[5.01,5.01,6.99,5.99],"texture":"#ore","cullface":"north"},
			"west":{"uv":	[6.01,5.01,6.99,5.99],"texture":"#ore","cullface":"north"},
			"east":{"uv":	[5.01,5.01,5.99,5.99],"texture":"#ore","cullface":"north"}
		}
	},
	{
		"type":"cube", //North 3,6 to 8,7
		"from":[8,9,-0.5],
		"to":[13,10,0],
		"rotation": {"origin": [ 8, 1, 8 ], "axis": "y", "angle": 0 },
		"faces": {
			"up":{"uv":		[3.01,6.01,7.99,6.99],"texture":"#ore","cullface":"north","rotation":180},
			"down":{"uv":	[3.01,6.01,7.99,6.99],"texture":"#ore","cullface":"north","rotation":180},
			"north":{"uv":	[3.01,6.01,7.99,6.99],"texture":"#ore","cullface":"north"},
			"west":{"uv":	[7.01,6.01,7.99,6.99],"texture":"#ore","cullface":"north"},
			"east":{"uv":	[3.01,6.01,3.99,6.99],"texture":"#ore","cullface":"north"}
		}
	},
	{
		"type":"cube", //North 10,5 to 12,7
		"from":[4,9,-0.3],
		"to":[6,11,0],
		"rotation": {"origin": [ 8, 1, 8 ], "axis": "y", "angle": 0 },
		"faces": {
			"up":{"uv":		[10.01,5.01,11.99,5.99],"texture":"#ore","cullface":"north","rotation":180},
			"down":{"uv":	[10.01,6.01,11.99,6.99],"texture":"#ore","cullface":"north","rotation":180},
			"north":{"uv":	[10.01,5.01,11.99,6.99],"texture":"#ore","cullface":"north"},
			"west":{"uv":	[11.01,5.01,11.99,6.99],"texture":"#ore","cullface":"north"},
			"east":{"uv":	[10.01,5.01,10.99,6.99],"texture":"#ore","cullface":"north"}
		}
	},
	{
		"type":"cube", //North 1,7 to 3,9
		"from":[13,7,-0.2],
		"to":[15,9,0],
		"rotation": {"origin": [ 8, 1, 8 ], "axis": "y", "angle": 0 },
		"faces": {
			"up":{"uv":		[1.01,7.01,2.99,7.99],"texture":"#ore","cullface":"north","rotation":180},
			"down":{"uv":	[1.01,8.01,2.99,8.99],"texture":"#ore","cullface":"north","rotation":180},
			"north":{"uv":	[1.01,7.01,2.99,8.99],"texture":"#ore","cullface":"north"},
			"west":{"uv":	[2.01,7.01,2.99,8.99],"texture":"#ore","cullface":"north"},
			"east":{"uv":	[1.01,7.01,1.99,8.99],"texture":"#ore","cullface":"north"}
		}
	},
	{
		"type":"cube", //North 7,8 to 8,9
		"from":[8,7,-0.2],
		"to":[9,8,0],
		"rotation": {"origin": [ 8, 1, 8 ], "axis": "y", "angle": 0 },
		"faces": {
			"up":{"uv":		[7.01,8.01,7.99,8.99],"texture":"#ore","cullface":"north"},
			"north":{"uv":	[7.01,8.01,7.99,8.99],"texture":"#ore","cullface":"north"},
			"west":{"uv":	[7.01,8.01,7.99,8.99],"texture":"#ore","cullface":"north"},
			"east":{"uv":	[7.01,8.01,7.99,8.99],"texture":"#ore","cullface":"north"}
		}
	},
	{
		"type":"cube", //North 9,8 to 12,9
		"from":[4,7,-0.2],
		"to":[7,8,0],
		"rotation": {"origin": [ 8, 1, 8 ], "axis": "y", "angle": 0 },
		"faces": {
			"up":{"uv":		[9.01,8.01,11.99,8.99],"texture":"#ore","cullface":"north","rotation":180},
			"north":{"uv":	[9.01,8.01,11.99,8.99],"texture":"#ore","cullface":"north"},
			"west":{"uv":	[11.01,8.01,11.99,8.99],"texture":"#ore","cullface":"north"},
			"east":{"uv":	[9.01,8.01,9.99,8.99],"texture":"#ore","cullface":"north"}
		}
	},
	{
		"type":"cube", //North 7,9 to 12,10
		"from":[4,6,-0.2],
		"to":[9,7,0],
		"rotation": {"origin": [ 8, 1, 8 ], "axis": "y", "angle": 0 },
		"faces": {
			"up":{"uv":		[7.01,9.01,11.99,9.99],"texture":"#ore","cullface":"north","rotation":180},
			"down":{"uv":	[7.01,9.01,11.99,9.99],"texture":"#ore","cullface":"north","rotation":180},
			"north":{"uv":	[7.01,9.01,11.99,9.99],"texture":"#ore","cullface":"north"},
			"west":{"uv":	[11.01,9.01,11.99,9.99],"texture":"#ore","cullface":"north"},
			"east":{"uv":	[7.01,9.01,7.99,9.99],"texture":"#ore","cullface":"north"}
		}
	},
	{
		"type":"cube", //North 8,10 to 11,11
		"from":[5,5,-0.2],
		"to":[8,6,0],
		"rotation": {"origin": [ 8, 1, 8 ], "axis": "y", "angle": 0 },
		"faces": {
			"down":{"uv":	[8.01,10.01,10.99,10.99],"texture":"#ore","cullface":"north","rotation":180},
			"north":{"uv":	[8.01,10.01,10.99,10.99],"texture":"#ore","cullface":"north"},
			"west":{"uv":	[10.01,10.01,10.99,10.99],"texture":"#ore","cullface":"north"},
			"east":{"uv":	[8.01,10.01,10.99,10.99],"texture":"#ore","cullface":"north"}
		}
	},
	{
		"type":"cube", //North 4,10 to 5,11
		"from":[11,5,-0.3],
		"to":[12,6,0],
		"rotation": {"origin": [ 8, 1, 8 ], "axis": "y", "angle": 0 },
		"faces": {
			"up":{"uv":		[4.01,10.01,4.99,10.99],"texture":"#ore","cullface":"north","rotation":180},
			"north":{"uv":	[4.01,10.01,4.99,10.99],"texture":"#ore","cullface":"north"},
			"west":{"uv":	[4.01,10.01,4.99,10.99],"texture":"#ore","cullface":"north"},
			"east":{"uv":	[4.01,10.01,4.99,10.99],"texture":"#ore","cullface":"north"}
		}
	},
	{
		"type":"cube", //North 2,11 to 5,12
		"from":[11,4,-0.3],
		"to":[14,5,0],
		"rotation": {"origin": [ 8, 1, 8 ], "axis": "y", "angle": 0 },
		"faces": {
			"up":{"uv":		[2.01,11.01,4.99,11.99],"texture":"#ore","cullface":"north","rotation":180},
			"down":{"uv":	[2.01,11.01,4.99,11.99],"texture":"#ore","cullface":"north","rotation":180},
			"north":{"uv":	[2.01,11.01,4.99,11.99],"texture":"#ore","cullface":"north"},
			"west":{"uv":	[4.01,11.01,4.99,11.99],"texture":"#ore","cullface":"north"},
			"east":{"uv":	[2.01,11.01,2.99,11.99],"texture":"#ore","cullface":"north"}
		}
	},
	{
		"type":"cube", //North 5,12 to 6,13
		"from":[10,3,-0.4],
		"to":[11,4,0],
		"rotation": {"origin": [ 8, 1, 8 ], "axis": "y", "angle": 0 },
		"faces": {
			"up":{"uv":		[5.01,12.01,5.99,12.99],"texture":"#ore","cullface":"north","rotation":180},
			"north":{"uv":	[5.01,12.01,5.99,12.99],"texture":"#ore","cullface":"north"},
			"west":{"uv":	[5.01,12.01,5.99,12.99],"texture":"#ore","cullface":"north"},
			"east":{"uv":	[5.01,12.01,5.99,12.99],"texture":"#ore","cullface":"north"}
		}
	},
	{
		"type":"cube", //North 4,13 to 7,15
		"from":[9,1,-0.4],
		"to":[12,3,0],
		"rotation": {"origin": [ 8, 1, 8 ], "axis": "y", "angle": 0 },
		"faces": {
			"up":{"uv":		[4.01,13.01,6.99,13.99],"texture":"#ore","cullface":"north","rotation":180},
			"down":{"uv":	[4.01,14.01,6.99,14.99],"texture":"#ore","cullface":"north","rotation":180},
			"north":{"uv":	[4.01,13.01,6.99,14.99],"texture":"#ore","cullface":"north"},
			"west":{"uv":	[6.01,13.01,6.99,14.99],"texture":"#ore","cullface":"north"},
			"east":{"uv":	[4.01,13.01,4.99,14.99],"texture":"#ore","cullface":"north"}
		}
	},
	{
		"type":"cube", //North 13,9 to 15,13
		"from":[1,3,-0.5],
		"to":[3,7,0],
		"rotation": {"origin": [ 8, 1, 8 ], "axis": "y", "angle": 0 },
		"faces": {
			"up":{"uv":		[13.01,9.01,14.99,9.99],"texture":"#ore","cullface":"north","rotation":180},
			"down":{"uv":	[13.01,12.01,14.99,12.99],"texture":"#ore","cullface":"north","rotation":180},
			"north":{"uv":	[13.01,9.01,14.99,12.99],"texture":"#ore","cullface":"north"},
			"west":{"uv":	[14.01,9.01,14.99,12.99],"texture":"#ore","cullface":"north"},
			"east":{"uv":	[13.01,9.01,13.99,12.99],"texture":"#ore","cullface":"north"}
		}
	},
	{
		"type":"cube", //North 8,12 to 11,14
		"from":[5,2,-0.3],
		"to":[8,4,0],
		"rotation": {"origin": [ 8, 1, 8 ], "axis": "y", "angle": 0 },
		"faces": {
			"up":{"uv":		[8.01,12.01,10.99,12.99],"texture":"#ore","cullface":"north","rotation":180},
			"down":{"uv":	[8.01,13.01,10.99,13.99],"texture":"#ore","cullface":"north","rotation":180},
			"north":{"uv":	[8.01,12.01,10.99,13.99],"texture":"#ore","cullface":"north"},
			"west":{"uv":	[10.01,12.01,10.99,13.99],"texture":"#ore","cullface":"north"},
			"east":{"uv":	[8.01,12.01,8.99,13.99],"texture":"#ore","cullface":"north"}
		}
	},
	{
		"type":"cube", //East 2,2 to 6,3
		"from":[16,13,10],
		"to":[16.25,14,14],
		"rotation": {"origin": [ 8, 1, 8 ], "axis": "y", "angle": 0 },
		"faces": {
			"up":{"uv":		[2.01,2.01,5.99,2.99],"texture":"#ore","cullface":"east","rotation":270},
			"down":{"uv":	[2.01,2.01,5.99,2.99],"texture":"#ore","cullface":"east","rotation":90},
			"north":{"uv":	[5.01,2.01,5.99,2.99],"texture":"#ore","cullface":"east"},
			"south":{"uv":	[2.01,2.01,2.99,2.99],"texture":"#ore","cullface":"east"},
			"east":{"uv":	[2.01,2.01,5.99,2.99],"texture":"#ore","cullface":"east"}
		}
	},
	{
		"type":"cube", //East 5,3 to 6,4
		"from":[16,12,10],
		"to":[16.25,13,11],
		"rotation": {"origin": [ 8, 1, 8 ], "axis": "y", "angle": 0 },
		"faces": {
			"up":{"uv":		[5.01,3.01,5.99,3.99],"texture":"#ore","cullface":"east","rotation":270},
			"down":{"uv":	[5.01,3.01,5.99,3.99],"texture":"#ore","cullface":"east","rotation":90},
			"north":{"uv":	[5.01,3.01,5.99,3.99],"texture":"#ore","cullface":"east"},
			"south":{"uv":	[5.01,3.01,5.99,3.99],"texture":"#ore","cullface":"east"},
			"east":{"uv":	[5.01,3.01,5.99,3.99],"texture":"#ore","cullface":"east"}
		}
	},
	{
		"type":"cube", //East 12,2 to 14,3
		"from":[16,13,2],
		"to":[16.4,14,4],
		"rotation": {"origin": [ 8, 1, 8 ], "axis": "y", "angle": 0 },
		"faces": {
			"up":{"uv":		[12.01,2.01,13.99,2.99],"texture":"#ore","cullface":"east","rotation":270},
			"down":{"uv":	[12.01,2.01,13.99,2.99],"texture":"#ore","cullface":"east","rotation":90},
			"north":{"uv":	[13.01,2.01,13.99,2.99],"texture":"#ore","cullface":"east"},
			"south":{"uv":	[12.01,2.01,12.99,2.99],"texture":"#ore","cullface":"east"},
			"east":{"uv":	[12.01,2.01,13.99,2.99],"texture":"#ore","cullface":"east"}
		}
	},
	{
		"type":"cube", //East 7,3 to 9,4
		"from":[16,12,7],
		"to":[16.55,13,9],
		"rotation": {"origin": [ 8, 1, 8 ], "axis": "y", "angle": 0 },
		"faces": {
			"up":{"uv":		[7.01,3.01,8.99,3.99],"texture":"#ore","cullface":"east","rotation":270},
			"down":{"uv":	[7.01,3.01,8.99,3.99],"texture":"#ore","cullface":"east","rotation":90},
			"north":{"uv":	[8.01,3.01,8.99,3.99],"texture":"#ore","cullface":"east"},
			"south":{"uv":	[7.01,3.01,7.99,3.99],"texture":"#ore","cullface":"east"},
			"east":{"uv":	[7.01,3.01,8.99,3.99],"texture":"#ore","cullface":"east"}
		}
	},
	{
		"type":"cube", //East 5,5 to 7,6
		"from":[16,10,9],
		"to":[16.7,11,11],
		"rotation": {"origin": [ 8, 1, 8 ], "axis": "y", "angle": 0 },
		"faces": {
			"up":{"uv":		[5.01,5.01,6.99,5.99],"texture":"#ore","cullface":"east","rotation":270},
			"north":{"uv":	[6.01,5.01,6.99,5.99],"texture":"#ore","cullface":"east"},
			"south":{"uv":	[5.01,5.01,5.99,5.99],"texture":"#ore","cullface":"east"},
			"east":{"uv":	[5.01,5.01,6.99,5.99],"texture":"#ore","cullface":"east"}
		}
	},
	{
		"type":"cube", //East 3,6 to 8,7
		"from":[16,9,8],
		"to":[16.7,10,13],
		"rotation": {"origin": [ 8, 1, 8 ], "axis": "y", "angle": 0 },
		"faces": {
			"up":{"uv":		[3.01,6.01,7.99,6.99],"texture":"#ore","cullface":"east","rotation":270},
			"down":{"uv":	[3.01,6.01,7.99,6.99],"texture":"#ore","cullface":"east","rotation":90},
			"north":{"uv":	[7.01,6.01,7.99,6.99],"texture":"#ore","cullface":"east"},
			"south":{"uv":	[3.01,6.01,3.99,6.99],"texture":"#ore","cullface":"east"},
			"east":{"uv":	[3.01,6.01,7.99,6.99],"texture":"#ore","cullface":"east"}
		}
	},
	{
		"type":"cube", //East 10,5 to 12,7
		"from":[16,9,4],
		"to":[16.4,11,6],
		"rotation": {"origin": [ 8, 1, 8 ], "axis": "y", "angle": 0 },
		"faces": {
			"up":{"uv":		[10.01,5.01,11.99,5.99],"texture":"#ore","cullface":"east","rotation":270},
			"down":{"uv":	[10.01,6.01,11.99,6.99],"texture":"#ore","cullface":"east","rotation":90},
			"north":{"uv":	[11.01,5.01,11.99,6.99],"texture":"#ore","cullface":"east"},
			"south":{"uv":	[10.01,5.01,10.99,6.99],"texture":"#ore","cullface":"east"},
			"east":{"uv":	[10.01,5.01,11.99,6.99],"texture":"#ore","cullface":"east"}
		}
	},
	{
		"type":"cube", //East 1,8 to 3,9
		"from":[16,7,13],
		"to":[16.25,9,15],
		"rotation": {"origin": [ 8, 1, 8 ], "axis": "y", "angle": 0 },
		"faces": {
			"up":{"uv":		[1.01,7.01,2.99,7.99],"texture":"#ore","cullface":"east","rotation":270},
			"down":{"uv":	[1.01,8.01,2.99,8.99],"texture":"#ore","cullface":"east","rotation":90},
			"north":{"uv":	[2.01,7.01,2.99,8.99],"texture":"#ore","cullface":"east"},
			"south":{"uv":	[1.01,7.01,1.99,8.99],"texture":"#ore","cullface":"east"},
			"east":{"uv":	[1.01,7.01,2.99,8.99],"texture":"#ore","cullface":"east"}
		}
	},
	{
		"type":"cube", //East 7,8 to 8,9
		"from":[16,7,8],
		"to":[16.25,8,9],
		"rotation": {"origin": [ 8, 1, 8 ], "axis": "y", "angle": 0 },
		"faces": {
			"up":{"uv":		[7.01,8.01,7.99,8.99],"texture":"#ore","cullface":"east","rotation":270},
			"north":{"uv":	[9.01,8.01,7.99,8.99],"texture":"#ore","cullface":"east"},
			"south":{"uv":	[7.01,8.01,7.99,8.99],"texture":"#ore","cullface":"east"},
			"east":{"uv":	[7.01,8.01,7.99,8.99],"texture":"#ore","cullface":"east"}
		}
	},
	{
		"type":"cube", //East 9,8 to 12,9
		"from":[16,7,4],
		"to":[16.25,8,7],
		"rotation": {"origin": [ 8, 1, 8 ], "axis": "y", "angle": 0 },
		"faces": {
			"up":{"uv":		[9.01,8.01,11.99,8.99],"texture":"#ore","cullface":"east","rotation":270},
			"north":{"uv":	[11.01,8.01,11.99,8.99],"texture":"#ore","cullface":"east"},
			"south":{"uv":	[9.01,8.01,9.99,8.99],"texture":"#ore","cullface":"east"},
			"east":{"uv":	[9.01,8.01,11.99,8.99],"texture":"#ore","cullface":"east"}
		}
	},
	{
		"type":"cube", //East 7,9 to 12,10
		"from":[16,6,4],
		"to":[16.25,7,9],
		"rotation": {"origin": [ 8, 1, 8 ], "axis": "y", "angle": 0 },
		"faces": {
			"up":{"uv":		[7.01,9.01,11.99,9.99],"texture":"#ore","cullface":"east","rotation":270},
			"down":{"uv":	[7.01,9.01,11.99,9.99],"texture":"#ore","cullface":"east","rotation":90},
			"north":{"uv":	[11.01,9.01,11.99,9.99],"texture":"#ore","cullface":"east"},
			"south":{"uv":	[7.01,9.01,7.99,9.99],"texture":"#ore","cullface":"east"},
			"east":{"uv":	[7.01,9.01,11.99,9.99],"texture":"#ore","cullface":"east"}
		}
	},
	{
		"type":"cube", //East 8,10 to 11,11
		"from":[16,5,5],
		"to":[16.25,6,8],
		"rotation": {"origin": [ 8, 1, 8 ], "axis": "y", "angle": 0 },
		"faces": {
			"down":{"uv":	[8.01,10.01,10.99,10.99],"texture":"#ore","cullface":"east","rotation":90},
			"north":{"uv":	[10.01,10.01,10.99,10.99],"texture":"#ore","cullface":"east"},
			"south":{"uv":	[8.01,10.01,8.99,10.99],"texture":"#ore","cullface":"east"},
			"east":{"uv":	[8.01,10.01,10.99,10.99],"texture":"#ore","cullface":"east"}
		}
	},
	{
		"type":"cube", //East 4,10 to 5,11
		"from":[16,5,11],
		"to":[16.4,6,12],
		"rotation": {"origin": [ 8, 1, 8 ], "axis": "y", "angle": 0 },
		"faces": {
			"up":{"uv":		[4.01,10.01,4.99,10.99],"texture":"#ore","cullface":"east","rotation":270},
			"north":{"uv":	[4.01,10.01,4.99,10.99],"texture":"#ore","cullface":"east"},
			"south":{"uv":	[4.01,10.01,4.99,10.99],"texture":"#ore","cullface":"east"},
			"east":{"uv":	[4.01,10.01,4.99,10.99],"texture":"#ore","cullface":"east"}
		}
	},
	{
		"type":"cube", //East 2,11 to 5,12
		"from":[16,4,11],
		"to":[16.4,5,14],
		"rotation": {"origin": [ 8, 1, 8 ], "axis": "y", "angle": 0 },
		"faces": {
			"up":{"uv":		[2.01,11.01,4.99,11.99],"texture":"#ore","cullface":"east","rotation":270},
			"down":{"uv":	[2.01,11.01,4.99,11.99],"texture":"#ore","cullface":"east","rotation":90},
			"north":{"uv":	[4.01,11.01,4.99,11.99],"texture":"#ore","cullface":"east"},
			"south":{"uv":	[2.01,11.01,2.99,11.99],"texture":"#ore","cullface":"east"},
			"east":{"uv":	[2.01,11.01,4.99,11.99],"texture":"#ore","cullface":"east"}
		}
	},
	{
		"type":"cube", //East 5,12 to 6,13
		"from":[16,3,10],
		"to":[16.55,4,11],
		"rotation": {"origin": [ 8, 1, 8 ], "axis": "y", "angle": 0 },
		"faces": {
			"up":{"uv":		[5.01,12.01,5.99,12.99],"texture":"#ore","cullface":"east","rotation":270},
			"north":{"uv":	[5.01,12.01,5.99,12.99],"texture":"#ore","cullface":"east"},
			"south":{"uv":	[5.01,12.01,5.99,12.99],"texture":"#ore","cullface":"east"},
			"east":{"uv":	[5.01,12.01,5.99,12.99],"texture":"#ore","cullface":"east"}
		}
	},
	{
		"type":"cube", //East 4,13 to 7,15
		"from":[16,1,9],
		"to":[16.55,3,12],
		"rotation": {"origin": [ 8, 1, 8 ], "axis": "y", "angle": 0 },
		"faces": {
			"up":{"uv":		[4.01,13.01,6.99,13.99],"texture":"#ore","cullface":"east","rotation":270},
			"down":{"uv":	[4.01,14.01,6.99,14.99],"texture":"#ore","cullface":"east","rotation":90},
			"north":{"uv":	[6.01,13.01,6.99,14.99],"texture":"#ore","cullface":"east"},
			"south":{"uv":	[4.01,13.01,4.99,14.99],"texture":"#ore","cullface":"east"},
			"east":{"uv":	[4.01,13.01,6.99,14.99],"texture":"#ore","cullface":"east"}
		}
	},
	{
		"type":"cube", //East 13,9 to 15,13
		"from":[16,3,1],
		"to":[16.7,7,3],
		"rotation": {"origin": [ 8, 1, 8 ], "axis": "y", "angle": 0 },
		"faces": {
			"up":{"uv":		[13.01,9.01,14.99,9.99],"texture":"#ore","cullface":"east","rotation":270},
			"down":{"uv":	[13.01,12.01,14.99,12.99],"texture":"#ore","cullface":"east","rotation":90},
			"north":{"uv":	[14.01,9.01,14.99,12.99],"texture":"#ore","cullface":"east"},
			"south":{"uv":	[13.01,9.01,13.99,12.99],"texture":"#ore","cullface":"east"},
			"east":{"uv":	[13.01,9.01,14.99,12.99],"texture":"#ore","cullface":"east"}
		}
	},
	{
		"type":"cube", //East 8,12 to 11,14
		"from":[16,2,5],
		"to":[16.4,4,8],
		"rotation": {"origin": [ 8, 1, 8 ], "axis": "y", "angle": 0 },
		"faces": {
			"up":{"uv":		[8.01,12.01,10.99,12.99],"texture":"#ore","cullface":"east","rotation":270},
			"down":{"uv":	[8.01,13.01,10.99,13.99],"texture":"#ore","cullface":"east","rotation":90},
			"north":{"uv":	[10.01,12.01,10.99,13.99],"texture":"#ore","cullface":"east"},
			"south":{"uv":	[8.01,12.01,8.99,13.99],"texture":"#ore","cullface":"east"},
			"east":{"uv":	[8.01,12.01,10.99,13.99],"texture":"#ore","cullface":"east"}
		}
	},
	{
		"type":"cube", //South 2,2 to 6,3
		"from":[2,13,16],
		"to":[6,14,16.25],
		"rotation": {"origin": [ 8, 1, 8 ], "axis": "y", "angle": 0 },
		"faces": {
			"up":{"uv":		[2.01,2.01,5.99,2.99],"texture":"#ore","cullface":"south"},
			"down":{"uv":	[2.01,2.01,5.99,2.99],"texture":"#ore","cullface":"south"},
			"south":{"uv":	[2.01,2.01,5.99,2.99],"texture":"#ore","cullface":"south"},
			"west":{"uv":	[2.01,2.01,2.99,2.99],"texture":"#ore","cullface":"south"},
			"east":{"uv":	[5.01,2.01,5.99,2.99],"texture":"#ore","cullface":"south"}
		}
	},
	{
		"type":"cube", //South 5,3 to 6,4
		"from":[5,12,16],
		"to":[6,13,16.25],
		"rotation": {"origin": [ 8, 1, 8 ], "axis": "y", "angle": 0 },
		"faces": {
			"down":{"uv":	[5.01,3.01,5.99,3.99],"texture":"#ore","cullface":"south"},
			"south":{"uv":	[5.01,3.01,5.99,3.99],"texture":"#ore","cullface":"south"},
			"west":{"uv":	[5.01,3.01,5.99,3.99],"texture":"#ore","cullface":"south"},
			"east":{"uv":	[5.01,3.01,5.99,3.99],"texture":"#ore","cullface":"south"}
		}
	},
	{
		"type":"cube", //South 12,2 to 14,3
		"from":[12,13,16],
		"to":[14,14,16.4],
		"rotation": {"origin": [ 8, 1, 8 ], "axis": "y", "angle": 0 },
		"faces": {
			"up":{"uv":		[12.01,2.01,13.99,2.99],"texture":"#ore","cullface":"south"},
			"down":{"uv":	[12.01,2.01,13.99,2.99],"texture":"#ore","cullface":"south"},
			"south":{"uv":	[12.01,2.01,13.99,2.99],"texture":"#ore","cullface":"south"},
			"west":{"uv":	[12.01,2.01,12.99,2.99],"texture":"#ore","cullface":"south"},
			"east":{"uv":	[13.01,2.01,13.99,2.99],"texture":"#ore","cullface":"south"}
		}
	},
	{
		"type":"cube", //South 7,3 to 9,4
		"from":[7,12,16],
		"to":[9,13,16.55],
		"rotation": {"origin": [ 8, 1, 8 ], "axis": "y", "angle": 0 },
		"faces": {
			"up":{"uv":		[7.01,3.01,8.99,3.99],"texture":"#ore","cullface":"south"},
			"down":{"uv":	[7.01,3.01,8.99,3.99],"texture":"#ore","cullface":"south"},
			"south":{"uv":	[7.01,3.01,8.99,3.99],"texture":"#ore","cullface":"south"},
			"west":{"uv":	[7.01,3.01,7.99,3.99],"texture":"#ore","cullface":"south"},
			"east":{"uv":	[8.01,3.01,8.99,3.99],"texture":"#ore","cullface":"south"}
		}
	},
	{
		"type":"cube", //South 5,5 to 7,6
		"from":[5,10,16],
		"to":[7,11,16.7],
		"rotation": {"origin": [ 8, 1, 8 ], "axis": "y", "angle": 0 },
		"faces": {
			"up":{"uv":		[5.01,5.01,6.99,5.99],"texture":"#ore","cullface":"south"},
			"south":{"uv":	[5.01,5.01,6.99,5.99],"texture":"#ore","cullface":"south"},
			"west":{"uv":	[5.01,5.01,5.99,5.99],"texture":"#ore","cullface":"south"},
			"east":{"uv":	[6.01,5.01,6.99,5.99],"texture":"#ore","cullface":"south"}
		}
	},
	{
		"type":"cube", //South 3,6 to 8,7
		"from":[3,9,16],
		"to":[8,10,16.7],
		"rotation": {"origin": [ 8, 1, 8 ], "axis": "y", "angle": 0 },
		"faces": {
			"up":{"uv":		[3.01,6.01,7.99,6.99],"texture":"#ore","cullface":"south"},
			"down":{"uv":	[3.01,6.01,7.99,6.99],"texture":"#ore","cullface":"south"},
			"south":{"uv":	[3.01,6.01,7.99,6.99],"texture":"#ore","cullface":"south"},
			"west":{"uv":	[3.01,6.01,3.99,6.99],"texture":"#ore","cullface":"south"},
			"east":{"uv":	[7.01,6.01,7.99,6.99],"texture":"#ore","cullface":"south"}
		}
	},
	{
		"type":"cube", //South 10,5 to 12,7
		"from":[10,9,16],
		"to":[12,11,16.4],
		"rotation": {"origin": [ 8, 1, 8 ], "axis": "y", "angle": 0 },
		"faces": {
			"up":{"uv":		[10.01,5.01,11.99,5.99],"texture":"#ore","cullface":"south"},
			"down":{"uv":	[10.01,6.01,11.99,6.99],"texture":"#ore","cullface":"south"},
			"south":{"uv":	[10.01,5.01,11.99,6.99],"texture":"#ore","cullface":"south"},
			"west":{"uv":	[10.01,5.01,10.99,6.99],"texture":"#ore","cullface":"south"},
			"east":{"uv":	[11.01,5.01,11.99,6.99],"texture":"#ore","cullface":"south"}
		}
	},
	{
		"type":"cube", //South 1,7 to 3,9
		"from":[1,7,16],
		"to":[3,9,16.25],
		"rotation": {"origin": [ 8, 1, 8 ], "axis": "y", "angle": 0 },
		"faces": {
			"up":{"uv":		[1.01,7.01,2.99,7.99],"texture":"#ore","cullface":"south"},
			"down":{"uv":	[1.01,8.01,2.99,8.99],"texture":"#ore","cullface":"south"},
			"south":{"uv":	[1.01,7.01,2.99,8.99],"texture":"#ore","cullface":"south"},
			"west":{"uv":	[1.01,7.01,1.99,8.99],"texture":"#ore","cullface":"south"},
			"east":{"uv":	[2.01,7.01,2.99,8.99],"texture":"#ore","cullface":"south"}
		}
	},
	{
		"type":"cube", //South 7,8 to 8,9
		"from":[7,7,16],
		"to":[8,8,16.25],
		"rotation": {"origin": [ 8, 1, 8 ], "axis": "y", "angle": 0 },
		"faces": {
			"up":{"uv":		[7.01,8.01,7.99,8.99],"texture":"#ore","cullface":"south"},
			"south":{"uv":	[7.01,8.01,7.99,8.99],"texture":"#ore","cullface":"south"},
			"west":{"uv":	[7.01,8.01,7.99,8.99],"texture":"#ore","cullface":"south"},
			"east":{"uv":	[7.01,8.01,7.99,8.99],"texture":"#ore","cullface":"south"}
		}
	},
	{
		"type":"cube", //South 9,8 to 12,9
		"from":[9,7,16],
		"to":[12,8,16.25],
		"rotation": {"origin": [ 8, 1, 8 ], "axis": "y", "angle": 0 },
		"faces": {
			"up":{"uv":		[9.01,8.01,11.99,8.99],"texture":"#ore","cullface":"south"},
			"south":{"uv":	[9.01,8.01,11.99,8.99],"texture":"#ore","cullface":"south"},
			"west":{"uv":	[9.01,8.01,9.99,8.99],"texture":"#ore","cullface":"south"},
			"east":{"uv":	[11.01,8.01,11.99,8.99],"texture":"#ore","cullface":"south"}
		}
	},
	{
		"type":"cube", //South 7,9 to 1,10
		"from":[7,6,16],
		"to":[12,7,16.25],
		"rotation": {"origin": [ 8, 1, 8 ], "axis": "y", "angle": 0 },
		"faces": {
			"up":{"uv":		[7.01,9.01,11.99,9.99],"texture":"#ore","cullface":"south"},
			"down":{"uv":	[7.01,9.01,11.99,9.99],"texture":"#ore","cullface":"south"},
			"south":{"uv":	[7.01,9.01,11.99,9.99],"texture":"#ore","cullface":"south"},
			"west":{"uv":	[7.01,9.01,7.99,9.99],"texture":"#ore","cullface":"south"},
			"east":{"uv":	[11.01,9.01,11.99,9.99],"texture":"#ore","cullface":"south"}
		}
	},
	{
		"type":"cube", //South 8,10 to 11,11
		"from":[8,5,16],
		"to":[11,6,16.25],
		"rotation": {"origin": [ 8, 1, 8 ], "axis": "y", "angle": 0 },
		"faces": {
			"up":{"uv":		[8.01,10.01,10.99,10.99],"texture":"#ore","cullface":"south"},
			"down":{"uv":	[8.01,10.01,10.99,10.99],"texture":"#ore","cullface":"south"},
			"south":{"uv":	[8.01,10.01,10.99,10.99],"texture":"#ore","cullface":"south"},
			"west":{"uv":	[8.01,10.01,8.99,10.99],"texture":"#ore","cullface":"south"},
			"east":{"uv":	[10.01,10.01,10.99,10.99],"texture":"#ore","cullface":"south"}
		}
	},
	{
		"type":"cube", //South 4,10 to 5,11
		"from":[4,5,16],
		"to":[5,6,16.4],
		"rotation": {"origin": [ 8, 1, 8 ], "axis": "y", "angle": 0 },
		"faces": {
			"up":{"uv":		[4.01,10.01,4.99,10.99],"texture":"#ore","cullface":"south"},
			"south":{"uv":	[4.01,10.01,4.99,10.99],"texture":"#ore","cullface":"south"},
			"west":{"uv":	[4.01,10.01,4.99,10.99],"texture":"#ore","cullface":"south"},
			"east":{"uv":	[4.01,10.01,4.99,10.99],"texture":"#ore","cullface":"south"}
		}
	},
	{
		"type":"cube", //South 2,11 to 5,12
		"from":[2,4,16],
		"to":[5,5,16.4],
		"rotation": {"origin": [ 8, 1, 8 ], "axis": "y", "angle": 0 },
		"faces": {
			"up":{"uv":		[2.01,11.01,4.99,11.99],"texture":"#ore","cullface":"south"},
			"down":{"uv":	[2.01,11.01,4.99,11.99],"texture":"#ore","cullface":"south"},
			"south":{"uv":	[2.01,11.01,4.99,11.99],"texture":"#ore","cullface":"south"},
			"west":{"uv":	[2.01,11.01,2.99,11.99],"texture":"#ore","cullface":"south"},
			"east":{"uv":	[4.01,11.01,4.99,11.99],"texture":"#ore","cullface":"south"}
		}
	},
	{
		"type":"cube", //South 5,12 to 6,13
		"from":[5,3,16],
		"to":[6,4,16.55],
		"rotation": {"origin": [ 8, 1, 8 ], "axis": "y", "angle": 0 },
		"faces": {
			"up":{"uv":		[5.01,12.01,5.99,12.99],"texture":"#ore","cullface":"south"},
			"south":{"uv":	[5.01,12.01,5.99,12.99],"texture":"#ore","cullface":"south"},
			"west":{"uv":	[5.01,12.01,5.99,12.99],"texture":"#ore","cullface":"south"},
			"east":{"uv":	[5.01,12.01,5.99,12.99],"texture":"#ore","cullface":"south"}
		}
	},
	{
		"type":"cube", //South 4,13 to 7,15
		"from":[4,1,16],
		"to":[7,3,16.55],
		"rotation": {"origin": [ 8, 1, 8 ], "axis": "y", "angle": 0 },
		"faces": {
			"up":{"uv":		[4.01,13.01,6.99,13.99],"texture":"#ore","cullface":"south"},
			"down":{"uv":	[4.01,14.01,6.99,14.99],"texture":"#ore","cullface":"south"},
			"south":{"uv":	[4.01,13.01,6.99,14.99],"texture":"#ore","cullface":"south"},
			"west":{"uv":	[4.01,13.01,4.99,14.99],"texture":"#ore","cullface":"south"},
			"east":{"uv":	[6.01,13.01,6.99,14.99],"texture":"#ore","cullface":"south"}
		}
	},
	{
		"type":"cube", //South 8,12 to 11,14
		"from":[8,2,16],
		"to":[11,4,16.4],
		"rotation": {"origin": [ 8, 1, 8 ], "axis": "y", "angle": 0 },
		"faces": {
			"up":{"uv":		[8.01,12.01,10.99,12.99],"texture":"#ore","cullface":"south"},
			"down":{"uv":	[8.01,13.01,10.99,13.99],"texture":"#ore","cullface":"south"},
			"south":{"uv":	[8.01,12.01,10.99,13.99],"texture":"#ore","cullface":"south"},
			"west":{"uv":	[8.01,12.01,8.99,13.99],"texture":"#ore","cullface":"south"},
			"east":{"uv":	[10.01,12.01,10.99,13.99],"texture":"#ore","cullface":"south"}
		}
	},
	{
		"type":"cube", //South 13,9 to 15,13
		"from":[13,3,16],
		"to":[15,7,16.7],
		"rotation": {"origin": [ 8, 1, 8 ], "axis": "y", "angle": 0 },
		"faces": {
			"up":{"uv":		[13.01,9.01,14.99,9.99],"texture":"#ore","cullface":"south"},
			"down":{"uv":	[13.01,12.01,14.99,12.99],"texture":"#ore","cullface":"south"},
			"south":{"uv":	[13.01,9.01,14.99,12.99],"texture":"#ore","cullface":"south"},
			"west":{"uv":	[13.01,9.01,13.99,12.99],"texture":"#ore","cullface":"south"},
			"east":{"uv":	[14.01,9.01,14.99,12.99],"texture":"#ore","cullface":"south"}
		}
	},
	{
		"type":"cube", //West 2,2 to 6,3
		"from":[-0.2,13,2],
		"to":[0,14,6],
		"rotation": {"origin": [ 8, 1, 8 ], "axis": "y", "angle": 0 },
		"faces": {
			"up":{"uv":		[2.01,2.01,5.99,2.99],"texture":"#ore","cullface":"west","rotation":90},
			"down":{"uv":	[2.01,2.01,5.99,2.99],"texture":"#ore","cullface":"west","rotation":270},
			"north":{"uv":	[2.01,2.01,2.99,2.99],"texture":"#ore","cullface":"west"},
			"south":{"uv":	[5.01,2.01,5.99,2.99],"texture":"#ore","cullface":"west"},
			"west":{"uv":	[2.01,2.01,5.99,2.99],"texture":"#ore","cullface":"west"}
		}
	},
	{
		"type":"cube", //West 5,3 to 6,4
		"from":[-0.2,12,5],
		"to":[0,13,6],
		"rotation": {"origin": [ 8, 1, 8 ], "axis": "y", "angle": 0 },
		"faces": {
			"down":{"uv":	[5.01,3.01,5.99,3.99],"texture":"#ore","cullface":"west","rotation":270},
			"north":{"uv":	[5.01,3.01,5.99,3.99],"texture":"#ore","cullface":"west"},
			"south":{"uv":	[5.01,3.01,5.99,3.99],"texture":"#ore","cullface":"west"},
			"west":{"uv":	[5.01,3.01,5.99,3.99],"texture":"#ore","cullface":"west"}
		}
	},
	{
		"type":"cube", //West 12,2 to 14,3
		"from":[-0.3,13,12],
		"to":[0,14,14],
		"rotation": {"origin": [ 8, 1, 8 ], "axis": "y", "angle": 0 },
		"faces": {
			"up":{"uv":		[12.01,2.01,13.99,2.99],"texture":"#ore","cullface":"west","rotation":90},
			"down":{"uv":	[12.01,2.01,13.99,2.99],"texture":"#ore","cullface":"west","rotation":270},
			"north":{"uv":	[12.01,2.01,12.99,2.99],"texture":"#ore","cullface":"west"},
			"south":{"uv":	[13.01,2.01,13.99,2.99],"texture":"#ore","cullface":"west"},
			"west":{"uv":	[12.01,2.01,13.99,2.99],"texture":"#ore","cullface":"west"}
		}
	},
	{
		"type":"cube", //West 7,3 to 9,4
		"from":[-0.4,12,7],
		"to":[0,13,9],
		"rotation": {"origin": [ 8, 1, 8 ], "axis": "y", "angle": 0 },
		"faces": {
			"up":{"uv":		[7.01,3.01,8.99,3.99],"texture":"#ore","cullface":"west","rotation":90},
			"down":{"uv":	[7.01,3.01,8.99,3.99],"texture":"#ore","cullface":"west","rotation":270},
			"north":{"uv":	[7.01,3.01,7.99,3.99],"texture":"#ore","cullface":"west"},
			"south":{"uv":	[8.01,3.01,8.99,3.99],"texture":"#ore","cullface":"west"},
			"west":{"uv":	[7.01,3.01,8.99,3.99],"texture":"#ore","cullface":"west"}
		}
	},
	{
		"type":"cube", //West 5,5 to 7,6
		"from":[-0.5,10,5],
		"to":[0,11,7],
		"rotation": {"origin": [ 8, 1, 8 ], "axis": "y", "angle": 0 },
		"faces": {
			"up":{"uv":		[5.01,5.01,6.99,5.99],"texture":"#ore","cullface":"west","rotation":90},
			"north":{"uv":	[5.01,5.01,5.99,5.99],"texture":"#ore","cullface":"west"},
			"south":{"uv":	[6.01,5.01,6.99,5.99],"texture":"#ore","cullface":"west"},
			"west":{"uv":	[5.01,5.01,6.99,5.99],"texture":"#ore","cullface":"west"}
		}
	},
	{
		"type":"cube", //West 3,6 to 8,7
		"from":[-0.5,9,3],
		"to":[0,10,8],
		"rotation": {"origin": [ 8, 1, 8 ], "axis": "y", "angle": 0 },
		"faces": {
			"up":{"uv":		[3.01,6.01,7.99,6.99],"texture":"#ore","cullface":"west","rotation":90},
			"down":{"uv":	[3.01,6.01,7.99,6.99],"texture":"#ore","cullface":"west","rotation":270},
			"north":{"uv":	[3.01,6.01,3.99,6.99],"texture":"#ore","cullface":"west"},
			"south":{"uv":	[7.01,6.01,7.99,6.99],"texture":"#ore","cullface":"west"},
			"west":{"uv":	[3.01,6.01,7.99,6.99],"texture":"#ore","cullface":"west"}
		}
	},
	{
		"type":"cube", //West 10,5 to 12,7
		"from":[-0.3,9,10],
		"to":[0,11,12],
		"rotation": {"origin": [ 8, 1, 8 ], "axis": "y", "angle": 0 },
		"faces": {
			"up":{"uv":		[10.01,5.01,11.99,5.99],"texture":"#ore","cullface":"west","rotation":90},
			"down":{"uv":	[10.01,6.01,11.99,6.99],"texture":"#ore","cullface":"west","rotation":270},
			"north":{"uv":	[10.01,5.01,10.99,6.99],"texture":"#ore","cullface":"west"},
			"south":{"uv":	[11.01,5.01,11.99,6.99],"texture":"#ore","cullface":"west"},
			"west":{"uv":	[10.01,5.01,11.99,6.99],"texture":"#ore","cullface":"west"}
		}
	},
	{
		"type":"cube", //West 1,7 to 3,9
		"from":[-0.2,7,1],
		"to":[0,9,3],
		"rotation": {"origin": [ 8, 1, 8 ], "axis": "y", "angle": 0 },
		"faces": {
			"up":{"uv":		[1.01,7.01,2.99,7.99],"texture":"#ore","cullface":"west","rotation":90},
			"down":{"uv":	[1.01,8.01,2.99,8.99],"texture":"#ore","cullface":"west","rotation":270},
			"north":{"uv":	[1.01,7.01,1.99,8.99],"texture":"#ore","cullface":"west"},
			"south":{"uv":	[2.01,7.01,2.99,8.99],"texture":"#ore","cullface":"west"},
			"west":{"uv":	[1.01,7.01,2.99,8.99],"texture":"#ore","cullface":"west"}
		}
	},
	{
		"type":"cube", //West 7,8 to 8,9
		"from":[-0.2,7,7],
		"to":[0,8,8],
		"rotation": {"origin": [ 8, 1, 8 ], "axis": "y", "angle": 0 },
		"faces": {
			"up":{"uv":		[7.01,8.01,7.99,8.99],"texture":"#ore","cullface":"west","rotation":90},
			"north":{"uv":	[7.01,8.01,7.99,8.99],"texture":"#ore","cullface":"west"},
			"south":{"uv":	[7.01,8.01,7.99,8.99],"texture":"#ore","cullface":"west"},
			"west":{"uv":	[7.01,8.01,7.99,8.99],"texture":"#ore","cullface":"west"}
		}
	},
	{
		"type":"cube", //West 9,8 to 12,9
		"from":[-0.2,7,9],
		"to":[0,8,12],
		"rotation": {"origin": [ 8, 1, 8 ], "axis": "y", "angle": 0 },
		"faces": {
			"up":{"uv":		[9.01,8.01,11.99,8.99],"texture":"#ore","cullface":"west","rotation":90},
			"north":{"uv":	[9.01,8.01,9.99,8.99],"texture":"#ore","cullface":"west"},
			"south":{"uv":	[11.01,8.01,11.99,8.99],"texture":"#ore","cullface":"west"},
			"west":{"uv":	[9.01,8.01,11.99,8.99],"texture":"#ore","cullface":"west"}
		}
	},
	{
		"type":"cube", //West 7,9 to 12,10
		"from":[-0.2,6,7],
		"to":[0,7,12],
		"rotation": {"origin": [ 8, 1, 8 ], "axis": "y", "angle": 0 },
		"faces": {
			"up":{"uv":		[7.01,9.01,11.99,9.99],"texture":"#ore","cullface":"west","rotation":90},
			"down":{"uv":	[7.01,9.01,11.99,9.99],"texture":"#ore","cullface":"west","rotation":270},
			"north":{"uv":	[7.01,9.01,7.99,9.99],"texture":"#ore","cullface":"west"},
			"south":{"uv":	[11.01,9.01,11.99,9.99],"texture":"#ore","cullface":"west"},
			"west":{"uv":	[7.01,9.01,11.99,9.99],"texture":"#ore","cullface":"west"}
		}
	},
	{
		"type":"cube", //West 8,10 to 11,11
		"from":[-0.2,5,8],
		"to":[0,6,11],
		"rotation": {"origin": [ 8, 1, 8 ], "axis": "y", "angle": 0 },
		"faces": {
			"up":{"uv":		[8.01,10.01,10.99,10.99],"texture":"#ore","cullface":"west","rotation":90},
			"down":{"uv":	[8.01,10.01,10.99,10.99],"texture":"#ore","cullface":"west","rotation":270},
			"north":{"uv":	[8.01,10.01,8.99,10.99],"texture":"#ore","cullface":"west"},
			"south":{"uv":	[10.01,10.01,10.99,10.99],"texture":"#ore","cullface":"west"},
			"west":{"uv":	[8.01,10.01,10.99,10.99],"texture":"#ore","cullface":"west"}
		}
	},
	{
		"type":"cube", //West 4,10 to 5,11
		"from":[-0.3,5,4],
		"to":[0,6,5],
		"rotation": {"origin": [ 8, 1, 8 ], "axis": "y", "angle": 0 },
		"faces": {
			"up":{"uv":		[4.01,10.01,4.99,10.99],"texture":"#ore","cullface":"west","rotation":90},
			"north":{"uv":	[4.01,10.01,4.99,10.99],"texture":"#ore","cullface":"west"},
			"south":{"uv":	[4.01,10.01,4.99,10.99],"texture":"#ore","cullface":"west"},
			"west":{"uv":	[4.01,10.01,4.99,10.99],"texture":"#ore","cullface":"west"}
		}
	},
	{
		"type":"cube", //West 2,11 to 5,12
		"from":[-0.3,4,2],
		"to":[0,5,5],
		"rotation": {"origin": [ 8, 1, 8 ], "axis": "y", "angle": 0 },
		"faces": {
			"up":{"uv":		[2.01,11.01,4.99,11.99],"texture":"#ore","cullface":"west","rotation":90},
			"down":{"uv":	[2.01,11.01,4.99,11.99],"texture":"#ore","cullface":"west","rotation":270},
			"north":{"uv":	[2.01,11.01,2.99,11.99],"texture":"#ore","cullface":"west"},
			"south":{"uv":	[4.01,11.01,4.99,11.99],"texture":"#ore","cullface":"west"},
			"west":{"uv":	[2.01,11.01,4.99,11.99],"texture":"#ore","cullface":"west"}
		}
	},
	{
		"type":"cube", //West 5,12 to 6,13
		"from":[-0.3,3,5],
		"to":[0,4,6],
		"rotation": {"origin": [ 8, 1, 8 ], "axis": "y", "angle": 0 },
		"faces": {
			"up":{"uv":		[5.01,12.01,5.99,12.99],"texture":"#ore","cullface":"west","rotation":90},
			"north":{"uv":	[5.01,12.01,5.99,12.99],"texture":"#ore","cullface":"west"},
			"south":{"uv":	[5.01,12.01,5.99,12.99],"texture":"#ore","cullface":"west"},
			"west":{"uv":	[5.01,12.01,5.99,12.99],"texture":"#ore","cullface":"west"}
		}
	},
	{
		"type":"cube", //West 4,13 to 7,15
		"from":[-0.3,1,4],
		"to":[0,3,7],
		"rotation": {"origin": [ 8, 1, 8 ], "axis": "y", "angle": 0 },
		"faces": {
			"up":{"uv":		[4.01,13.01,6.99,13.99],"texture":"#ore","cullface":"west","rotation":90},
			"down":{"uv":	[4.01,14.01,6.99,14.99],"texture":"#ore","cullface":"west","rotation":270},
			"north":{"uv":	[4.01,13.01,4.99,14.99],"texture":"#ore","cullface":"west"},
			"south":{"uv":	[6.01,13.01,6.99,14.99],"texture":"#ore","cullface":"west"},
			"west":{"uv":	[4.01,13.01,6.99,14.99],"texture":"#ore","cullface":"west"}
		}
	},
	{
		"type":"cube", //West 8,12 to 11,14
		"from":[-0.3,2,8],
		"to":[0,4,11],
		"rotation": {"origin": [ 8, 1, 8 ], "axis": "y", "angle": 0 },
		"faces": {
			"up":{"uv":		[8.01,12.01,10.99,12.99],"texture":"#ore","cullface":"west","rotation":90},
			"down":{"uv":	[8.01,13.01,10.99,13.99],"texture":"#ore","cullface":"west","rotation":90},
			"north":{"uv":	[8.01,12.01,8.99,13.99],"texture":"#ore","cullface":"west"},
			"south":{"uv":	[10.01,12.01,10.99,13.99],"texture":"#ore","cullface":"west"},
			"west":{"uv":	[8.01,12.01,10.99,13.99],"texture":"#ore","cullface":"west"}
		}
	},
	{
		"type":"cube", //West 13,9 to 15,13
		"from":[-0.5,3,13],
		"to":[0,7,15],
		"rotation": {"origin": [ 8, 1, 8 ], "axis": "y", "angle": 0 },
		"faces": {
			"up":{"uv":		[13.01,9.01,14.99,9.99],"texture":"#ore","cullface":"west","rotation":90},
			"down":{"uv":	[13.01,12.01,14.99,12.99],"texture":"#ore","cullface":"west","rotation":270},
			"north":{"uv":	[13.01,9.01,13.99,12.99],"texture":"#ore","cullface":"west"},
			"south":{"uv":	[14.01,9.01,14.99,12.99],"texture":"#ore","cullface":"west"},
			"west":{"uv":	[13.01,9.01,14.99,12.99],"texture":"#ore","cullface":"west"}
		}
	},
	{
		"type":"cube", //Bottom 2,2 to 6,3
		"from":[2,-0.2,13],
		"to":[6,0,14],
		"rotation": {"origin": [ 8, 1, 8 ], "axis": "y", "angle": 0 },
		"faces": {
			"down":{"uv":	[2.01,2.01,5.99,2.99],"texture":"#ore","cullface":"down"},
			"north":{"uv":	[2.01,2.01,5.99,2.99],"texture":"#ore","cullface":"down","rotation":180},
			"south":{"uv":	[2.01,2.01,5.99,2.99],"texture":"#ore","cullface":"down"},
			"west":{"uv":	[2.01,2.01,2.99,2.99],"texture":"#ore","cullface":"down"},
			"east":{"uv":	[5.01,2.01,5.99,2.99],"texture":"#ore","cullface":"down"}
		}
	},
	{
		"type":"cube", //Bottom 5,3 to 6,4
		"from":[5,-0.2,12],
		"to":[6,0,13],
		"rotation": {"origin": [ 8, 1, 8 ], "axis": "y", "angle": 0 },
		"faces": {
			"down":{"uv":	[5.01,3.01,5.99,3.99],"texture":"#ore","cullface":"down"},
			"north":{"uv":	[5.01,3.01,5.99,3.99],"texture":"#ore","cullface":"down","rotation":180},
			"west":{"uv":	[5.01,3.01,5.99,3.99],"texture":"#ore","cullface":"down"},
			"east":{"uv":	[5.01,3.01,5.99,3.99],"texture":"#ore","cullface":"down"}
		}
	},
	{
		"type":"cube", //Bottom 12,2 to 14,3
		"from":[12,-0.3,13],
		"to":[14,0,14],
		"rotation": {"origin": [ 8, 1, 8 ], "axis": "y", "angle": 0 },
		"faces": {
			"down":{"uv":	[12.01,2.01,13.99,2.99],"texture":"#ore","cullface":"down"},
			"north":{"uv":	[12.01,2.01,13.99,2.99],"texture":"#ore","cullface":"down","rotation":180},
			"south":{"uv":	[12.01,2.01,13.99,2.99],"texture":"#ore","cullface":"down"},
			"west":{"uv":	[12.01,2.01,12.99,2.99],"texture":"#ore","cullface":"down"},
			"east":{"uv":	[13.01,2.01,13.99,2.99],"texture":"#ore","cullface":"down"}
		}
	},
	{
		"type":"cube", //Bottom 7,3 to 9,4
		"from":[7,-0.4,12],
		"to":[9,0,13],
		"rotation": {"origin": [ 8, 1, 8 ], "axis": "y", "angle": 0 },
		"faces": {
			"down":{"uv":	[7.01,3.01,8.99,3.99],"texture":"#ore","cullface":"down"},
			"north":{"uv":	[7.01,3.01,8.99,3.99],"texture":"#ore","cullface":"down","rotation":180},
			"south":{"uv":	[7.01,3.01,8.99,3.99],"texture":"#ore","cullface":"down"},
			"west":{"uv":	[7.01,3.01,7.99,3.99],"texture":"#ore","cullface":"down"},
			"east":{"uv":	[8.01,3.01,8.99,3.99],"texture":"#ore","cullface":"down"}
		}
	},
	{
		"type":"cube", //Bottom 5,5 to 7,6
		"from":[5,-0.5,10],
		"to":[7,0,11],
		"rotation": {"origin": [ 8, 1, 8 ], "axis": "y", "angle": 0 },
		"faces": {
			"down":{"uv":	[5.01,5.01,6.99,5.99],"texture":"#ore","cullface":"down"},
			"south":{"uv":	[5.01,5.01,6.99,5.99],"texture":"#ore","cullface":"down"},
			"west":{"uv":	[5.01,5.01,5.99,5.99],"texture":"#ore","cullface":"down"},
			"east":{"uv":	[6.01,5.01,6.99,5.99],"texture":"#ore","cullface":"down"}
		}
	},
	{
		"type":"cube", //Bottom 3,6 to 8,7
		"from":[3,-0.5,9],
		"to":[8,0,10],
		"rotation": {"origin": [ 8, 1, 8 ], "axis": "y", "angle": 0 },
		"faces": {
			"down":{"uv":	[3.01,6.01,7.99,6.99],"texture":"#ore","cullface":"down"},
			"north":{"uv":	[3.01,6.01,7.99,6.99],"texture":"#ore","cullface":"down","rotation":180},
			"south":{"uv":	[3.01,6.01,7.99,6.99],"texture":"#ore","cullface":"down"},
			"west":{"uv":	[3.01,6.01,3.99,6.99],"texture":"#ore","cullface":"down"},
			"east":{"uv":	[7.01,6.01,7.99,6.99],"texture":"#ore","cullface":"down"}
		}
	},
	{
		"type":"cube", //Bottom 10,5 to 12,7
		"from":[10,-0.3,9],
		"to":[12,0,11],
		"rotation": {"origin": [ 8, 1, 8 ], "axis": "y", "angle": 0 },
		"faces": {
			"down":{"uv":	[10.01,5.01,11.99,6.99],"texture":"#ore","cullface":"down"},
			"north":{"uv":	[10.01,6.01,11.99,6.99],"texture":"#ore","cullface":"down","rotation":180},
			"south":{"uv":	[10.01,5.01,11.99,5.99],"texture":"#ore","cullface":"down"},
			"west":{"uv":	[10.01,5.01,10.99,6.99],"texture":"#ore","cullface":"down","rotation":90},
			"east":{"uv":	[11.01,5.01,11.99,6.99],"texture":"#ore","cullface":"down","rotation":270}
		}
	},
	{
		"type":"cube", //Bottom 1,7 to 3,9
		"from":[1,-0.2,7],
		"to":[3,0,9],
		"rotation": {"origin": [ 8, 1, 8 ], "axis": "y", "angle": 0 },
		"faces": {
			"down":{"uv":	[1.01,7.01,2.99,8.99],"texture":"#ore","cullface":"down"},
			"north":{"uv":	[1.01,8.01,2.99,8.99],"texture":"#ore","cullface":"down","rotation":180},
			"south":{"uv":	[1.01,7.01,2.99,7.99],"texture":"#ore","cullface":"down"},
			"west":{"uv":	[1.01,7.01,1.99,8.99],"texture":"#ore","cullface":"down","rotation":90},
			"east":{"uv":	[2.01,7.01,2.99,8.99],"texture":"#ore","cullface":"down","rotation":270}
		}
	},
	{
		"type":"cube", //Bottom 7,8 to 8,9
		"from":[7,-0.2,7],
		"to":[8,0,8],
		"rotation": {"origin": [ 8, 1, 8 ], "axis": "y", "angle": 0 },
		"faces": {
			"down":{"uv":	[7.01,8.01,7.99,8.99],"texture":"#ore","cullface":"down"},
			"south":{"uv":	[7.01,8.01,7.99,8.99],"texture":"#ore","cullface":"down"},
			"west":{"uv":	[7.01,8.01,7.99,8.99],"texture":"#ore","cullface":"down"},
			"east":{"uv":	[7.01,8.01,7.99,8.99],"texture":"#ore","cullface":"down"}
		}
	},
	{
		"type":"cube", //Bottom 9,8 to 12,9
		"from":[9,-0.2,7],
		"to":[12,0,8],
		"rotation": {"origin": [ 8, 1, 8 ], "axis": "y", "angle": 0 },
		"faces": {
			"down":{"uv":	[9.01,8.01,11.99,8.99],"texture":"#ore","cullface":"down"},
			"south":{"uv":	[9.01,8.01,11.99,8.99],"texture":"#ore","cullface":"down"},
			"west":{"uv":	[9.01,8.01,9.99,8.99],"texture":"#ore","cullface":"down"},
			"east":{"uv":	[11.01,8.01,11.99,8.99],"texture":"#ore","cullface":"down"}
		}
	},
	{
		"type":"cube", //Bottom 7,9 to 1,10
		"from":[7,-0.2,6],
		"to":[12,0,7],
		"rotation": {"origin": [ 8, 1, 8 ], "axis": "y", "angle": 0 },
		"faces": {
			"down":{"uv":	[7.01,9.01,11.99,9.99],"texture":"#ore","cullface":"down"},
			"north":{"uv":	[7.01,9.01,11.99,9.99],"texture":"#ore","cullface":"down","rotation":180},
			"south":{"uv":	[7.01,9.01,11.99,9.99],"texture":"#ore","cullface":"down"},
			"west":{"uv":	[7.01,9.01,7.99,9.99],"texture":"#ore","cullface":"down"},
			"east":{"uv":	[11.01,9.01,11.99,9.99],"texture":"#ore","cullface":"down"}
		}
	},
	{
		"type":"cube", //Bottom 8,10 to 11,11
		"from":[8,-0.2,5],
		"to":[11,0,6],
		"rotation": {"origin": [ 8, 1, 8 ], "axis": "y", "angle": 0 },
		"faces": {
			"down":{"uv":	[8.01,10.01,10.99,10.99],"texture":"#ore","cullface":"down"},
			"north":{"uv":	[8.01,10.01,10.99,10.99],"texture":"#ore","cullface":"down","rotation":180},
			"west":{"uv":	[8.01,10.01,8.99,10.99],"texture":"#ore","cullface":"down"},
			"east":{"uv":	[10.01,10.01,10.99,10.99],"texture":"#ore","cullface":"down"}
		}
	},
	{
		"type":"cube", //Bottom 4,10 to 5,11
		"from":[4,-0.3,5],
		"to":[5,0,6],
		"rotation": {"origin": [ 8, 1, 8 ], "axis": "y", "angle": 0 },
		"faces": {
			"down":{"uv":	[4.01,10.01,4.99,10.99],"texture":"#ore","cullface":"down"},
			"north":{"uv":	[4.01,10.01,4.99,10.99],"texture":"#ore","cullface":"down","rotation":180},
			"south":{"uv":	[4.01,10.01,4.99,10.99],"texture":"#ore","cullface":"down"},
			"west":{"uv":	[4.01,10.01,4.99,10.99],"texture":"#ore","cullface":"down"},
			"east":{"uv":	[4.01,10.01,4.99,10.99],"texture":"#ore","cullface":"down"}
		}
	},
	{
		"type":"cube", //Bottom 2,11 to 5,12
		"from":[2,-0.3,4],
		"to":[5,0,5],
		"rotation": {"origin": [ 8, 1, 8 ], "axis": "y", "angle": 0 },
		"faces": {
			"down":{"uv":	[2.01,11.01,4.99,11.99],"texture":"#ore","cullface":"down"},
			"north":{"uv":	[2.01,11.01,4.99,11.99],"texture":"#ore","cullface":"down","rotation":180},
			"south":{"uv":	[2.01,11.01,4.99,11.99],"texture":"#ore","cullface":"down"},
			"west":{"uv":	[2.01,11.01,2.99,11.99],"texture":"#ore","cullface":"down"},
			"east":{"uv":	[4.01,11.01,4.99,11.99],"texture":"#ore","cullface":"down"}
		}
	},
	{
		"type":"cube", //Bottom 5,12 to 6,13
		"from":[5,-0.3,3],
		"to":[6,0,4],
		"rotation": {"origin": [ 8, 1, 8 ], "axis": "y", "angle": 0 },
		"faces": {
			"down":{"uv":	[5.01,12.01,5.99,12.99],"texture":"#ore","cullface":"down"},
			"south":{"uv":	[5.01,12.01,5.99,12.99],"texture":"#ore","cullface":"down"},
			"west":{"uv":	[5.01,12.01,5.99,12.99],"texture":"#ore","cullface":"down"},
			"east":{"uv":	[5.01,12.01,5.99,12.99],"texture":"#ore","cullface":"down"}
		}
	},
	{
		"type":"cube", //Bottom 4,13 to 7,15
		"from":[4,-0.3,1],
		"to":[7,0,3],
		"rotation": {"origin": [ 8, 1, 8 ], "axis": "y", "angle": 0 },
		"faces": {
			"down":{"uv":	[4.01,13.01,6.99,14.99],"texture":"#ore","cullface":"down"},
			"north":{"uv":	[4.01,14.01,6.99,14.99],"texture":"#ore","cullface":"down","rotation":180},
			"south":{"uv":	[4.01,13.01,6.99,13.99],"texture":"#ore","cullface":"down"},
			"west":{"uv":	[4.01,13.01,4.99,14.99],"texture":"#ore","cullface":"down","rotation":90},
			"east":{"uv":	[6.01,13.01,6.99,14.99],"texture":"#ore","cullface":"down","rotation":270}
		}
	},
	{
		"type":"cube", //Bottom 8,12 to 11,14
		"from":[8,-0.3,2],
		"to":[11,0,4],
		"rotation": {"origin": [ 8, 1, 8 ], "axis": "y", "angle": 0 },
		"faces": {
			"down":{"uv":	[8.01,12.01,10.99,13.99],"texture":"#ore","cullface":"down"},
			"north":{"uv":	[8.01,13.01,10.99,13.99],"texture":"#ore","cullface":"down","rotation":180},
			"south":{"uv":	[8.01,12.01,10.99,12.99],"texture":"#ore","cullface":"down"},
			"west":{"uv":	[8.01,12.01,8.99,13.99],"texture":"#ore","cullface":"down","rotation":90},
			"east":{"uv":	[10.01,12.01,10.99,13.99],"texture":"#ore","cullface":"down","rotation":270}
		}
	},
	{
		"type":"cube", //Bottom 13,9 to 15,13
		"from":[13,-0.5,3],
		"to":[15,0,7],
		"rotation": {"origin": [ 8, 1, 8 ], "axis": "y", "angle": 0 },
		"faces": {
			"down":{"uv":	[13.01,9.01,14.99,12.99],"texture":"#ore","cullface":"down"},
			"north":{"uv":	[13.01,12.01,14.99,12.99],"texture":"#ore","cullface":"down","rotation":180},
			"south":{"uv":	[13.01,9.01,14.99,9.99],"texture":"#ore","cullface":"down"},
			"west":{"uv":	[13.01,9.01,13.99,12.99],"texture":"#ore","cullface":"down","rotation":90},
			"east":{"uv":	[14.01,9.01,14.99,12.99],"texture":"#ore","cullface":"down","rotation":270}
		}
	}
],
"display": {
	"thirdperson": {
		"rotation": [ 0, 45, 1 ],
		"translation": [ 0, 0.5, 0 ],
		"scale": [ 1.1, 1.1, 1.1 ]
	},
	"firstperson": {
		"rotation": [ 0, 0, 0 ],
		"translation": [ 0, 0, 0 ],
		"scale": [ 1, 1, 1 ]
	},
	"gui": {
		"rotation": [ 0, 0, 0 ],
		"translation": [ 0, 0, 0 ],
		"scale": [ 1, 1, 1 ]
	}
}
}