{
"__comment":"Made by Know2Good, part of the 'Default 3D™' resource pack || Official download page: http://www.planetminecraft.com/texture_pack/default-3d-2985741/ || © Know2Good. All rights reserved. ",
"__comment":"No UV-bleed, OK coordinate, OK texture, OK cullface",

"textures": {
	"block": 	"blocks/cobblestone",
	"stone": 	"blocks/brick",
	"lever": 	"blocks/lever",
	"particle":	"blocks/cobblestone"
},
"elements":[
	{
		"type":"cube", //Lever
		"from":[7.5,0,7.5],
		"to":[8.5,7,8.5],
		"rotation": {"origin": [ 8, 1, 8 ], "axis": "x", "angle": 45 },
		"faces": {
			"north":{"uv":	[7.01,9.01,7.99,15.99],"texture":"#lever","cullface":"Know2Good"},
			"south":{"uv":	[7.01,9.01,7.99,15.99],"texture":"#lever","cullface":"Know2Good"},
			"west":{"uv":	[7.01,9.01,7.99,15.99],"texture":"#lever","cullface":"Know2Good"},
			"east":{"uv":	[7.01,9.01,7.99,15.99],"texture":"#lever","cullface":"Know2Good"}
		}
	},
	{
		"type":"cube", //Lever Top
		"from":[7.25,7,7.25],
		"to":[8.75,9,8.75],
		"rotation": {"origin": [ 8, 1, 8 ], "axis": "x", "angle": 45 },
		"faces": {
			"down":{"uv":	[6.01,1.01,7.99,2.99],"texture":"#stone","cullface":"Know2Good"},
			"up":{"uv":		[6.01,1.01,7.99,2.99],"texture":"#stone","cullface":"Know2Good"},
			"north":{"uv":	[6.01,1.01,7.99,2.99],"texture":"#stone","cullface":"Know2Good"},
			"south":{"uv":	[6.01,1.01,7.99,2.99],"texture":"#stone","cullface":"Know2Good"},
			"west":{"uv":	[6.01,1.01,7.99,2.99],"texture":"#stone","cullface":"Know2Good"},
			"east":{"uv":	[6.01,1.01,7.99,2.99],"texture":"#stone","cullface":"Know2Good"}
		}
	},
	{
		"type":"cube", //Block
		"from":[5.999,-1,4.999],
		"to":[10.001,2,11.001],
		"rotation": {"origin": [ 8, 1, 8 ], "axis": "y", "angle": 0 },
		"faces": {
			"up":{"uv":		[6.01,5.01,9.99,10.99],"texture":"#block","cullface":"Know2Good"},
			"north":{"uv":	[10.01,5.01,5.99,7.99],"texture":"#block","cullface":"Know2Good"},
			"south":{"uv":	[10.01,8.01,5.99,10.99],"texture":"#block","cullface":"Know2Good","rotation":180},
			"west":{"uv":	[9.01,5.01,5.99,10.99],"texture":"#block","cullface":"Know2Good","rotation":270},
			"east":{"uv":	[10.01,5.01,6.99,10.99],"texture":"#block","cullface":"Know2Good","rotation":90}
		}
	},
	{
		"type":"cube", //Top 1
		"from":[9,2,5],
		"to":[10,2.30,6],
		"rotation": {"origin": [ 8, 1, 8 ], "axis": "y", "angle": 0 },
		"faces": {
			"up":{"uv":		[9.01,5.01,9.99,5.99],"texture":"#block","cullface":"up"},
			"north":{"uv":	[9.01,5.01,9.99,5.99],"texture":"#block","cullface":"up","rotation":180},
			"south":{"uv":	[9.01,5.01,9.99,5.99],"texture":"#block","cullface":"up"},
			"west":{"uv":	[9.01,5.01,9.99,5.99],"texture":"#block","cullface":"up","rotation":270},
			"east":{"uv":	[9.01,5.01,9.99,5.99],"texture":"#block","cullface":"up","rotation":90}
		}
	},	
	{
		"type":"cube", //Top 2
		"from":[6,2,6],
		"to":[7,2.30,7],
		"rotation": {"origin": [ 8, 1, 8 ], "axis": "y", "angle": 0 },
		"faces": {
			"up":{"uv":		[6.01,6.01,6.99,6.99],"texture":"#block","cullface":"up"},
			"north":{"uv":	[6.01,6.01,6.99,6.99],"texture":"#block","cullface":"up","rotation":180},
			"south":{"uv":	[6.01,6.01,6.99,6.99],"texture":"#block","cullface":"up"},
			"west":{"uv":	[6.01,6.01,6.99,6.99],"texture":"#block","cullface":"up","rotation":270},
			"east":{"uv":	[6.01,6.01,6.99,6.99],"texture":"#block","cullface":"up","rotation":90}
		}
	},	
	{
		"type":"cube", //Top 3
		"from":[6,2,6],
		"to":[7,2.30,7],
		"rotation": {"origin": [ 8, 1, 8 ], "axis": "y", "angle": 0 },
		"faces": {
			"up":{"uv":		[6.01,6.01,6.99,6.99],"texture":"#block","cullface":"up"},
			"north":{"uv":	[6.01,6.01,6.99,6.99],"texture":"#block","cullface":"up","rotation":180},
			"south":{"uv":	[6.01,6.01,6.99,6.99],"texture":"#block","cullface":"up"},
			"west":{"uv":	[6.01,6.01,6.99,6.99],"texture":"#block","cullface":"up","rotation":270},
			"east":{"uv":	[6.01,6.01,6.99,6.99],"texture":"#block","cullface":"up","rotation":90}
		}
	},	
	{
		"type":"cube", //Top 4
		"from":[7,2,7],
		"to":[9,2.20,8],
		"rotation": {"origin": [ 8, 1, 8 ], "axis": "y", "angle": 0 },
		"faces": {
			"up":{"uv":		[7.01,7.01,8.99,7.99],"texture":"#block","cullface":"up"},
			"north":{"uv":	[7.01,7.01,8.99,7.99],"texture":"#block","cullface":"up","rotation":180},
			"west":{"uv":	[7.01,7.01,7.99,7.99],"texture":"#block","cullface":"up","rotation":270},
			"east":{"uv":	[8.01,7.01,8.99,7.99],"texture":"#block","cullface":"up","rotation":90}
		}
	},
	{
		"type":"cube", //Top 5
		"from":[6,2,8],
		"to":[10,2.20,9],
		"rotation": {"origin": [ 8, 1, 8 ], "axis": "y", "angle": 0 },
		"faces": {
			"up":{"uv":		[6.01,8.01,9.99,8.99],"texture":"#block","cullface":"up"},
			"north":{"uv":	[6.01,8.01,9.99,8.99],"texture":"#block","cullface":"up","rotation":180},
			"south":{"uv":	[6.01,8.01,9.99,8.99],"texture":"#block","cullface":"up"},
			"west":{"uv":	[6.01,8.01,6.99,8.99],"texture":"#block","cullface":"up","rotation":270},
			"east":{"uv":	[9.01,8.01,9.99,8.99],"texture":"#block","cullface":"up","rotation":90}
		}
	},
	{
		"type":"cube", //Top 6
		"from":[8,2,9],
		"to":[10,2.20,10],
		"rotation": {"origin": [ 8, 1, 8 ], "axis": "y", "angle": 0 },
		"faces": {
			"up":{"uv":		[8.01,9.01,9.99,9.99],"texture":"#block","cullface":"up"},
			"south":{"uv":	[8.01,9.01,9.99,9.99],"texture":"#block","cullface":"up"},
			"west":{"uv":	[8.01,9.01,8.99,9.99],"texture":"#block","cullface":"up","rotation":270},
			"east":{"uv":	[9.01,9.01,9.99,9.99],"texture":"#block","cullface":"up","rotation":90}
		}
	},	
	{
		"type":"cube", //North 1
		"from":[9,1,4.70],
		"to":[10,2,5],
		"rotation": {"origin": [ 8, 1, 8 ], "axis": "y", "angle": 0 },
		"faces": {
			"up":{"uv":		[9.01,5.01,9.99,5.99],"texture":"#block","cullface":"up"},
			"down":{"uv":	[9.01,5.01,9.99,5.99],"texture":"#block","cullface":"up"},
			"north":{"uv":	[9.01,5.01,9.99,5.99],"texture":"#block","cullface":"up","rotation":180},
			"south":{"uv":	[9.01,5.01,9.99,5.99],"texture":"#block","cullface":"up"},
			"west":{"uv":	[9.01,5.01,9.99,5.99],"texture":"#block","cullface":"up","rotation":270},
			"east":{"uv":	[9.01,5.01,9.99,5.99],"texture":"#block","cullface":"up","rotation":90}
		}
	},
	{
		"type":"cube", //North 2
		"from":[6,0,4.70],
		"to":[7,1,5],
		"rotation": {"origin": [ 8, 1, 8 ], "axis": "y", "angle": 0 },
		"faces": {
			"up":{"uv":		[6.01,6.01,6.99,6.99],"texture":"#block","cullface":"up"},
			"north":{"uv":	[6.01,6.01,6.99,6.99],"texture":"#block","cullface":"up","rotation":180},
			"south":{"uv":	[6.01,6.01,6.99,6.99],"texture":"#block","cullface":"up"},
			"west":{"uv":	[6.01,6.01,6.99,6.99],"texture":"#block","cullface":"up","rotation":270},
			"east":{"uv":	[6.01,6.01,6.99,6.99],"texture":"#block","cullface":"up","rotation":90}
		}
	},
	{
		"type":"cube", //East 1
		"from":[10,1,8],
		"to":[10.20,2,10],
		"rotation": {"origin": [ 8, 1, 8 ], "axis": "y", "angle": 0 },
		"faces": {
			"up":{"uv":		[10.01,8.01,8.99,9.99],"texture":"#block","cullface":"Know2Good"},
			"north":{"uv":	[10.01,9.01,8.99,9.99],"texture":"#block","cullface":"Know2Good"},
			"south":{"uv":	[10.01,8.01,8.99,8.99],"texture":"#block","cullface":"Know2Good","rotation":180},
			"east":{"uv":	[10.01,8.01,8.99,9.99],"texture":"#block","cullface":"Know2Good","rotation":90}
		}
	},
	{
		"type":"cube", //East 2
		"from":[10,0,7],
		"to":[10.20,1,10],
		"rotation": {"origin": [ 8, 1, 8 ], "axis": "y", "angle": 0 },
		"faces": {
			"up":{"uv":		[9.01,7.01,7.99,9.99],"texture":"#block","cullface":"Know2Good"},
			"down":{"uv":	[9.01,7.01,7.99,9.99],"texture":"#block","cullface":"Know2Good"},
			"north":{"uv":	[9.01,9.01,7.99,9.99],"texture":"#block","cullface":"Know2Good"},
			"south":{"uv":	[9.01,7.01,7.99,7.99],"texture":"#block","cullface":"Know2Good","rotation":180},
			"east":{"uv":	[9.01,7.01,7.99,9.99],"texture":"#block","cullface":"Know2Good","rotation":90}
		}
	},
	{
		"type":"cube", //East 3
		"from":[10,1,5],
		"to":[10.20,2,6],
		"rotation": {"origin": [ 8, 1, 8 ], "axis": "y", "angle": 0 },
		"faces": {
			"up":{"uv":		[10.01,5.01,8.99,5.99],"texture":"#block","cullface":"Know2Good"},
			"down":{"uv":	[10.01,5.01,8.99,5.99],"texture":"#block","cullface":"Know2Good"},
			"north":{"uv":	[10.01,5.01,8.99,5.99],"texture":"#block","cullface":"Know2Good"},
			"south":{"uv":	[10.01,5.01,8.99,5.99],"texture":"#block","cullface":"Know2Good","rotation":180},
			"east":{"uv":	[10.01,5.01,8.99,5.99],"texture":"#block","cullface":"Know2Good","rotation":90}
		}
	},
	{
		"type":"cube", //South 1
		"from":[8,0,11],
		"to":[10,1,11.20],
		"rotation": {"origin": [ 8, 1, 8 ], "axis": "y", "angle": 0 },
		"faces": {
			"up":{"uv":		[8.01,9.01,9.99,9.99],"texture":"#block","cullface":"Know2Good"},
			"down":{"uv":	[8.01,9.01,9.99,9.99],"texture":"#block","cullface":"Know2Good"},
			"south":{"uv":	[8.01,9.01,9.99,9.99],"texture":"#block","cullface":"Know2Good","rotation":180},
			"west":{"uv":	[8.01,9.01,8.99,9.99],"texture":"#block","cullface":"Know2Good","rotation":270},
			"east":{"uv":	[9.01,9.01,9.99,9.99],"texture":"#block","cullface":"Know2Good","rotation":90}
		}
	},
	{
		"type":"cube", //West 1
		"from":[5.70,1,6],
		"to":[6,2,7],
		"rotation": {"origin": [ 8, 1, 8 ], "axis": "y", "angle": 0 },
		"faces": {
			"up":{"uv":		[6.01,6.01,6.99,6.99],"texture":"#block","cullface":"Know2Good"},
			"down":{"uv":	[6.01,6.01,6.99,6.99],"texture":"#block","cullface":"Know2Good"},
			"north":{"uv":	[6.01,6.01,6.99,6.99],"texture":"#block","cullface":"Know2Good","rotation":270},
			"south":{"uv":	[6.01,6.01,6.99,6.99],"texture":"#block","cullface":"Know2Good","rotation":270},
			"west":{"uv":	[6.01,6.01,6.99,6.99],"texture":"#block","cullface":"Know2Good","rotation":270}
		}
	},
	{
		"type":"cube", //West 2
		"from":[5.80,0,7],
		"to":[6,1,8],
		"rotation": {"origin": [ 8, 1, 8 ], "axis": "y", "angle": 0 },
		"faces": {
			"up":{"uv":		[7.01,7.01,7.99,7.99],"texture":"#block","cullface":"Know2Good"},
			"down":{"uv":	[7.01,7.01,7.99,7.99],"texture":"#block","cullface":"Know2Good"},
			"north":{"uv":	[7.01,7.01,7.99,7.99],"texture":"#block","cullface":"Know2Good"},
			"west":{"uv":	[7.01,7.01,7.99,7.99],"texture":"#block","cullface":"Know2Good","rotation":270}
		}
	},
	{
		"type":"cube", //West 3
		"from":[5.80,0,8],
		"to":[6,2,9],
		"rotation": {"origin": [ 8, 1, 8 ], "axis": "y", "angle": 0 },
		"faces": {
			"up":{"uv":		[7.01,8.01,7.99,8.99],"texture":"#block","cullface":"Know2Good"},
			"down":{"uv":	[6.01,8.01,6.99,8.99],"texture":"#block","cullface":"Know2Good"},
			"north":{"uv":	[8.01,8.01,5.99,8.99],"texture":"#block","cullface":"Know2Good","rotation":270},
			"south":{"uv":	[8.01,8.01,5.99,8.99],"texture":"#block","cullface":"Know2Good","rotation":270},
			"west":{"uv":	[8.01,8.01,5.99,8.99],"texture":"#block","cullface":"Know2Good","rotation":270}
		}
	},
	{
		"type":"cube", //Bottom 15,15 to 16,16
		"from":[0,0,0],
		"to":[0,0,0],
		"rotation": {"origin": [ 8, 1, 8 ], "axis": "y", "angle": 0 },
		"faces": {
			"down":{"uv":	[15.01,15.01,15.99,15.99],"texture":"#block","cullface":"down"},
			"north":{"uv":	[15.01,15.01,15.99,15.99],"texture":"#block","cullface":"down","rotation":180},
			"south":{"uv":	[15.01,15.01,15.99,15.99],"texture":"#block","cullface":"down"},
			"west":{"uv":	[15.01,15.01,15.99,15.99],"texture":"#block","cullface":"down","rotation":90},
			"east":{"uv":	[15.01,15.01,15.99,15.99],"texture":"#block","cullface":"down","rotation":270}
            }
        }
    ]
}