{
"__comment":"Made by Know2Good, part of the 'Default 3D™' resource pack || Official download page: http://www.planetminecraft.com/texture_pack/default-3d-2985741/ || © Know2Good. All rights reserved. ",
"__comment":"No UV-bleed, OK coordinate, OK texture, OK cullface",
"textures": {
    "block": "blocks/mob_spawner",
    "particle": "blocks/mob_spawner"
},
"elements":[
	{
		"type":"cube", //Frame up north
		"from":[1,15,0],
		"to":[15,16,1],
		"rotation": {"origin": [ 8, 1, 8 ], "axis": "y", "angle": 0 },
		"faces": {
			"down":{"uv":	[1.01,0.01,14.99,0.99],"texture":"#block","cullface":Know2Good},
			"up":{"uv":		[1.01,0.01,14.99,0.99],"texture":"#block","cullface":up},
			"north":{"uv":	[1.01,0.01,14.99,0.99],"texture":"#block","cullface":north,"rotation": 180},
			"south":{"uv":	[1.01,0.01,14.99,0.99],"texture":"#block","cullface":Know2Good}
		}
	},
	{
		"type":"cube", //Frame up east
		"from":[15,15,1],
		"to":[16,16,15],
		"rotation": {"origin": [ 8, 1, 8 ], "axis": "y", "angle": 0 },
		"faces": {
			"down":{"uv":	[15.01,1.01,15.99,14.99],"texture":"#block","cullface":Know2Good,"rotation": 180},
			"up":{"uv":		[15.01,1.01,15.99,14.99],"texture":"#block","cullface":up},
			"west":{"uv":	[15.01,1.01,15.99,14.99],"texture":"#block","cullface":Know2Good,"rotation": 270},
			"east":{"uv":	[15.01,1.01,15.99,14.99],"texture":"#block","cullface":east,"rotation": 90}
		}
	},
	{
		"type":"cube", //Frame up south
		"from":[1,15,15],
		"to":[15,16,16],
		"rotation": {"origin": [ 8, 1, 8 ], "axis": "y", "angle": 0 },
		"faces": {
			"down":{"uv":	[1.01,15.01,14.99,15.99],"texture":"#block","cullface":Know2Good},
			"up":{"uv":		[1.01,15.01,14.99,15.99],"texture":"#block","cullface":up},
			"north":{"uv":	[1.01,15.01,14.99,15.99],"texture":"#block","cullface":Know2Good,"rotation": 180},
			"south":{"uv":	[1.01,15.01,14.99,15.99],"texture":"#block","cullface":south}
		}
	},
	{
		"type":"cube", //Frame up west
		"from":[0,15,1],
		"to":[1,16,15],
		"rotation": {"origin": [ 8, 1, 8 ], "axis": "y", "angle": 0 },
		"faces": {
			"down":{"uv":	[0.01,1.01,0.99,14.99],"texture":"#block","cullface":Know2Good,"rotation": 180},
			"up":{"uv":		[0.01,1.01,0.99,14.99],"texture":"#block","cullface":up},
			"west":{"uv":	[0.01,1.01,0.99,14.99],"texture":"#block","cullface":west,"rotation": 270},
			"east":{"uv":	[0.01,1.01,0.99,14.99],"texture":"#block","cullface":Know2Good,"rotation": 90}
		}
	},
	{
		"type":"cube", //Frame top north to south
		"from":[1,15,2],
		"to":[15,15.5,3],
		"rotation": {"origin": [ 8, 1, 8 ], "axis": "y", "angle": 0 },
		"faces": {
			"down":{"uv":	[1.01,2.01,14.99,2.99],"texture":"#block","cullface":Know2Good},
			"up":{"uv":		[1.01,2.01,14.99,2.99],"texture":"#block","cullface":Know2Good},
			"north":{"uv":	[1.01,2.01,14.99,2.99],"texture":"#block","cullface":Know2Good,"rotation": 180},
			"south":{"uv":	[1.01,2.01,14.99,2.99],"texture":"#block","cullface":Know2Good}
		}
	},
	{
		"type":"cube", //Frame top north to south
		"from":[1,15.5,5],
		"to":[15,16,6],
		"rotation": {"origin": [ 8, 1, 8 ], "axis": "y", "angle": 0 },
		"faces": {
			"down":{"uv":	[1.01,5.01,14.99,5.99],"texture":"#block","cullface":Know2Good},
			"up":{"uv":		[1.01,5.01,14.99,5.99],"texture":"#block","cullface":up},
			"north":{"uv":	[1.01,5.01,14.99,5.99],"texture":"#block","cullface":Know2Good,"rotation": 180},
			"south":{"uv":	[1.01,5.01,14.99,5.99],"texture":"#block","cullface":Know2Good}
		}
	},
	{
		"type":"cube", //Frame top north to south
		"from":[1,15.5,10],
		"to":[15,16,11],
		"rotation": {"origin": [ 8, 1, 8 ], "axis": "y", "angle": 0 },
		"faces": {
			"down":{"uv":	[1.01,10.01,14.99,10.99],"texture":"#block","cullface":Know2Good},
			"up":{"uv":		[1.01,10.01,14.99,10.99],"texture":"#block","cullface":up},
			"north":{"uv":	[1.01,10.01,14.99,10.99],"texture":"#block","cullface":Know2Good,"rotation": 180},
			"south":{"uv":	[1.01,10.01,14.99,10.99],"texture":"#block","cullface":Know2Good}
		}
	},
	{
		"type":"cube", //Frame top north to south
		"from":[1,15,13],
		"to":[15,15.5,14],
		"rotation": {"origin": [ 8, 1, 8 ], "axis": "y", "angle": 0 },
		"faces": {
			"down":{"uv":	[1.01,13.01,14.99,13.99],"texture":"#block","cullface":Know2Good},
			"up":{"uv":		[1.01,13.01,14.99,13.99],"texture":"#block","cullface":Know2Good},
			"north":{"uv":	[1.01,13.01,14.99,13.99],"texture":"#block","cullface":Know2Good,"rotation": 180},
			"south":{"uv":	[1.01,13.01,14.99,13.99],"texture":"#block","cullface":Know2Good}
		}
	},
	{
		"type":"cube", //Frame top west to east
		"from":[2,15.002,1],
		"to":[3,15.498,15],
		"rotation": {"origin": [ 8, 1, 8 ], "axis": "y", "angle": 0 },
		"faces": {
			"down":{"uv":	[2.01,1.01,2.99,14.99],"texture":"#block","cullface":Know2Good,"rotation": 180},
			"up":{"uv":		[2.01,1.01,2.99,14.99],"texture":"#block","cullface":Know2Good},
			"west":{"uv":	[2.01,1.01,2.99,14.99],"texture":"#block","cullface":Know2Good,"rotation": 270},
			"east":{"uv":	[2.01,1.01,2.99,14.99],"texture":"#block","cullface":Know2Good,"rotation": 90}
		}
	},
	{
		"type":"cube", //Frame top west to east
		"from":[5,15.502,1],
		"to":[6,15.998,15],
		"rotation": {"origin": [ 8, 1, 8 ], "axis": "y", "angle": 0 },
		"faces": {
			"down":{"uv":	[5.01,1.01,5.99,14.99],"texture":"#block","cullface":Know2Good,"rotation": 180},
			"up":{"uv":		[5.01,1.01,5.99,14.99],"texture":"#block","cullface":up},
			"west":{"uv":	[5.01,1.01,5.99,14.99],"texture":"#block","cullface":Know2Good,"rotation": 270},
			"east":{"uv":	[5.01,1.01,5.99,14.99],"texture":"#block","cullface":Know2Good,"rotation": 90}
		}
	},
	{
		"type":"cube", //Frame top west to east
		"from":[10,15.502,1],
		"to":[11,15.998,15],
		"rotation": {"origin": [ 8, 1, 8 ], "axis": "y", "angle": 0 },
		"faces": {
			"down":{"uv":	[10.01,1.01,10.99,14.99],"texture":"#block","cullface":Know2Good,"rotation": 180},
			"up":{"uv":		[10.01,1.01,10.99,14.99],"texture":"#block","cullface":up},
			"west":{"uv":	[10.01,1.01,10.99,14.99],"texture":"#block","cullface":Know2Good,"rotation": 270},
			"east":{"uv":	[10.01,1.01,10.99,14.99],"texture":"#block","cullface":Know2Good,"rotation": 90}
		}
	},
	{
		"type":"cube", //Frame top west to east
		"from":[13,15.002,1],
		"to":[14,15.498,15],
		"rotation": {"origin": [ 8, 1, 8 ], "axis": "y", "angle": 0 },
		"faces": {
			"down":{"uv":	[13.01,1.01,13.99,14.99],"texture":"#block","cullface":Know2Good,"rotation": 180},
			"up":{"uv":		[13.01,1.01,13.99,14.99],"texture":"#block","cullface":Know2Good},
			"west":{"uv":	[13.01,1.01,13.99,14.99],"texture":"#block","cullface":Know2Good,"rotation": 270},
			"east":{"uv":	[13.01,1.01,13.99,14.99],"texture":"#block","cullface":Know2Good,"rotation": 90}
		}
	},
	{
		"type":"cube", //Frame side north-west
		"from":[0,0,0],
		"to":[1,16,1],
		"rotation": {"origin": [ 8, 1, 8 ], "axis": "y", "angle": 0 },
		"faces": {
			"down":{"uv":	[15.01,15.01,15.99,15.99],"texture":"#block","cullface":down},
			"up":{"uv":		[15.01,0.01,15.99,0.99],"texture":"#block","cullface":up},
			"north":{"uv":	[15.01,0.01,15.99,15.99],"texture":"#block","cullface":north},
			"south":{"uv":	[15.01,0.01,15.99,15.99],"texture":"#block","cullface":Know2Good},
			"west":{"uv":	[15.01,0.01,15.99,15.99],"texture":"#block","cullface":west},
			"east":{"uv":	[15.01,0.01,15.99,15.99],"texture":"#block","cullface":Know2Good}
		}
	},
	{
		"type":"cube", //Frame north left to right
		"from":[13,1,0.5],
		"to":[14,15,1],
		"rotation": {"origin": [ 8, 1, 8 ], "axis": "y", "angle": 0 },
		"faces": {
			"north":{"uv":	[2.01,1.01,2.99,14.99],"texture":"#block","cullface":Know2Good},
			"south":{"uv":	[2.01,1.01,2.99,14.99],"texture":"#block","cullface":Know2Good},
			"west":{"uv":	[2.01,1.01,2.99,14.99],"texture":"#block","cullface":Know2Good},
			"east":{"uv":	[2.01,1.01,2.99,14.99],"texture":"#block","cullface":Know2Good}
		}
	},
	{
		"type":"cube", //Frame north left to right
		"from":[10,1,0],
		"to":[11,15,0.5],
		"rotation": {"origin": [ 8, 1, 8 ], "axis": "y", "angle": 0 },
		"faces": {
			"north":{"uv":	[5.01,1.01,5.99,14.99],"texture":"#block","cullface":north},
			"south":{"uv":	[5.01,1.01,5.99,14.99],"texture":"#block","cullface":Know2Good},
			"west":{"uv":	[5.01,1.01,5.99,14.99],"texture":"#block","cullface":Know2Good},
			"east":{"uv":	[5.01,1.01,5.99,14.99],"texture":"#block","cullface":Know2Good}
		}
	},
	{
		"type":"cube", //Frame north left to right
		"from":[5,1,0],
		"to":[6,15,0.5],
		"rotation": {"origin": [ 8, 1, 8 ], "axis": "y", "angle": 0 },
		"faces": {
			"north":{"uv":	[10.01,1.01,10.99,14.99],"texture":"#block","cullface":north},
			"south":{"uv":	[10.01,1.01,10.99,14.99],"texture":"#block","cullface":Know2Good},
			"west":{"uv":	[10.01,1.01,10.99,14.99],"texture":"#block","cullface":Know2Good},
			"east":{"uv":	[10.01,1.01,10.99,14.99],"texture":"#block","cullface":Know2Good}
		}
	},
	{
		"type":"cube", //Frame north left to right
		"from":[2,1,0.5],
		"to":[3,15,1],
		"rotation": {"origin": [ 8, 1, 8 ], "axis": "y", "angle": 0 },
		"faces": {
			"north":{"uv":	[13.01,1.01,13.99,14.99],"texture":"#block","cullface":Know2Good},
			"south":{"uv":	[13.01,1.01,13.99,14.99],"texture":"#block","cullface":Know2Good},
			"west":{"uv":	[13.01,1.01,13.99,14.99],"texture":"#block","cullface":Know2Good},
			"east":{"uv":	[13.01,1.01,13.99,14.99],"texture":"#block","cullface":Know2Good}
		}
	},
	{
		"type":"cube", //Frame north bottom to top
		"from":[1,2,0.502],
		"to":[15,3,0.998],
		"rotation": {"origin": [ 8, 1, 8 ], "axis": "y", "angle": 0 },
		"faces": {
			"down":{"uv":	[1.01,13.01,14.99,13.99],"texture":"#block","cullface":Know2Good,"rotation": 180},
			"up":{"uv":		[1.01,13.01,14.99,13.99],"texture":"#block","cullface":Know2Good,"rotation": 180},
			"north":{"uv":	[1.01,13.01,14.99,13.99],"texture":"#block","cullface":Know2Good},
			"south":{"uv":	[1.01,13.01,14.99,13.99],"texture":"#block","cullface":Know2Good,"rotation": 180}
		}
	},
	{
		"type":"cube", //Frame north bottom to top
		"from":[1,5,0.002],
		"to":[15,6,0.498],
		"rotation": {"origin": [ 8, 1, 8 ], "axis": "y", "angle": 0 },
		"faces": {
			"down":{"uv":	[1.01,10.01,14.99,10.99],"texture":"#block","cullface":Know2Good,"rotation": 180},
			"up":{"uv":		[1.01,10.01,14.99,10.99],"texture":"#block","cullface":Know2Good,"rotation": 180},
			"north":{"uv":	[1.01,10.01,14.99,10.99],"texture":"#block","cullface":north},
			"south":{"uv":	[1.01,10.01,14.99,10.99],"texture":"#block","cullface":Know2Good,"rotation": 180}
		}
	},
	{
		"type":"cube", //Frame north bottom to top
		"from":[1,10,0.002],
		"to":[15,11,0.498],
		"rotation": {"origin": [ 8, 1, 8 ], "axis": "y", "angle": 0 },
		"faces": {
			"down":{"uv":	[1.01,5.01,14.99,5.99],"texture":"#block","cullface":Know2Good,"rotation": 180},
			"up":{"uv":		[1.01,5.01,14.99,5.99],"texture":"#block","cullface":Know2Good,"rotation": 180},
			"north":{"uv":	[1.01,5.01,14.99,5.99],"texture":"#block","cullface":north},
			"south":{"uv":	[1.01,5.01,14.99,5.99],"texture":"#block","cullface":Know2Good,"rotation": 180}
		}
	},
	{
		"type":"cube", //Frame north bottom to top
		"from":[1,13,0.502],
		"to":[15,14,0.998],
		"rotation": {"origin": [ 8, 1, 8 ], "axis": "y", "angle": 0 },
		"faces": {
			"down":{"uv":	[1.01,2.01,14.99,2.99],"texture":"#block","cullface":Know2Good,"rotation": 180},
			"up":{"uv":		[1.01,2.01,14.99,2.99],"texture":"#block","cullface":Know2Good,"rotation": 180},
			"north":{"uv":	[1.01,2.01,14.99,2.99],"texture":"#block","cullface":Know2Good},
			"south":{"uv":	[1.01,2.01,14.99,2.99],"texture":"#block","cullface":Know2Good,"rotation": 180}
		}
	},
	{
		"type":"cube", //Frame side north-east
		"from":[15,0,0],
		"to":[16,16,1],
		"rotation": {"origin": [ 8, 1, 8 ], "axis": "y", "angle": 0 },
		"faces": {
			"down":{"uv":	[0.01,15.01,0.99,15.99],"texture":"#block","cullface":down},
			"up":{"uv":		[0.01,0.01,0.99,0.99],"texture":"#block","cullface":up},
			"north":{"uv":	[0.01,0.01,0.99,15.99],"texture":"#block","cullface":north},
			"south":{"uv":	[0.01,0.01,0.99,15.99],"texture":"#block","cullface":Know2Good},
			"west":{"uv":	[0.01,0.01,0.99,15.99],"texture":"#block","cullface":Know2Good},
			"east":{"uv":	[0.01,0.01,0.99,15.99],"texture":"#block","cullface":east}
		}
	},
	{
		"type":"cube", //Frame east left to right
		"from":[15,1,13],
		"to":[15.5,15,14],
		"rotation": {"origin": [ 8, 1, 8 ], "axis": "y", "angle": 0 },
		"faces": {
			"north":{"uv":	[2.01,1.01,2.99,14.99],"texture":"#block","cullface":Know2Good},
			"south":{"uv":	[2.01,1.01,2.99,14.99],"texture":"#block","cullface":Know2Good},
			"west":{"uv":	[2.01,1.01,2.99,14.99],"texture":"#block","cullface":Know2Good},
			"east":{"uv":	[2.01,1.01,2.99,14.99],"texture":"#block","cullface":Know2Good}
		}
	},
	{
		"type":"cube", //Frame east left to right
		"from":[15.5,1,10],
		"to":[16,15,11],
		"rotation": {"origin": [ 8, 1, 8 ], "axis": "y", "angle": 0 },
		"faces": {
			"north":{"uv":	[5.01,1.01,5.99,14.99],"texture":"#block","cullface":Know2Good},
			"south":{"uv":	[5.01,1.01,5.99,14.99],"texture":"#block","cullface":Know2Good},
			"west":{"uv":	[5.01,1.01,5.99,14.99],"texture":"#block","cullface":Know2Good},
			"east":{"uv":	[5.01,1.01,5.99,14.99],"texture":"#block","cullface":east}
		}
	},
	{
		"type":"cube", //Frame east left to right
		"from":[15.5,1,5],
		"to":[16,15,6],
		"rotation": {"origin": [ 8, 1, 8 ], "axis": "y", "angle": 0 },
		"faces": {
			"north":{"uv":	[10.01,1.01,10.99,14.99],"texture":"#block","cullface":Know2Good},
			"south":{"uv":	[10.01,1.01,10.99,14.99],"texture":"#block","cullface":Know2Good},
			"west":{"uv":	[10.01,1.01,10.99,14.99],"texture":"#block","cullface":Know2Good},
			"east":{"uv":	[10.01,1.01,10.99,14.99],"texture":"#block","cullface":east}
		}
	},
	{
		"type":"cube", //Frame east left to right
		"from":[15,1,2],
		"to":[15.5,15,3],
		"rotation": {"origin": [ 8, 1, 8 ], "axis": "y", "angle": 0 },
		"faces": {
			"north":{"uv":	[13.01,1.01,13.99,14.99],"texture":"#block","cullface":Know2Good},
			"south":{"uv":	[13.01,1.01,13.99,14.99],"texture":"#block","cullface":Know2Good},
			"west":{"uv":	[13.01,1.01,13.99,14.99],"texture":"#block","cullface":Know2Good},
			"east":{"uv":	[13.01,1.01,13.99,14.99],"texture":"#block","cullface":Know2Good}
		}
	},
	{
		"type":"cube", //Frame east bottom to top
		"from":[15.002,2,1],
		"to":[15.498,3,15],
		"rotation": {"origin": [ 8, 1, 8 ], "axis": "y", "angle": 0 },
		"faces": {
			"down":{"uv":	[1.01,13.01,14.99,13.99],"texture":"#block","cullface":Know2Good,"rotation": 90},
			"up":{"uv":		[1.01,13.01,14.99,13.99],"texture":"#block","cullface":Know2Good,"rotation": 270},
			"west":{"uv":	[1.01,13.01,14.99,13.99],"texture":"#block","cullface":Know2Good,"rotation": 180},
			"east":{"uv":	[1.01,13.01,14.99,13.99],"texture":"#block","cullface":Know2Good}
		}
	},
	{
		"type":"cube", //Frame east bottom to top
		"from":[15.502,5,1],
		"to":[15.998,6,15],
		"rotation": {"origin": [ 8, 1, 8 ], "axis": "y", "angle": 0 },
		"faces": {
			"down":{"uv":	[1.01,10.01,14.99,10.99],"texture":"#block","cullface":Know2Good,"rotation": 90},
			"up":{"uv":		[1.01,10.01,14.99,10.99],"texture":"#block","cullface":Know2Good,"rotation": 270},
			"west":{"uv":	[1.01,10.01,14.99,10.99],"texture":"#block","cullface":Know2Good,"rotation": 180},
			"east":{"uv":	[1.01,10.01,14.99,10.99],"texture":"#block","cullface":east}
		}
	},
	{
		"type":"cube", //Frame east bottom to top
		"from":[15.502,10,1],
		"to":[15.998,11,15],
		"rotation": {"origin": [ 8, 1, 8 ], "axis": "y", "angle": 0 },
		"faces": {
			"down":{"uv":	[1.01,5.01,14.99,5.99],"texture":"#block","cullface":Know2Good,"rotation": 90},
			"up":{"uv":		[1.01,5.01,14.99,5.99],"texture":"#block","cullface":Know2Good,"rotation": 270},
			"west":{"uv":	[1.01,5.01,14.99,5.99],"texture":"#block","cullface":Know2Good,"rotation": 180},
			"east":{"uv":	[1.01,5.01,14.99,5.99],"texture":"#block","cullface":east}
		}
	},
	{
		"type":"cube", //Frame east bottom to top
		"from":[15.002,13,1],
		"to":[15.498,14,15],
		"rotation": {"origin": [ 8, 1, 8 ], "axis": "y", "angle": 0 },
		"faces": {
			"down":{"uv":	[1.01,2.01,14.99,2.99],"texture":"#block","cullface":Know2Good,"rotation": 90},
			"up":{"uv":		[1.01,2.01,14.99,2.99],"texture":"#block","cullface":Know2Good,"rotation": 270},
			"west":{"uv":	[1.01,2.01,14.99,2.99],"texture":"#block","cullface":Know2Good,"rotation": 180},
			"east":{"uv":	[1.01,2.01,14.99,2.99],"texture":"#block","cullface":Know2Good}
		}
	},
	{
		"type":"cube", //Frame side south-east
		"from":[15,0,15],
		"to":[16,16,16],
		"rotation": {"origin": [ 8, 1, 8 ], "axis": "y", "angle": 0 },
		"faces": {
			"down":{"uv":	[15.01,15.01,15.99,15.99],"texture":"#block","cullface":down},
			"up":{"uv":		[15.01,0.01,15.99,0.99],"texture":"#block","cullface":up},
			"north":{"uv":	[15.01,0.01,15.99,15.99],"texture":"#block","cullface":Know2Good},
			"south":{"uv":	[15.01,0.01,15.99,15.99],"texture":"#block","cullface":south},
			"west":{"uv":	[15.01,0.01,15.99,15.99],"texture":"#block","cullface":Know2Good},
			"east":{"uv":	[15.01,0.01,15.99,15.99],"texture":"#block","cullface":east}
		}
	},
	{
		"type":"cube", //Frame south left to right
		"from":[2,1,15],
		"to":[3,15,15.5],
		"rotation": {"origin": [ 8, 1, 8 ], "axis": "y", "angle": 0 },
		"faces": {
			"north":{"uv":	[2.01,1.01,2.99,14.99],"texture":"#block","cullface":Know2Good},
			"south":{"uv":	[2.01,1.01,2.99,14.99],"texture":"#block","cullface":Know2Good},
			"west":{"uv":	[2.01,1.01,2.99,14.99],"texture":"#block","cullface":Know2Good},
			"east":{"uv":	[2.01,1.01,2.99,14.99],"texture":"#block","cullface":Know2Good}
		}
	},
	{
		"type":"cube", //Frame south left to right
		"from":[5,1,15.5],
		"to":[6,15,16],
		"rotation": {"origin": [ 8, 1, 8 ], "axis": "y", "angle": 0 },
		"faces": {
			"north":{"uv":	[5.01,1.01,5.99,14.99],"texture":"#block","cullface":Know2Good},
			"south":{"uv":	[5.01,1.01,5.99,14.99],"texture":"#block","cullface":south},
			"west":{"uv":	[5.01,1.01,5.99,14.99],"texture":"#block","cullface":Know2Good},
			"east":{"uv":	[5.01,1.01,5.99,14.99],"texture":"#block","cullface":Know2Good}
		}
	},
	{
		"type":"cube", //Frame south left to right
		"from":[10,1,15.5],
		"to":[11,15,16],
		"rotation": {"origin": [ 8, 1, 8 ], "axis": "y", "angle": 0 },
		"faces": {
			"north":{"uv":	[10.01,1.01,10.99,14.99],"texture":"#block","cullface":Know2Good},
			"south":{"uv":	[10.01,1.01,10.99,14.99],"texture":"#block","cullface":south},
			"west":{"uv":	[10.01,1.01,10.99,14.99],"texture":"#block","cullface":Know2Good},
			"east":{"uv":	[10.01,1.01,10.99,14.99],"texture":"#block","cullface":Know2Good}
		}
	},
	{
		"type":"cube", //Frame south left to right
		"from":[13,1,15],
		"to":[14,15,15.5],
		"rotation": {"origin": [ 8, 1, 8 ], "axis": "y", "angle": 0 },
		"faces": {
			"north":{"uv":	[13.01,1.01,13.99,14.99],"texture":"#block","cullface":Know2Good},
			"south":{"uv":	[13.01,1.01,13.99,14.99],"texture":"#block","cullface":Know2Good},
			"west":{"uv":	[13.01,1.01,13.99,14.99],"texture":"#block","cullface":Know2Good},
			"east":{"uv":	[13.01,1.01,13.99,14.99],"texture":"#block","cullface":Know2Good}
		}
	},
	{
		"type":"cube", //Frame south bottom to top
		"from":[1,2,15.002],
		"to":[15,3,15.498],
		"rotation": {"origin": [ 8, 1, 8 ], "axis": "y", "angle": 0 },
		"faces": {
			"down":{"uv":	[1.01,13.01,14.99,13.99],"texture":"#block","cullface":Know2Good},
			"up":{"uv":		[1.01,13.01,14.99,13.99],"texture":"#block","cullface":Know2Good},
			"north":{"uv":	[1.01,13.01,14.99,13.99],"texture":"#block","cullface":Know2Good,"rotation": 180},
			"south":{"uv":	[1.01,13.01,14.99,13.99],"texture":"#block","cullface":Know2Good}
		}
	},
	{
		"type":"cube", //Frame south bottom to top
		"from":[1,5,15.502],
		"to":[15,6,15.998],
		"rotation": {"origin": [ 8, 1, 8 ], "axis": "y", "angle": 0 },
		"faces": {
			"down":{"uv":	[1.01,10.01,14.99,10.99],"texture":"#block","cullface":Know2Good},
			"up":{"uv":		[1.01,10.01,14.99,10.99],"texture":"#block","cullface":Know2Good},
			"north":{"uv":	[1.01,10.01,14.99,10.99],"texture":"#block","cullface":Know2Good,"rotation": 180},
			"south":{"uv":	[1.01,10.01,14.99,10.99],"texture":"#block","cullface":south}
		}
	},
	{
		"type":"cube", //Frame south bottom to top
		"from":[1,10,15.502],
		"to":[15,11,15.998],
		"rotation": {"origin": [ 8, 1, 8 ], "axis": "y", "angle": 0 },
		"faces": {
			"down":{"uv":	[1.01,5.01,14.99,5.99],"texture":"#block","cullface":Know2Good},
			"up":{"uv":		[1.01,5.01,14.99,5.99],"texture":"#block","cullface":Know2Good},
			"north":{"uv":	[1.01,5.01,14.99,5.99],"texture":"#block","cullface":Know2Good,"rotation": 180},
			"south":{"uv":	[1.01,5.01,14.99,5.99],"texture":"#block","cullface":south}
		}
	},
	{
		"type":"cube", //Frame south bottom to top
		"from":[1,13,15.002],
		"to":[15,14,15.498],
		"rotation": {"origin": [ 8, 1, 8 ], "axis": "y", "angle": 0 },
		"faces": {
			"down":{"uv":	[1.01,2.01,14.99,2.99],"texture":"#block","cullface":Know2Good},
			"up":{"uv":		[1.01,2.01,14.99,2.99],"texture":"#block","cullface":Know2Good},
			"north":{"uv":	[1.01,2.01,14.99,2.99],"texture":"#block","cullface":Know2Good,"rotation": 180},
			"south":{"uv":	[1.01,2.01,14.99,2.99],"texture":"#block","cullface":Know2Good}
		}
	},
	{
		"type":"cube", //Frame side south-west
		"from":[0,0,15],
		"to":[1,16,16],
		"rotation": {"origin": [ 8, 1, 8 ], "axis": "y", "angle": 0 },
		"faces": {
			"down":{"uv":	[0.01,15.01,0.99,15.99],"texture":"#block","cullface":down},
			"up":{"uv":		[0.01,0.01,0.99,0.99],"texture":"#block","cullface":up},
			"north":{"uv":	[0.01,0.01,0.99,15.99],"texture":"#block","cullface":Know2Good},
			"south":{"uv":	[0.01,0.01,0.99,15.99],"texture":"#block","cullface":south},
			"west":{"uv":	[0.01,0.01,0.99,15.99],"texture":"#block","cullface":west},
			"east":{"uv":	[0.01,0.01,0.99,15.99],"texture":"#block","cullface":Know2Good}
		}
	},
	{
		"type":"cube", //Frame west left to right
		"from":[0.5,1,2],
		"to":[1,15,3],
		"rotation": {"origin": [ 8, 1, 8 ], "axis": "y", "angle": 0 },
		"faces": {
			"north":{"uv":	[2.01,1.01,2.99,14.99],"texture":"#block","cullface":Know2Good},
			"south":{"uv":	[2.01,1.01,2.99,14.99],"texture":"#block","cullface":Know2Good},
			"west":{"uv":	[2.01,1.01,2.99,14.99],"texture":"#block","cullface":Know2Good},
			"east":{"uv":	[2.01,1.01,2.99,14.99],"texture":"#block","cullface":Know2Good}
		}
	},
	{
		"type":"cube", //Frame west left to right
		"from":[0,1,5],
		"to":[0.5,15,6],
		"rotation": {"origin": [ 8, 1, 8 ], "axis": "y", "angle": 0 },
		"faces": {
			"north":{"uv":	[5.01,1.01,5.99,14.99],"texture":"#block","cullface":Know2Good},
			"south":{"uv":	[5.01,1.01,5.99,14.99],"texture":"#block","cullface":Know2Good},
			"west":{"uv":	[5.01,1.01,5.99,14.99],"texture":"#block","cullface":west},
			"east":{"uv":	[5.01,1.01,5.99,14.99],"texture":"#block","cullface":Know2Good}
		}
	},
	{
		"type":"cube", //Frame west left to right
		"from":[0,1,10],
		"to":[0.5,15,11],
		"rotation": {"origin": [ 8, 1, 8 ], "axis": "y", "angle": 0 },
		"faces": {
			"north":{"uv":	[10.01,1.01,10.99,14.99],"texture":"#block","cullface":Know2Good},
			"south":{"uv":	[10.01,1.01,10.99,14.99],"texture":"#block","cullface":Know2Good},
			"west":{"uv":	[10.01,1.01,10.99,14.99],"texture":"#block","cullface":west},
			"east":{"uv":	[10.01,1.01,10.99,14.99],"texture":"#block","cullface":Know2Good}
		}
	},
	{
		"type":"cube", //Frame west left to right
		"from":[0.5,1,13],
		"to":[1,15,14],
		"rotation": {"origin": [ 8, 1, 8 ], "axis": "y", "angle": 0 },
		"faces": {
			"north":{"uv":	[13.01,1.01,13.99,14.99],"texture":"#block","cullface":Know2Good},
			"south":{"uv":	[13.01,1.01,13.99,14.99],"texture":"#block","cullface":Know2Good},
			"west":{"uv":	[13.01,1.01,13.99,14.99],"texture":"#block","cullface":Know2Good},
			"east":{"uv":	[13.01,1.01,13.99,14.99],"texture":"#block","cullface":Know2Good}
		}
	},
	{
		"type":"cube", //Frame west bottom to top
		"from":[0.502,2,1],
		"to":[0.998,3,15],
		"rotation": {"origin": [ 8, 1, 8 ], "axis": "y", "angle": 0 },
		"faces": {
			"down":{"uv":	[1.01,13.01,14.99,13.99],"texture":"#block","cullface":Know2Good,"rotation": 270},
			"up":{"uv":		[1.01,13.01,14.99,13.99],"texture":"#block","cullface":Know2Good,"rotation": 90},
			"west":{"uv":	[1.01,13.01,14.99,13.99],"texture":"#block","cullface":Know2Good},
			"east":{"uv":	[1.01,13.01,14.99,13.99],"texture":"#block","cullface":Know2Good,"rotation": 180}
		}
	},
	{
		"type":"cube", //Frame west bottom to top
		"from":[0.002,5,1],
		"to":[0.498,6,15],
		"rotation": {"origin": [ 8, 1, 8 ], "axis": "y", "angle": 0 },
		"faces": {
			"down":{"uv":	[1.01,10.01,14.99,10.99],"texture":"#block","cullface":Know2Good,"rotation": 270},
			"up":{"uv":		[1.01,10.01,14.99,10.99],"texture":"#block","cullface":Know2Good,"rotation": 90},
			"west":{"uv":	[1.01,10.01,14.99,10.99],"texture":"#block","cullface":west},
			"east":{"uv":	[1.01,10.01,14.99,10.99],"texture":"#block","cullface":Know2Good,"rotation": 180}
		}
	},
	{
		"type":"cube", //Frame west bottom to top
		"from":[0.002,10,1],
		"to":[0.498,11,15],
		"rotation": {"origin": [ 8, 1, 8 ], "axis": "y", "angle": 0 },
		"faces": {
			"down":{"uv":	[1.01,5.01,14.99,5.99],"texture":"#block","cullface":Know2Good,"rotation": 270},
			"up":{"uv":		[1.01,5.01,14.99,5.99],"texture":"#block","cullface":Know2Good,"rotation": 90},
			"west":{"uv":	[1.01,5.01,14.99,5.99],"texture":"#block","cullface":west},
			"east":{"uv":	[1.01,5.01,14.99,5.99],"texture":"#block","cullface":Know2Good,"rotation": 180}
		}
	},
	{
		"type":"cube", //Frame west bottom to top
		"from":[0.502,13,1],
		"to":[0.998,14,15],
		"rotation": {"origin": [ 8, 1, 8 ], "axis": "y", "angle": 0 },
		"faces": {
			"down":{"uv":	[1.01,2.01,14.99,2.99],"texture":"#block","cullface":Know2Good,"rotation": 270},
			"up":{"uv":		[1.01,2.01,14.99,2.99],"texture":"#block","cullface":Know2Good,"rotation": 90},
			"west":{"uv":	[1.01,2.01,14.99,2.99],"texture":"#block","cullface":Know2Good},
			"east":{"uv":	[1.01,2.01,14.99,2.99],"texture":"#block","cullface":Know2Good,"rotation": 180}
		}
	},
	{
		"type":"cube", //Frame bottom south to north
		"from":[1,0.5,13],
		"to":[15,1,14],
		"rotation": {"origin": [ 8, 1, 8 ], "axis": "y", "angle": 0 },
		"faces": {
			"down":{"uv":	[1.01,2.01,14.99,2.99],"texture":"#block","cullface":Know2Good},
			"up":{"uv":		[1.01,2.01,14.99,2.99],"texture":"#block","cullface":Know2Good},
			"north":{"uv":	[1.01,2.01,14.99,2.99],"texture":"#block","cullface":Know2Good},
			"south":{"uv":	[1.01,2.01,14.99,2.99],"texture":"#block","cullface":Know2Good}
		}
	},
	{
		"type":"cube", //Frame bottom south to north
		"from":[1,0,10],
		"to":[15,0.5,11],
		"rotation": {"origin": [ 8, 1, 8 ], "axis": "y", "angle": 0 },
		"faces": {
			"down":{"uv":	[1.01,5.01,14.99,5.99],"texture":"#block","cullface":down},
			"up":{"uv":		[1.01,5.01,14.99,5.99],"texture":"#block","cullface":Know2Good},
			"north":{"uv":	[1.01,5.01,14.99,5.99],"texture":"#block","cullface":Know2Good},
			"south":{"uv":	[1.01,5.01,14.99,5.99],"texture":"#block","cullface":Know2Good}
		}
	},
	{
		"type":"cube", //Frame bottom south to north
		"from":[1,0,5],
		"to":[15,0.5,6],
		"rotation": {"origin": [ 8, 1, 8 ], "axis": "y", "angle": 0 },
		"faces": {
			"down":{"uv":	[1.01,10.01,14.99,10.99],"texture":"#block","cullface":down},
			"up":{"uv":		[1.01,10.01,14.99,10.99],"texture":"#block","cullface":Know2Good},
			"north":{"uv":	[1.01,10.01,14.99,10.99],"texture":"#block","cullface":Know2Good},
			"south":{"uv":	[1.01,10.01,14.99,10.99],"texture":"#block","cullface":Know2Good}
		}
	},
	{
		"type":"cube", //Frame bottom south to north
		"from":[1,0.5,2],
		"to":[15,1,3],
		"rotation": {"origin": [ 8, 1, 8 ], "axis": "y", "angle": 0 },
		"faces": {
			"down":{"uv":	[1.01,13.01,14.99,13.99],"texture":"#block","cullface":Know2Good},
			"up":{"uv":		[1.01,13.01,14.99,13.99],"texture":"#block","cullface":Know2Good},
			"north":{"uv":	[1.01,13.01,14.99,13.99],"texture":"#block","cullface":Know2Good},
			"south":{"uv":	[1.01,13.01,14.99,13.99],"texture":"#block","cullface":Know2Good}
		}
	},
	{
		"type":"cube", //Frame bottom west to east
		"from":[2,0.502,1],
		"to":[3,0.998,15],
		"rotation": {"origin": [ 8, 1, 8 ], "axis": "y", "angle": 0 },
		"faces": {
			"down":{"uv":	[2.01,1.01,2.99,14.99],"texture":"#block","cullface":Know2Good},
			"up":{"uv":		[2.01,1.01,2.99,14.99],"texture":"#block","cullface":Know2Good,"rotation": 180},
			"west":{"uv":	[2.01,1.01,2.99,14.99],"texture":"#block","cullface":Know2Good,"rotation": 90},
			"east":{"uv":	[2.01,1.01,2.99,14.99],"texture":"#block","cullface":Know2Good,"rotation": 270}
		}
	},
	{
		"type":"cube", //Frame bottom west to east
		"from":[5,0.002,1],
		"to":[6,0.498,15],
		"rotation": {"origin": [ 8, 1, 8 ], "axis": "y", "angle": 0 },
		"faces": {
			"down":{"uv":	[5.01,1.01,5.99,14.99],"texture":"#block","cullface":down},
			"up":{"uv":		[5.01,1.01,5.99,14.99],"texture":"#block","cullface":Know2Good,"rotation": 180},
			"west":{"uv":	[5.01,1.01,5.99,14.99],"texture":"#block","cullface":Know2Good,"rotation": 90},
			"east":{"uv":	[5.01,1.01,5.99,14.99],"texture":"#block","cullface":Know2Good,"rotation": 270}
		}
	},
	{
		"type":"cube", //Frame bottom west to east
		"from":[10,0.002,1],
		"to":[11,0.498,15],
		"rotation": {"origin": [ 8, 1, 8 ], "axis": "y", "angle": 0 },
		"faces": {
			"down":{"uv":	[10.01,1.01,10.99,14.99],"texture":"#block","cullface":down},
			"up":{"uv":		[10.01,1.01,10.99,14.99],"texture":"#block","cullface":Know2Good,"rotation": 180},
			"west":{"uv":	[10.01,1.01,10.99,14.99],"texture":"#block","cullface":Know2Good,"rotation": 90},
			"east":{"uv":	[10.01,1.01,10.99,14.99],"texture":"#block","cullface":Know2Good,"rotation": 270}
		}
	},
	{
		"type":"cube", //Frame bottom west to east
		"from":[13,0.502,1],
		"to":[14,0.998,15],
		"rotation": {"origin": [ 8, 1, 8 ], "axis": "y", "angle": 0 },
		"faces": {
			"down":{"uv":	[13.01,1.01,13.99,14.99],"texture":"#block","cullface":Know2Good},
			"up":{"uv":		[13.01,1.01,13.99,14.99],"texture":"#block","cullface":Know2Good,"rotation": 180},
			"west":{"uv":	[13.01,1.01,13.99,14.99],"texture":"#block","cullface":Know2Good,"rotation": 90},
			"east":{"uv":	[13.01,1.01,13.99,14.99],"texture":"#block","cullface":Know2Good,"rotation": 270}
		}
	},
	{
		"type":"cube", //Frame down north
		"from":[1,0,0],
		"to":[15,1,1],
		"rotation": {"origin": [ 8, 1, 8 ], "axis": "y", "angle": 0 },
		"faces": {
			"down":{"uv":	[1.01,15.01,14.99,15.99],"texture":"#block","cullface":down},
			"up":{"uv":		[1.01,15.01,14.99,15.99],"texture":"#block","cullface":Know2Good},
			"north":{"uv":	[1.01,15.01,14.99,15.99],"texture":"#block","cullface":north,"rotation": 180},
			"south":{"uv":	[1.01,15.01,14.99,15.99],"texture":"#block","cullface":Know2Good}
		}
	},
	{
		"type":"cube", //Frame down east
		"from":[15,0,1],
		"to":[16,1,15],
		"rotation": {"origin": [ 8, 1, 8 ], "axis": "y", "angle": 0 },
		"faces": {
			"down":{"uv":	[0.01,1.01,0.99,14.99],"texture":"#block","cullface":down},
			"up":{"uv":		[0.01,1.01,0.99,14.99],"texture":"#block","cullface":Know2Good,"rotation": 180},
			"west":{"uv":	[0.01,1.01,0.99,14.99],"texture":"#block","cullface":Know2Good,"rotation": 90},
			"east":{"uv":	[0.01,1.01,0.99,14.99],"texture":"#block","cullface":east,"rotation": 270}
		}
	},
	{
		"type":"cube", //Frame down south
		"from":[1,0,15],
		"to":[15,1,16],
		"rotation": {"origin": [ 8, 1, 8 ], "axis": "y", "angle": 0 },
		"faces": {
			"down":{"uv":	[1.01,0.01,14.99,0.99],"texture":"#block","cullface":down},
			"up":{"uv":		[1.01,0.01,14.99,0.99],"texture":"#block","cullface":Know2Good},
			"north":{"uv":	[1.01,0.01,14.99,0.99],"texture":"#block","cullface":Know2Good},
			"south":{"uv":	[1.01,0.01,14.99,0.99],"texture":"#block","cullface":south}
		}
	},
	{
		"type":"cube", //Frame down west
		"from":[0,0,1],
		"to":[1,1,15],
		"rotation": {"origin": [ 8, 1, 8 ], "axis": "y", "angle": 0 },
		"faces": {
			"down":{"uv":	[15.01,1.01,15.99,14.99],"texture":"#block","cullface":down},
			"up":{"uv":		[15.01,1.01,15.99,14.99],"texture":"#block","cullface":Know2Good,"rotation": 180},
			"west":{"uv":	[15.01,1.01,15.99,14.99],"texture":"#block","cullface":west,"rotation": 90},
			"east":{"uv":	[15.01,1.01,15.99,14.99],"texture":"#block","cullface":Know2Good,"rotation": 270}
		}
	}
],
"display": {
	"thirdperson": {
		"rotation": [ 0, 45, 1 ],
		"translation": [ 0, 0.5, 0 ],
		"scale": [ 1.1, 1.1, 1.1 ]
	},
	"firstperson": {
		"rotation": [ 0, 0, 0 ],
		"translation": [ 0, 0, 0 ],
		"scale": [ 1, 1, 1 ]
	},
	"gui": {
		"rotation": [ 0, 0, 0 ],
		"translation": [ 0, 0, 0 ],
		"scale": [ 1, 1, 1 ]
	}
}
}