{
"__comment":"Made by Know2Good, part of the 'Default 3D™' resource pack || Official download page: http://www.planetminecraft.com/texture_pack/default-3d-2985741/ || © Know2Good. All rights reserved. ",
"textures": {
    "texture": "blocks/leaves_oak",
	"cap": "blocks/log_oak",
	"color": "blocks/leaves_birch",
    "particle": "blocks/leaves_oak"
},
"elements":[
	{
		"type":"cube", //Acorn peduncle
		"from":[7.5,-1,7.5],
		"to":[8.5,0,8.5],
		"rotation": {"origin": [ 8, 1, 8 ], "axis": "y", "angle": 0 },
		"faces": {
			"up":{"uv":[7,8,8,9],"texture":"#cap","cullface":down},
			"north":{"uv":[7,8,8,9],"texture":"#cap","cullface":down},
			"south":{"uv":[7,8,8,9],"texture":"#cap","cullface":down},
			"west":{"uv":[7,8,8,9],"texture":"#cap","cullface":down},
			"east":{"uv":[7,8,8,9],"texture":"#cap","cullface":down}
		}
	},
	{
		"type":"cube", //Acorn cap
		"from":[6.5,-2,6.5],
		"to":[9.5,-1,9.5],
		"rotation": {"origin": [ 8, 1, 8 ], "axis": "y", "angle": 0 },
		"faces": {
			"down":{"uv":[12,5,10,7],"texture":"#cap","cullface":down,"rotation":180},
			"up":{"uv":[10,5,12,7],"texture":"#cap","cullface":down},
			"north":{"uv":[10,5,12,6],"texture":"#cap","cullface":down},
			"south":{"uv":[10,6,12,7],"texture":"#cap","cullface":down},
			"west":{"uv":[10,5,11,7],"texture":"#cap","cullface":down,"rotation":270},
			"east":{"uv":[11,5,12,7],"texture":"#cap","cullface":down,"rotation":90}
		}
	},
	{
		"type":"cube", //Acorn
		"from":[7,-4,7],
		"to":[9,-2,9],
		"rotation": {"origin": [ 8, 1, 8 ], "axis": "y", "angle": 0 },
		"faces": {
			"down":{"uv":[3,7,5,9],"texture":"#cap","cullface":down,"tintindex": 0},
			"up":{"uv":[3,7,5,9],"texture":"#cap","cullface":down,"tintindex": 0},
			"north":{"uv":[5,7,3,9],"texture":"#cap","cullface":down,"tintindex": 0},
			"south":{"uv":[5,7,3,9],"texture":"#cap","cullface":down,"tintindex": 0},
			"west":{"uv":[3,7,5,9],"texture":"#cap","cullface":down,"tintindex": 0},
			"east":{"uv":[3,7,5,9],"texture":"#cap","cullface":down,"tintindex": 0}
		}
	},
	{
		"type":"cube", //Block
		"from":[0,0,0],
		"to":[16,16,16],
		"rotation": {"origin": [ 8, 1, 8 ], "axis": "y", "angle": 0 },
		"faces": {
			"down":{"uv":[0,0,16,16],"texture":"#texture","cullface":"down","tintindex": 0},
			"up":{"uv":[0,0,16,16],"texture":"#texture","cullface":"up","tintindex": 0},
			"north":{"uv":[0,0,16,16],"texture":"#texture","cullface":"north","tintindex": 0},
			"south":{"uv":[0,0,16,16],"texture":"#texture","cullface":"south","tintindex": 0},
			"west":{"uv":[0,0,16,16],"texture":"#texture","cullface":"west","tintindex": 0},
			"east":{"uv":[0,0,16,16],"texture":"#texture","cullface":"east","tintindex": 0}
		}
	}
],
"display": {
	"thirdperson": {
		"rotation": [ 0, 45, 1 ],
		"translation": [ 0, 0.5, 0 ],
		"scale": [ 1.1, 1.1, 1.1 ]
	},
	"firstperson": {
		"rotation": [ 0, 0, 0 ],
		"translation": [ 0, 0, 0 ],
		"scale": [ 1, 1, 1 ]
	},
	"gui": {
		"rotation": [ 0, 0, 0 ],
		"translation": [ 0, 0, 0 ],
		"scale": [ 1, 1, 1 ]
	}
}
}