{
"__comment":"Made by Know2Good, part of the 'Default 3D™' resource pack || Official download page: http://www.planetminecraft.com/texture_pack/default-3d-2985741/ || © Know2Good. All rights reserved. ",
"__comment":"No UV-bleed, OK coordinate, OK texture, OK cullface",

"textures": {
	"block": 	"blocks/prismarine_dark",
	"particle":	"blocks/prismarine_dark"
},
"elements": [
	{
		"__comment":"Block",
		"from": [0,0,0],
		"to": [16,16,16],
		"rotation": {"origin": [ 8, 1, 8 ], "axis": "y", "angle": 0 },
		"faces": {
			"down":{"uv":	[-0.01,-0.01,16.01,16.01],"texture":"#block","cullface":"down"},
			"up":{"uv":		[-0.01,-0.01,16.01,16.01],"texture":"#block","cullface":"up"},
			"north":{"uv":	[-0.01,-0.01,16.01,16.01],"texture":"#block","cullface":"north"},
			"south":{"uv":	[-0.01,-0.01,16.01,16.01],"texture":"#block","cullface":"south"},
			"west":{"uv":	[-0.01,-0.01,16.01,16.01],"texture":"#block","cullface":"west"},
			"east":{"uv":	[-0.01,-0.01,16.01,16.01],"texture":"#block","cullface":"east"}
		}
	},
	{
		"__comment":"Top top left to bottom right",
		"from": [0.002,16,0.002],
		"to": [3,16.40,3],
		"rotation": {"origin": [ 8, 1, 8 ], "axis": "y", "angle": 0 },
		"faces": {
			"up":{"uv":		[0.01,0.01,2.99,2.99],"texture":"#block","cullface":"up"},
			"north":{"uv":	[0.01,0.01,2.99,0.99],"texture":"#block","cullface":"up","rotation":180},
			"south":{"uv":	[0.01,2.01,2.99,2.99],"texture":"#block","cullface":"up"},
			"west":{"uv":	[0.01,0.01,0.99,2.99],"texture":"#block","cullface":"up","rotation":270},
			"east":{"uv":	[2.01,0.01,2.99,2.99],"texture":"#block","cullface":"up","rotation":90}
		}
	},
	{
		"__comment":"Top top left to bottom right",
		"from": [4,16,0.002],
		"to": [7,16.70,3],
		"rotation": {"origin": [ 8, 1, 8 ], "axis": "y", "angle": 0 },
		"faces": {
			"up":{"uv":		[4.01,0.01,6.99,2.99],"texture":"#block","cullface":"up"},
			"north":{"uv":	[4.01,0.01,6.99,0.99],"texture":"#block","cullface":"up","rotation":180},
			"south":{"uv":	[4.01,2.01,6.99,2.99],"texture":"#block","cullface":"up"},
			"west":{"uv":	[4.01,0.01,4.99,2.99],"texture":"#block","cullface":"up","rotation":270},
			"east":{"uv":	[6.01,0.01,6.99,2.99],"texture":"#block","cullface":"up","rotation":90}
		}
	},
	{
		"__comment":"Top top left to bottom right",
		"from": [8,16,0.002],
		"to": [11,16.55,3],
		"rotation": {"origin": [ 8, 1, 8 ], "axis": "y", "angle": 0 },
		"faces": {
			"up":{"uv":		[8.01,0.01,10.99,2.99],"texture":"#block","cullface":"up"},
			"north":{"uv":	[8.01,0.01,10.99,0.99],"texture":"#block","cullface":"up","rotation":180},
			"south":{"uv":	[8.01,2.01,10.99,2.99],"texture":"#block","cullface":"up"},
			"west":{"uv":	[8.01,0.01,8.99,2.99],"texture":"#block","cullface":"up","rotation":270},
			"east":{"uv":	[10.01,0.01,10.99,2.99],"texture":"#block","cullface":"up","rotation":90}
		}
	},
	{
		"__comment":"Top top left to bottom right",
		"from": [12,16,0.002],
		"to": [15,16.70,3],
		"rotation": {"origin": [ 8, 1, 8 ], "axis": "y", "angle": 0 },
		"faces": {
			"up":{"uv":		[12.01,0.01,14.99,2.99],"texture":"#block","cullface":"up"},
			"north":{"uv":	[12.01,0.01,14.99,0.99],"texture":"#block","cullface":"up","rotation":180},
			"south":{"uv":	[12.01,2.01,14.99,2.99],"texture":"#block","cullface":"up"},
			"west":{"uv":	[12.01,0.01,12.99,2.99],"texture":"#block","cullface":"up","rotation":270},
			"east":{"uv":	[14.01,0.01,14.99,2.99],"texture":"#block","cullface":"up","rotation":90}
		}
	},
	{
		"__comment":"Top top left to bottom right",
		"from": [0.002,16,4],
		"to": [3,16.55,7],
		"rotation": {"origin": [ 8, 1, 8 ], "axis": "y", "angle": 0 },
		"faces": {
			"up":{"uv":		[0.01,4.01,2.99,6.99],"texture":"#block","cullface":"up"},
			"north":{"uv":	[0.01,4.01,2.99,4.99],"texture":"#block","cullface":"up","rotation":180},
			"south":{"uv":	[0.01,6.01,2.99,6.99],"texture":"#block","cullface":"up"},
			"west":{"uv":	[0.01,4.01,0.99,6.99],"texture":"#block","cullface":"up","rotation":270},
			"east":{"uv":	[2.01,4.01,2.99,6.99],"texture":"#block","cullface":"up","rotation":90}
		}
	},
	{
		"__comment":"Top top left to bottom right",
		"from": [4,16,4],
		"to": [7,16.40,7],
		"rotation": {"origin": [ 8, 1, 8 ], "axis": "y", "angle": 0 },
		"faces": {
			"up":{"uv":		[4.01,4.01,6.99,6.99],"texture":"#block","cullface":"up"},
			"north":{"uv":	[4.01,4.01,6.99,4.99],"texture":"#block","cullface":"up","rotation":180},
			"south":{"uv":	[4.01,6.01,6.99,6.99],"texture":"#block","cullface":"up"},
			"west":{"uv":	[4.01,4.01,4.99,6.99],"texture":"#block","cullface":"up","rotation":270},
			"east":{"uv":	[6.01,4.01,6.99,6.99],"texture":"#block","cullface":"up","rotation":90}
		}
	},
	{
		"__comment":"Top top left to bottom right",
		"from": [8,16,4],
		"to": [11,16.70,7],
		"rotation": {"origin": [ 8, 1, 8 ], "axis": "y", "angle": 0 },
		"faces": {
			"up":{"uv":		[8.01,4.01,10.99,6.99],"texture":"#block","cullface":"up"},
			"north":{"uv":	[8.01,4.01,10.99,4.99],"texture":"#block","cullface":"up","rotation":180},
			"south":{"uv":	[8.01,6.01,10.99,6.99],"texture":"#block","cullface":"up"},
			"west":{"uv":	[8.01,4.01,8.99,6.99],"texture":"#block","cullface":"up","rotation":270},
			"east":{"uv":	[10.01,4.01,10.99,6.99],"texture":"#block","cullface":"up","rotation":90}
		}
	},
	{
		"__comment":"Top top left to bottom right",
		"from": [12,16,4],
		"to": [15,16.55,7],
		"rotation": {"origin": [ 8, 1, 8 ], "axis": "y", "angle": 0 },
		"faces": {
			"up":{"uv":		[12.01,4.01,14.99,6.99],"texture":"#block","cullface":"up"},
			"north":{"uv":	[12.01,4.01,14.99,4.99],"texture":"#block","cullface":"up","rotation":180},
			"south":{"uv":	[12.01,6.01,14.99,6.99],"texture":"#block","cullface":"up"},
			"west":{"uv":	[12.01,4.01,12.99,6.99],"texture":"#block","cullface":"up","rotation":270},
			"east":{"uv":	[14.01,4.01,14.99,6.99],"texture":"#block","cullface":"up","rotation":90}
		}
	},
	{
		"__comment":"Top top left to bottom right",
		"from": [0.002,16,8.002],
		"to": [3,16.40,11],
		"rotation": {"origin": [ 8, 1, 8 ], "axis": "y", "angle": 0 },
		"faces": {
			"up":{"uv":		[0.01,8.01,2.99,10.99],"texture":"#block","cullface":"up"},
			"north":{"uv":	[0.01,8.01,2.99,8.99],"texture":"#block","cullface":"up","rotation":180},
			"south":{"uv":	[0.01,10.01,2.99,10.99],"texture":"#block","cullface":"up"},
			"west":{"uv":	[0.01,8.01,0.99,10.99],"texture":"#block","cullface":"up","rotation":270},
			"east":{"uv":	[2.01,8.01,2.99,10.99],"texture":"#block","cullface":"up","rotation":90}
		}
	},
	{
		"__comment":"Top top left to bottom right",
		"from": [4,16,8.002],
		"to": [7,16.55,11],
		"rotation": {"origin": [ 8, 1, 8 ], "axis": "y", "angle": 0 },
		"faces": {
			"up":{"uv":		[4.01,8.01,6.99,10.99],"texture":"#block","cullface":"up"},
			"north":{"uv":	[4.01,8.01,6.99,8.99],"texture":"#block","cullface":"up","rotation":180},
			"south":{"uv":	[4.01,10.01,6.99,10.99],"texture":"#block","cullface":"up"},
			"west":{"uv":	[4.01,8.01,4.99,10.99],"texture":"#block","cullface":"up","rotation":270},
			"east":{"uv":	[6.01,8.01,6.99,10.99],"texture":"#block","cullface":"up","rotation":90}
		}
	},
	{
		"__comment":"Top top left to bottom right",
		"from": [8,16,8.002],
		"to": [11,16.70,11],
		"rotation": {"origin": [ 8, 1, 8 ], "axis": "y", "angle": 0 },
		"faces": {
			"up":{"uv":		[8.01,8.01,10.99,10.99],"texture":"#block","cullface":"up"},
			"north":{"uv":	[8.01,8.01,10.99,8.99],"texture":"#block","cullface":"up","rotation":180},
			"south":{"uv":	[8.01,10.01,10.99,10.99],"texture":"#block","cullface":"up"},
			"west":{"uv":	[8.01,8.01,8.99,10.99],"texture":"#block","cullface":"up","rotation":270},
			"east":{"uv":	[10.01,8.01,10.99,10.99],"texture":"#block","cullface":"up","rotation":90}
		}
	},
	{
		"__comment":"Top top left to bottom right",
		"from": [12,16,8.002],
		"to": [15,16.40,11],
		"rotation": {"origin": [ 8, 1, 8 ], "axis": "y", "angle": 0 },
		"faces": {
			"up":{"uv":		[12.01,8.01,14.99,10.99],"texture":"#block","cullface":"up"},
			"north":{"uv":	[12.01,8.01,14.99,8.99],"texture":"#block","cullface":"up","rotation":180},
			"south":{"uv":	[12.01,10.01,14.99,10.99],"texture":"#block","cullface":"up"},
			"west":{"uv":	[12.01,8.01,12.99,10.99],"texture":"#block","cullface":"up","rotation":270},
			"east":{"uv":	[14.01,8.01,14.99,10.99],"texture":"#block","cullface":"up","rotation":90}
		}
	},
	{
		"__comment":"Top top left to bottom right",
		"from": [0.002,16,12],
		"to": [3,16.70,15],
		"rotation": {"origin": [ 8, 1, 8 ], "axis": "y", "angle": 0 },
		"faces": {
			"up":{"uv":		[0.01,12.01,2.99,14.99],"texture":"#block","cullface":"up"},
			"north":{"uv":	[0.01,12.01,2.99,12.99],"texture":"#block","cullface":"up","rotation":180},
			"south":{"uv":	[0.01,14.01,2.99,14.99],"texture":"#block","cullface":"up"},
			"west":{"uv":	[0.01,12.01,0.99,14.99],"texture":"#block","cullface":"up","rotation":270},
			"east":{"uv":	[2.01,12.01,2.99,14.99],"texture":"#block","cullface":"up","rotation":90}
		}
	},
	{
		"__comment":"Top top left to bottom right",
		"from": [4,16,12],
		"to": [7,16.70,15],
		"rotation": {"origin": [ 8, 1, 8 ], "axis": "y", "angle": 0 },
		"faces": {
			"up":{"uv":		[4.01,12.01,6.99,14.99],"texture":"#block","cullface":"up"},
			"north":{"uv":	[4.01,12.01,6.99,12.99],"texture":"#block","cullface":"up","rotation":180},
			"south":{"uv":	[4.01,14.01,6.99,14.99],"texture":"#block","cullface":"up"},
			"west":{"uv":	[4.01,12.01,4.99,14.99],"texture":"#block","cullface":"up","rotation":270},
			"east":{"uv":	[6.01,12.01,6.99,14.99],"texture":"#block","cullface":"up","rotation":90}
		}
	},
	{
		"__comment":"Top top left to bottom right",
		"from": [8,16,12],
		"to": [11,16.40,15],
		"rotation": {"origin": [ 8, 1, 8 ], "axis": "y", "angle": 0 },
		"faces": {
			"up":{"uv":		[8.01,12.01,10.99,14.99],"texture":"#block","cullface":"up"},
			"north":{"uv":	[8.01,12.01,10.99,12.99],"texture":"#block","cullface":"up","rotation":180},
			"south":{"uv":	[8.01,14.01,10.99,14.99],"texture":"#block","cullface":"up"},
			"west":{"uv":	[8.01,12.01,8.99,14.99],"texture":"#block","cullface":"up","rotation":270},
			"east":{"uv":	[10.01,12.01,10.99,14.99],"texture":"#block","cullface":"up","rotation":90}
		}
	},
	{
		"__comment":"Top top left to bottom right",
		"from": [12,16,12],
		"to": [15,16.55,15],
		"rotation": {"origin": [ 8, 1, 8 ], "axis": "y", "angle": 0 },
		"faces": {
			"up":{"uv":		[12.01,12.01,14.99,14.99],"texture":"#block","cullface":"up"},
			"north":{"uv":	[12.01,12.01,14.99,12.99],"texture":"#block","cullface":"up","rotation":180},
			"south":{"uv":	[12.01,14.01,14.99,14.99],"texture":"#block","cullface":"up"},
			"west":{"uv":	[12.01,12.01,12.99,14.99],"texture":"#block","cullface":"up","rotation":270},
			"east":{"uv":	[14.01,12.01,14.99,14.99],"texture":"#block","cullface":"up","rotation":90}
		}
	},
	{
		"__comment":"North top left to bottom right",
		"from": [13,13,-0.40],
		"to": [15.998,15.998,0],
		"rotation": {"origin": [ 8, 1, 8 ], "axis": "y", "angle": 0 },
		"faces": {
			"down":{"uv":	[0.01,2.01,2.99,2.99],"texture":"#block","cullface":"north","rotation":180},
			"up":{"uv":		[0.01,0.01,2.99,0.99],"texture":"#block","cullface":"north","rotation":180},
			"north":{"uv":	[0.01,0.01,2.99,2.99],"texture":"#block","cullface":"north"},
			"west":{"uv":	[2.01,0.01,2.99,2.99],"texture":"#block","cullface":"north"},
			"east":{"uv":	[0.01,0.01,0.99,2.99],"texture":"#block","cullface":"north"}
		}
	},
	{
		"__comment":"North top left to bottom right",
		"from": [9,13,-0.70],
		"to": [12,15.998,0],
		"rotation": {"origin": [ 8, 1, 8 ], "axis": "y", "angle": 0 },
		"faces": {
			"down":{"uv":	[4.01,2.01,6.99,2.99],"texture":"#block","cullface":"north","rotation":180},
			"up":{"uv":		[4.01,0.01,6.99,0.99],"texture":"#block","cullface":"north","rotation":180},
			"north":{"uv":	[4.01,0.01,6.99,2.99],"texture":"#block","cullface":"north"},
			"west":{"uv":	[6.01,0.01,6.99,2.99],"texture":"#block","cullface":"north"},
			"east":{"uv":	[4.01,0.01,4.99,2.99],"texture":"#block","cullface":"north"}
		}
	},
	{
		"__comment":"North top left to bottom right",
		"from": [5,13,-0.55],
		"to": [7.998,15.998,0],
		"rotation": {"origin": [ 8, 1, 8 ], "axis": "y", "angle": 0 },
		"faces": {
			"down":{"uv":	[8.01,2.01,10.99,2.99],"texture":"#block","cullface":"north","rotation":180},
			"up":{"uv":		[8.01,0.01,10.99,0.99],"texture":"#block","cullface":"north","rotation":180},
			"north":{"uv":	[8.01,0.01,10.99,2.99],"texture":"#block","cullface":"north"},
			"west":{"uv":	[10.01,0.01,10.99,2.99],"texture":"#block","cullface":"north"},
			"east":{"uv":	[8.01,0.01,8.99,2.99],"texture":"#block","cullface":"north"}
		}
	},
	{
		"__comment":"North top left to bottom right",
		"from": [1,13,-0.70],
		"to": [4,15.998,0],
		"rotation": {"origin": [ 8, 1, 8 ], "axis": "y", "angle": 0 },
		"faces": {
			"down":{"uv":	[12.01,2.01,14.99,2.99],"texture":"#block","cullface":"north","rotation":180},
			"up":{"uv":		[12.01,0.01,14.99,0.99],"texture":"#block","cullface":"north","rotation":180},
			"north":{"uv":	[12.01,0.01,14.99,2.99],"texture":"#block","cullface":"north"},
			"west":{"uv":	[14.01,0.01,14.99,2.99],"texture":"#block","cullface":"north"},
			"east":{"uv":	[12.01,0.01,12.99,2.99],"texture":"#block","cullface":"north"}
		}
	},
	{
		"__comment":"North top left to bottom right",
		"from": [13,9,-0.55],
		"to": [15.998,12,0],
		"rotation": {"origin": [ 8, 1, 8 ], "axis": "y", "angle": 0 },
		"faces": {
			"down":{"uv":	[0.01,6.01,2.99,6.99],"texture":"#block","cullface":"north","rotation":180},
			"up":{"uv":		[0.01,4.01,2.99,4.99],"texture":"#block","cullface":"north","rotation":180},
			"north":{"uv":	[0.01,4.01,2.99,6.99],"texture":"#block","cullface":"north"},
			"west":{"uv":	[2.01,4.01,2.99,6.99],"texture":"#block","cullface":"north"},
			"east":{"uv":	[0.01,4.01,0.99,6.99],"texture":"#block","cullface":"north"}
		}
	},
	{
		"__comment":"North top left to bottom right",
		"from": [9,9,-0.40],
		"to": [12,12,0],
		"rotation": {"origin": [ 8, 1, 8 ], "axis": "y", "angle": 0 },
		"faces": {
			"down":{"uv":	[4.01,6.01,6.99,6.99],"texture":"#block","cullface":"north","rotation":180},
			"up":{"uv":		[4.01,4.01,6.99,4.99],"texture":"#block","cullface":"north","rotation":180},
			"north":{"uv":	[4.01,4.01,6.99,6.99],"texture":"#block","cullface":"north"},
			"west":{"uv":	[6.01,4.01,6.99,6.99],"texture":"#block","cullface":"north"},
			"east":{"uv":	[4.01,4.01,4.99,6.99],"texture":"#block","cullface":"north"}
		}
	},
	{
		"__comment":"North top left to bottom right",
		"from": [5,9,-0.70],
		"to": [7.998,12,0],
		"rotation": {"origin": [ 8, 1, 8 ], "axis": "y", "angle": 0 },
		"faces": {
			"down":{"uv":	[8.01,6.01,10.99,6.99],"texture":"#block","cullface":"north","rotation":180},
			"up":{"uv":		[8.01,4.01,10.99,4.99],"texture":"#block","cullface":"north","rotation":180},
			"north":{"uv":	[8.01,4.01,10.99,6.99],"texture":"#block","cullface":"north"},
			"west":{"uv":	[10.01,4.01,10.99,6.99],"texture":"#block","cullface":"north"},
			"east":{"uv":	[8.01,4.01,8.99,6.99],"texture":"#block","cullface":"north"}
		}
	},
	{
		"__comment":"North top left to bottom right",
		"from": [1,9,-0.55],
		"to": [4,12,0],
		"rotation": {"origin": [ 8, 1, 8 ], "axis": "y", "angle": 0 },
		"faces": {
			"down":{"uv":	[12.01,6.01,14.99,6.99],"texture":"#block","cullface":"north","rotation":180},
			"up":{"uv":		[12.01,4.01,14.99,4.99],"texture":"#block","cullface":"north","rotation":180},
			"north":{"uv":	[12.01,4.01,14.99,6.99],"texture":"#block","cullface":"north"},
			"west":{"uv":	[14.01,4.01,14.99,6.99],"texture":"#block","cullface":"north"},
			"east":{"uv":	[12.01,4.01,12.99,6.99],"texture":"#block","cullface":"north"}
		}
	},
	{
		"__comment":"North top left to bottom right",
		"from": [13,5,-0.40],
		"to": [15.998,8,0],
		"rotation": {"origin": [ 8, 1, 8 ], "axis": "y", "angle": 0 },
		"faces": {
			"down":{"uv":	[0.01,10.01,2.99,10.99],"texture":"#block","cullface":"north","rotation":180},
			"up":{"uv":		[0.01,8.01,2.99,8.99],"texture":"#block","cullface":"north","rotation":180},
			"north":{"uv":	[0.01,8.01,2.99,10.99],"texture":"#block","cullface":"north"},
			"west":{"uv":	[2.01,8.01,2.99,10.99],"texture":"#block","cullface":"north"},
			"east":{"uv":	[0.01,8.01,0.99,10.99],"texture":"#block","cullface":"north"}
		}
	},
	{
		"__comment":"North top left to bottom right",
		"from": [9,5,-0.55],
		"to": [12,8,0],
		"rotation": {"origin": [ 8, 1, 8 ], "axis": "y", "angle": 0 },
		"faces": {
			"down":{"uv":	[4.01,10.01,6.99,10.99],"texture":"#block","cullface":"north","rotation":180},
			"up":{"uv":		[4.01,8.01,6.99,8.99],"texture":"#block","cullface":"north","rotation":180},
			"north":{"uv":	[4.01,8.01,6.99,10.99],"texture":"#block","cullface":"north"},
			"west":{"uv":	[6.01,8.01,6.99,10.99],"texture":"#block","cullface":"north"},
			"east":{"uv":	[4.01,8.01,4.99,10.99],"texture":"#block","cullface":"north"}
		}
	},
	{
		"__comment":"North top left to bottom right",
		"from": [5,5,-0.70],
		"to": [7.998,8,0],
		"rotation": {"origin": [ 8, 1, 8 ], "axis": "y", "angle": 0 },
		"faces": {
			"down":{"uv":	[8.01,10.01,10.99,10.99],"texture":"#block","cullface":"north","rotation":180},
			"up":{"uv":		[8.01,8.01,10.99,8.99],"texture":"#block","cullface":"north","rotation":180},
			"north":{"uv":	[8.01,8.01,10.99,10.99],"texture":"#block","cullface":"north"},
			"west":{"uv":	[10.01,8.01,10.99,10.99],"texture":"#block","cullface":"north"},
			"east":{"uv":	[8.01,8.01,8.99,10.99],"texture":"#block","cullface":"north"}
		}
	},
	{
		"__comment":"North top left to bottom right",
		"from": [1,5,-0.40],
		"to": [4,8,0],
		"rotation": {"origin": [ 8, 1, 8 ], "axis": "y", "angle": 0 },
		"faces": {
			"down":{"uv":	[12.01,10.01,14.99,10.99],"texture":"#block","cullface":"north","rotation":180},
			"up":{"uv":		[12.01,8.01,14.99,8.99],"texture":"#block","cullface":"north","rotation":180},
			"north":{"uv":	[12.01,8.01,14.99,10.99],"texture":"#block","cullface":"north"},
			"west":{"uv":	[14.01,8.01,14.99,10.99],"texture":"#block","cullface":"north"},
			"east":{"uv":	[12.01,8.01,12.99,10.99],"texture":"#block","cullface":"north"}
		}
	},
	{
		"__comment":"North top left to bottom right",
		"from": [13,1,-0.70],
		"to": [15.998,4,0],
		"rotation": {"origin": [ 8, 1, 8 ], "axis": "y", "angle": 0 },
		"faces": {
			"down":{"uv":	[0.01,14.01,2.99,14.99],"texture":"#block","cullface":"north","rotation":180},
			"up":{"uv":		[0.01,12.01,2.99,12.99],"texture":"#block","cullface":"north","rotation":180},
			"north":{"uv":	[0.01,12.01,2.99,14.99],"texture":"#block","cullface":"north"},
			"west":{"uv":	[2.01,12.01,2.99,14.99],"texture":"#block","cullface":"north"},
			"east":{"uv":	[0.01,12.01,0.99,14.99],"texture":"#block","cullface":"north"}
		}
	},
	{
		"__comment":"North top left to bottom right",
		"from": [9,1,-0.40],
		"to": [12,4,0],
		"rotation": {"origin": [ 8, 1, 8 ], "axis": "y", "angle": 0 },
		"faces": {
			"down":{"uv":	[4.01,14.01,6.99,14.99],"texture":"#block","cullface":"north","rotation":180},
			"up":{"uv":		[4.01,12.01,6.99,12.99],"texture":"#block","cullface":"north","rotation":180},
			"north":{"uv":	[4.01,12.01,6.99,14.99],"texture":"#block","cullface":"north"},
			"west":{"uv":	[6.01,12.01,6.99,14.99],"texture":"#block","cullface":"north"},
			"east":{"uv":	[4.01,12.01,4.99,14.99],"texture":"#block","cullface":"north"}
		}
	},
	{
		"__comment":"North top left to bottom right",
		"from": [5,1,-0.40],
		"to": [7.998,4,0],
		"rotation": {"origin": [ 8, 1, 8 ], "axis": "y", "angle": 0 },
		"faces": {
			"down":{"uv":	[8.01,14.01,10.99,14.99],"texture":"#block","cullface":"north","rotation":180},
			"up":{"uv":		[8.01,12.01,10.99,12.99],"texture":"#block","cullface":"north","rotation":180},
			"north":{"uv":	[8.01,12.01,10.99,14.99],"texture":"#block","cullface":"north"},
			"west":{"uv":	[10.01,12.01,10.99,14.99],"texture":"#block","cullface":"north"},
			"east":{"uv":	[8.01,12.01,8.99,14.99],"texture":"#block","cullface":"north"}
		}
	},
	{
		"__comment":"North top left to bottom right",
		"from": [1,1,-0.55],
		"to": [4,4,0],
		"rotation": {"origin": [ 8, 1, 8 ], "axis": "y", "angle": 0 },
		"faces": {
			"down":{"uv":	[12.01,14.01,14.99,14.99],"texture":"#block","cullface":"north","rotation":180},
			"up":{"uv":		[12.01,12.01,14.99,12.99],"texture":"#block","cullface":"north","rotation":180},
			"north":{"uv":	[12.01,12.01,14.99,14.99],"texture":"#block","cullface":"north"},
			"west":{"uv":	[14.01,12.01,14.99,14.99],"texture":"#block","cullface":"north"},
			"east":{"uv":	[12.01,12.01,12.99,14.99],"texture":"#block","cullface":"north"}
		}
	},
	{
		"__comment":"East top left to bottom right",
		"from": [16,13,13],
		"to": [16.40,15.998,15.998],
		"rotation": {"origin": [ 8, 1, 8 ], "axis": "y", "angle": 0 },
		"faces": {
			"down":{"uv":	[0.01,2.01,2.99,2.99],"texture":"#block","cullface":"east","rotation":90},
			"up":{"uv":		[0.01,0.01,2.99,0.99],"texture":"#block","cullface":"east","rotation":270},
			"north":{"uv":	[2.01,0.01,2.99,2.99],"texture":"#block","cullface":"east"},
			"south":{"uv":	[0.01,0.01,0.99,2.99],"texture":"#block","cullface":"east"},
			"east":{"uv":	[0.01,0.01,2.99,2.99],"texture":"#block","cullface":"east"}
		}
	},
	{
		"__comment":"East top left to bottom right",
		"from": [16,13,9],
		"to": [16.70,15.998,12],
		"rotation": {"origin": [ 8, 1, 8 ], "axis": "y", "angle": 0 },
		"faces": {
			"down":{"uv":	[4.01,2.01,6.99,2.99],"texture":"#block","cullface":"east","rotation":90},
			"up":{"uv":		[4.01,0.01,6.99,0.99],"texture":"#block","cullface":"east","rotation":270},
			"north":{"uv":	[6.01,0.01,6.99,2.99],"texture":"#block","cullface":"east"},
			"south":{"uv":	[4.01,0.01,4.99,2.99],"texture":"#block","cullface":"east"},
			"east":{"uv":	[4.01,0.01,6.99,2.99],"texture":"#block","cullface":"east"}
		}
	},
	{
		"__comment":"East top left to bottom right",
		"from": [16,13,5],
		"to": [16.55,15.998,7.998],
		"rotation": {"origin": [ 8, 1, 8 ], "axis": "y", "angle": 0 },
		"faces": {
			"down":{"uv":	[8.01,2.01,10.99,2.99],"texture":"#block","cullface":"east","rotation":90},
			"up":{"uv":		[8.01,0.01,10.99,0.99],"texture":"#block","cullface":"east","rotation":270},
			"north":{"uv":	[10.01,0.01,10.99,2.99],"texture":"#block","cullface":"east"},
			"south":{"uv":	[8.01,0.01,8.99,2.99],"texture":"#block","cullface":"east"},
			"east":{"uv":	[8.01,0.01,10.99,2.99],"texture":"#block","cullface":"east"}
		}
	},
	{
		"__comment":"East top left to bottom right",
		"from": [16,13,1],
		"to": [16.70,15.998,4],
		"rotation": {"origin": [ 8, 1, 8 ], "axis": "y", "angle": 0 },
		"faces": {
			"down":{"uv":	[12.01,2.01,14.99,2.99],"texture":"#block","cullface":"east","rotation":90},
			"up":{"uv":		[12.01,0.01,14.99,0.99],"texture":"#block","cullface":"east","rotation":270},
			"north":{"uv":	[14.01,0.01,14.99,2.99],"texture":"#block","cullface":"east"},
			"south":{"uv":	[12.01,0.01,12.99,2.99],"texture":"#block","cullface":"east"},
			"east":{"uv":	[12.01,0.01,14.99,2.99],"texture":"#block","cullface":"east"}
		}
	},
	{
		"__comment":"East top left to bottom right",
		"from": [16,9,13],
		"to": [16.55,12,15.998],
		"rotation": {"origin": [ 8, 1, 8 ], "axis": "y", "angle": 0 },
		"faces": {
			"down":{"uv":	[0.01,6.01,2.99,6.99],"texture":"#block","cullface":"east","rotation":90},
			"up":{"uv":		[0.01,4.01,2.99,4.99],"texture":"#block","cullface":"east","rotation":270},
			"north":{"uv":	[2.01,4.01,2.99,6.99],"texture":"#block","cullface":"east"},
			"south":{"uv":	[0.01,4.01,0.99,6.99],"texture":"#block","cullface":"east"},
			"east":{"uv":	[0.01,4.01,2.99,6.99],"texture":"#block","cullface":"east"}
		}
	},
	{
		"__comment":"East top left to bottom right",
		"from": [16,9,9],
		"to": [16.40,12,12],
		"rotation": {"origin": [ 8, 1, 8 ], "axis": "y", "angle": 0 },
		"faces": {
			"down":{"uv":	[4.01,6.01,6.99,6.99],"texture":"#block","cullface":"east","rotation":90},
			"up":{"uv":		[4.01,4.01,6.99,4.99],"texture":"#block","cullface":"east","rotation":270},
			"north":{"uv":	[6.01,4.01,6.99,6.99],"texture":"#block","cullface":"east"},
			"south":{"uv":	[4.01,4.01,4.99,6.99],"texture":"#block","cullface":"east"},
			"east":{"uv":	[4.01,4.01,6.99,6.99],"texture":"#block","cullface":"east"}
		}
	},
	{
		"__comment":"East top left to bottom right",
		"from": [16,9,5],
		"to": [16.70,12,7.998],
		"rotation": {"origin": [ 8, 1, 8 ], "axis": "y", "angle": 0 },
		"faces": {
			"down":{"uv":	[8.01,6.01,10.99,6.99],"texture":"#block","cullface":"east","rotation":90},
			"up":{"uv":		[8.01,4.01,10.99,4.99],"texture":"#block","cullface":"east","rotation":270},
			"north":{"uv":	[10.01,4.01,10.99,6.99],"texture":"#block","cullface":"east"},
			"south":{"uv":	[8.01,4.01,8.99,6.99],"texture":"#block","cullface":"east"},
			"east":{"uv":	[8.01,4.01,10.99,6.99],"texture":"#block","cullface":"east"}
		}
	},
	{
		"__comment":"East top left to bottom right",
		"from": [16,9,1],
		"to": [16.55,12,4],
		"rotation": {"origin": [ 8, 1, 8 ], "axis": "y", "angle": 0 },
		"faces": {
			"down":{"uv":	[12.01,6.01,14.99,6.99],"texture":"#block","cullface":"east","rotation":90},
			"up":{"uv":		[12.01,4.01,14.99,4.99],"texture":"#block","cullface":"east","rotation":270},
			"north":{"uv":	[14.01,4.01,14.99,6.99],"texture":"#block","cullface":"east"},
			"south":{"uv":	[12.01,4.01,12.99,6.99],"texture":"#block","cullface":"east"},
			"east":{"uv":	[12.01,4.01,14.99,6.99],"texture":"#block","cullface":"east"}
		}
	},
	{
		"__comment":"East top left to bottom right",
		"from": [16,5,13],
		"to": [16.40,8,15.998],
		"rotation": {"origin": [ 8, 1, 8 ], "axis": "y", "angle": 0 },
		"faces": {
			"down":{"uv":	[0.01,10.01,2.99,10.99],"texture":"#block","cullface":"east","rotation":90},
			"up":{"uv":		[0.01,8.01,2.99,8.99],"texture":"#block","cullface":"east","rotation":270},
			"north":{"uv":	[2.01,8.01,2.99,10.99],"texture":"#block","cullface":"east"},
			"south":{"uv":	[0.01,8.01,0.99,10.99],"texture":"#block","cullface":"east"},
			"east":{"uv":	[0.01,8.01,2.99,10.99],"texture":"#block","cullface":"east"}
		}
	},
	{
		"__comment":"East top left to bottom right",
		"from": [16,5,9],
		"to": [16.55,8,12],
		"rotation": {"origin": [ 8, 1, 8 ], "axis": "y", "angle": 0 },
		"faces": {
			"down":{"uv":	[4.01,10.01,6.99,10.99],"texture":"#block","cullface":"east","rotation":90},
			"up":{"uv":		[4.01,8.01,6.99,8.99],"texture":"#block","cullface":"east","rotation":270},
			"north":{"uv":	[6.01,8.01,6.99,10.99],"texture":"#block","cullface":"east"},
			"south":{"uv":	[4.01,8.01,4.99,10.99],"texture":"#block","cullface":"east"},
			"east":{"uv":	[4.01,8.01,6.99,10.99],"texture":"#block","cullface":"east"}
		}
	},
	{
		"__comment":"East top left to bottom right",
		"from": [16,5,5],
		"to": [16.70,8,7.998],
		"rotation": {"origin": [ 8, 1, 8 ], "axis": "y", "angle": 0 },
		"faces": {
			"down":{"uv":	[8.01,10.01,10.99,10.99],"texture":"#block","cullface":"east","rotation":90},
			"up":{"uv":		[8.01,8.01,10.99,8.99],"texture":"#block","cullface":"east","rotation":270},
			"north":{"uv":	[10.01,8.01,10.99,10.99],"texture":"#block","cullface":"east"},
			"south":{"uv":	[8.01,8.01,8.99,10.99],"texture":"#block","cullface":"east"},
			"east":{"uv":	[8.01,8.01,10.99,10.99],"texture":"#block","cullface":"east"}
		}
	},
	{
		"__comment":"East top left to bottom right",
		"from": [16,5,1],
		"to": [16.40,8,4],
		"rotation": {"origin": [ 8, 1, 8 ], "axis": "y", "angle": 0 },
		"faces": {
			"down":{"uv":	[12.01,10.01,14.99,10.99],"texture":"#block","cullface":"east","rotation":90},
			"up":{"uv":		[12.01,8.01,14.99,8.99],"texture":"#block","cullface":"east","rotation":270},
			"north":{"uv":	[14.01,8.01,14.99,10.99],"texture":"#block","cullface":"east"},
			"south":{"uv":	[12.01,8.01,12.99,10.99],"texture":"#block","cullface":"east"},
			"east":{"uv":	[12.01,8.01,14.99,10.99],"texture":"#block","cullface":"east"}
		}
	},
	{
		"__comment":"East top left to bottom right",
		"from": [16,1,13],
		"to": [16.70,4,15.998],
		"rotation": {"origin": [ 8, 1, 8 ], "axis": "y", "angle": 0 },
		"faces": {
			"down":{"uv":	[0.01,14.01,2.99,14.99],"texture":"#block","cullface":"east","rotation":90},
			"up":{"uv":		[0.01,12.01,2.99,12.99],"texture":"#block","cullface":"east","rotation":270},
			"north":{"uv":	[2.01,12.01,2.99,14.99],"texture":"#block","cullface":"east"},
			"south":{"uv":	[0.01,12.01,0.99,14.99],"texture":"#block","cullface":"east"},
			"east":{"uv":	[0.01,12.01,2.99,14.99],"texture":"#block","cullface":"east"}
		}
	},
	{
		"__comment":"East top left to bottom right",
		"from": [16,1,9],
		"to": [16.40,4,12],
		"rotation": {"origin": [ 8, 1, 8 ], "axis": "y", "angle": 0 },
		"faces": {
			"down":{"uv":	[4.01,14.01,6.99,14.99],"texture":"#block","cullface":"east","rotation":90},
			"up":{"uv":		[4.01,12.01,6.99,12.99],"texture":"#block","cullface":"east","rotation":270},
			"north":{"uv":	[6.01,12.01,6.99,14.99],"texture":"#block","cullface":"east"},
			"south":{"uv":	[4.01,12.01,4.99,14.99],"texture":"#block","cullface":"east"},
			"east":{"uv":	[4.01,12.01,6.99,14.99],"texture":"#block","cullface":"east"}
		}
	},
	{
		"__comment":"East top left to bottom right",
		"from": [16,1,5],
		"to": [16.40,4,7.998],
		"rotation": {"origin": [ 8, 1, 8 ], "axis": "y", "angle": 0 },
		"faces": {
			"down":{"uv":	[8.01,14.01,10.99,14.99],"texture":"#block","cullface":"east","rotation":90},
			"up":{"uv":		[8.01,12.01,10.99,12.99],"texture":"#block","cullface":"east","rotation":270},
			"north":{"uv":	[10.01,12.01,10.99,14.99],"texture":"#block","cullface":"east"},
			"south":{"uv":	[8.01,12.01,8.99,14.99],"texture":"#block","cullface":"east"},
			"east":{"uv":	[8.01,12.01,10.99,14.99],"texture":"#block","cullface":"east"}
		}
	},
	{
		"__comment":"East top left to bottom right",
		"from": [16,1,1],
		"to": [16.55,4,4],
		"rotation": {"origin": [ 8, 1, 8 ], "axis": "y", "angle": 0 },
		"faces": {
			"down":{"uv":	[12.01,14.01,14.99,14.99],"texture":"#block","cullface":"east","rotation":90},
			"up":{"uv":		[12.01,12.01,14.99,12.99],"texture":"#block","cullface":"east","rotation":270},
			"north":{"uv":	[14.01,12.01,14.99,14.99],"texture":"#block","cullface":"east"},
			"south":{"uv":	[12.01,12.01,12.99,14.99],"texture":"#block","cullface":"east"},
			"east":{"uv":	[12.01,12.01,14.99,14.99],"texture":"#block","cullface":"east"}
		}
	},
	{
		"__comment":"South top left to bottom right",
		"from": [0.002,13,16],
		"to": [3,15.998,16.40],
		"rotation": {"origin": [ 8, 1, 8 ], "axis": "y", "angle": 0 },
		"faces": {
			"down":{"uv":	[0.01,2.01,2.99,2.99],"texture":"#block","cullface":"south"},
			"up":{"uv":		[0.01,0.01,2.99,0.99],"texture":"#block","cullface":"south"},
			"south":{"uv":	[0.01,0.01,2.99,2.99],"texture":"#block","cullface":"south"},
			"west":{"uv":	[0.01,0.01,0.99,2.99],"texture":"#block","cullface":"south"},
			"east":{"uv":	[2.01,0.01,2.99,2.99],"texture":"#block","cullface":"south"}
		}
	},
	{
		"__comment":"South top left to bottom right",
		"from": [4,13,16],
		"to": [7,15.998,16.70],
		"rotation": {"origin": [ 8, 1, 8 ], "axis": "y", "angle": 0 },
		"faces": {
			"down":{"uv":	[4.01,2.01,6.99,2.99],"texture":"#block","cullface":"south"},
			"up":{"uv":		[4.01,0.01,6.99,0.99],"texture":"#block","cullface":"south"},
			"south":{"uv":	[4.01,0.01,6.99,2.99],"texture":"#block","cullface":"south"},
			"west":{"uv":	[4.01,0.01,4.99,2.99],"texture":"#block","cullface":"south"},
			"east":{"uv":	[6.01,0.01,6.99,2.99],"texture":"#block","cullface":"south"}
		}
	},
	{
		"__comment":"South top left to bottom right",
		"from": [8,13,16],
		"to": [11,15.998,16.55],
		"rotation": {"origin": [ 8, 1, 8 ], "axis": "y", "angle": 0 },
		"faces": {
			"down":{"uv":	[8.01,2.01,10.99,2.99],"texture":"#block","cullface":"south"},
			"up":{"uv":		[8.01,0.01,10.99,0.99],"texture":"#block","cullface":"south"},
			"south":{"uv":	[8.01,0.01,10.99,2.99],"texture":"#block","cullface":"south"},
			"west":{"uv":	[8.01,0.01,8.99,2.99],"texture":"#block","cullface":"south"},
			"east":{"uv":	[10.01,0.01,10.99,2.99],"texture":"#block","cullface":"south"}
		}
	},
	{
		"__comment":"South top left to bottom right",
		"from": [12,13,16],
		"to": [15,15.998,16.70],
		"rotation": {"origin": [ 8, 1, 8 ], "axis": "y", "angle": 0 },
		"faces": {
			"down":{"uv":	[12.01,2.01,14.99,2.99],"texture":"#block","cullface":"south"},
			"up":{"uv":		[12.01,0.01,14.99,0.99],"texture":"#block","cullface":"south"},
			"south":{"uv":	[12.01,0.01,14.99,2.99],"texture":"#block","cullface":"south"},
			"west":{"uv":	[12.01,0.01,12.99,2.99],"texture":"#block","cullface":"south"},
			"east":{"uv":	[14.01,0.01,14.99,2.99],"texture":"#block","cullface":"south"}
		}
	},
	{
		"__comment":"South top left to bottom right",
		"from": [0.002,9,16],
		"to": [3,12,16.55],
		"rotation": {"origin": [ 8, 1, 8 ], "axis": "y", "angle": 0 },
		"faces": {
			"down":{"uv":	[0.01,6.01,2.99,6.99],"texture":"#block","cullface":"south"},
			"up":{"uv":		[0.01,4.01,2.99,4.99],"texture":"#block","cullface":"south"},
			"south":{"uv":	[0.01,4.01,2.99,6.99],"texture":"#block","cullface":"south"},
			"west":{"uv":	[0.01,4.01,0.99,6.99],"texture":"#block","cullface":"south"},
			"east":{"uv":	[2.01,4.01,2.99,6.99],"texture":"#block","cullface":"south"}
		}
	},
	{
		"__comment":"South top left to bottom right",
		"from": [4,9,16],
		"to": [7,12,16.40],
		"rotation": {"origin": [ 8, 1, 8 ], "axis": "y", "angle": 0 },
		"faces": {
			"down":{"uv":	[4.01,6.01,6.99,6.99],"texture":"#block","cullface":"south"},
			"up":{"uv":		[4.01,4.01,6.99,4.99],"texture":"#block","cullface":"south"},
			"south":{"uv":	[4.01,4.01,6.99,6.99],"texture":"#block","cullface":"south"},
			"west":{"uv":	[4.01,4.01,4.99,6.99],"texture":"#block","cullface":"south"},
			"east":{"uv":	[6.01,4.01,6.99,6.99],"texture":"#block","cullface":"south"}
		}
	},
	{
		"__comment":"South top left to bottom right",
		"from": [8,9,16],
		"to": [11,12,16.70],
		"rotation": {"origin": [ 8, 1, 8 ], "axis": "y", "angle": 0 },
		"faces": {
			"down":{"uv":	[8.01,6.01,10.99,6.99],"texture":"#block","cullface":"south"},
			"up":{"uv":		[8.01,4.01,10.99,4.99],"texture":"#block","cullface":"south"},
			"south":{"uv":	[8.01,4.01,10.99,6.99],"texture":"#block","cullface":"south"},
			"west":{"uv":	[8.01,4.01,8.99,6.99],"texture":"#block","cullface":"south"},
			"east":{"uv":	[10.01,4.01,10.99,6.99],"texture":"#block","cullface":"south"}
		}
	},
	{
		"__comment":"South top left to bottom right",
		"from": [12,9,16],
		"to": [15,12,16.55],
		"rotation": {"origin": [ 8, 1, 8 ], "axis": "y", "angle": 0 },
		"faces": {
			"down":{"uv":	[12.01,6.01,14.99,6.99],"texture":"#block","cullface":"south"},
			"up":{"uv":		[12.01,4.01,14.99,4.99],"texture":"#block","cullface":"south"},
			"south":{"uv":	[12.01,4.01,14.99,6.99],"texture":"#block","cullface":"south"},
			"west":{"uv":	[12.01,4.01,12.99,6.99],"texture":"#block","cullface":"south"},
			"east":{"uv":	[14.01,4.01,14.99,6.99],"texture":"#block","cullface":"south"}
		}
	},
	{
		"__comment":"South top left to bottom right",
		"from": [0.002,5,16],
		"to": [3,7.998,16.40],
		"rotation": {"origin": [ 8, 1, 8 ], "axis": "y", "angle": 0 },
		"faces": {
			"down":{"uv":	[0.01,10.01,2.99,10.99],"texture":"#block","cullface":"south"},
			"up":{"uv":		[0.01,8.01,2.99,8.99],"texture":"#block","cullface":"south"},
			"south":{"uv":	[0.01,8.01,2.99,10.99],"texture":"#block","cullface":"south"},
			"west":{"uv":	[0.01,8.01,0.99,10.99],"texture":"#block","cullface":"south"},
			"east":{"uv":	[2.01,8.01,2.99,10.99],"texture":"#block","cullface":"south"}
		}
	},
	{
		"__comment":"South top left to bottom right",
		"from": [4,5,16],
		"to": [7,7.998,16.55],
		"rotation": {"origin": [ 8, 1, 8 ], "axis": "y", "angle": 0 },
		"faces": {
			"down":{"uv":	[4.01,10.01,6.99,10.99],"texture":"#block","cullface":"south"},
			"up":{"uv":		[4.01,8.01,6.99,8.99],"texture":"#block","cullface":"south"},
			"south":{"uv":	[4.01,8.01,6.99,10.99],"texture":"#block","cullface":"south"},
			"west":{"uv":	[4.01,8.01,4.99,10.99],"texture":"#block","cullface":"south"},
			"east":{"uv":	[6.01,8.01,6.99,10.99],"texture":"#block","cullface":"south"}
		}
	},
	{
		"__comment":"South top left to bottom right",
		"from": [8,5,16],
		"to": [11,7.998,16.70],
		"rotation": {"origin": [ 8, 1, 8 ], "axis": "y", "angle": 0 },
		"faces": {
			"down":{"uv":	[8.01,10.01,10.99,10.99],"texture":"#block","cullface":"south"},
			"up":{"uv":		[8.01,8.01,10.99,8.99],"texture":"#block","cullface":"south"},
			"south":{"uv":	[8.01,8.01,10.99,10.99],"texture":"#block","cullface":"south"},
			"west":{"uv":	[8.01,8.01,8.99,10.99],"texture":"#block","cullface":"south"},
			"east":{"uv":	[10.01,8.01,10.99,10.99],"texture":"#block","cullface":"south"}
		}
	},
	{
		"__comment":"South top left to bottom right",
		"from": [12,5,16],
		"to": [15,7.998,16.40],
		"rotation": {"origin": [ 8, 1, 8 ], "axis": "y", "angle": 0 },
		"faces": {
			"down":{"uv":	[12.01,10.01,14.99,10.99],"texture":"#block","cullface":"south"},
			"up":{"uv":		[12.01,8.01,14.99,8.99],"texture":"#block","cullface":"south"},
			"south":{"uv":	[12.01,8.01,14.99,10.99],"texture":"#block","cullface":"south"},
			"west":{"uv":	[12.01,8.01,12.99,10.99],"texture":"#block","cullface":"south"},
			"east":{"uv":	[14.01,8.01,14.99,10.99],"texture":"#block","cullface":"south"}
		}
	},
	{
		"__comment":"South top left to bottom right",
		"from": [0.002,1,16],
		"to": [3,4,16.70],
		"rotation": {"origin": [ 8, 1, 8 ], "axis": "y", "angle": 0 },
		"faces": {
			"down":{"uv":	[0.01,14.01,2.99,14.99],"texture":"#block","cullface":"south"},
			"up":{"uv":		[0.01,12.01,2.99,12.99],"texture":"#block","cullface":"south"},
			"south":{"uv":	[0.01,12.01,2.99,14.99],"texture":"#block","cullface":"south"},
			"west":{"uv":	[0.01,12.01,0.99,14.99],"texture":"#block","cullface":"south"},
			"east":{"uv":	[2.01,12.01,2.99,14.99],"texture":"#block","cullface":"south"}
		}
	},
	{
		"__comment":"South top left to bottom right",
		"from": [4,1,16],
		"to": [7,4,16.40],
		"rotation": {"origin": [ 8, 1, 8 ], "axis": "y", "angle": 0 },
		"faces": {
			"down":{"uv":	[4.01,14.01,6.99,14.99],"texture":"#block","cullface":"south"},
			"up":{"uv":		[4.01,12.01,6.99,12.99],"texture":"#block","cullface":"south"},
			"south":{"uv":	[4.01,12.01,6.99,14.99],"texture":"#block","cullface":"south"},
			"west":{"uv":	[4.01,12.01,4.99,14.99],"texture":"#block","cullface":"south"},
			"east":{"uv":	[6.01,12.01,6.99,14.99],"texture":"#block","cullface":"south"}
		}
	},
	{
		"__comment":"South top left to bottom right",
		"from": [8,1,16],
		"to": [11,4,16.40],
		"rotation": {"origin": [ 8, 1, 8 ], "axis": "y", "angle": 0 },
		"faces": {
			"down":{"uv":	[8.01,14.01,10.99,14.99],"texture":"#block","cullface":"south"},
			"up":{"uv":		[8.01,12.01,10.99,12.99],"texture":"#block","cullface":"south"},
			"south":{"uv":	[8.01,12.01,10.99,14.99],"texture":"#block","cullface":"south"},
			"west":{"uv":	[8.01,12.01,8.99,14.99],"texture":"#block","cullface":"south"},
			"east":{"uv":	[10.01,12.01,10.99,14.99],"texture":"#block","cullface":"south"}
		}
	},
	{
		"__comment":"South top left to bottom right",
		"from": [12,1,16],
		"to": [15,4,16.55],
		"rotation": {"origin": [ 8, 1, 8 ], "axis": "y", "angle": 0 },
		"faces": {
			"down":{"uv":	[12.01,14.01,14.99,14.99],"texture":"#block","cullface":"south"},
			"up":{"uv":		[12.01,12.01,14.99,12.99],"texture":"#block","cullface":"south"},
			"south":{"uv":	[12.01,12.01,14.99,14.99],"texture":"#block","cullface":"south"},
			"west":{"uv":	[12.01,12.01,12.99,14.99],"texture":"#block","cullface":"south"},
			"east":{"uv":	[14.01,12.01,14.99,14.99],"texture":"#block","cullface":"south"}
		}
	},
	{
		"__comment":"West top left to bottom right",
		"from": [-0.40,13,0.002],
		"to": [0,15.998,3],
		"rotation": {"origin": [ 8, 1, 8 ], "axis": "y", "angle": 0 },
		"faces": {
			"down":{"uv":	[0.01,2.01,2.99,2.99],"texture":"#block","cullface":"west","rotation":270},
			"up":{"uv":		[0.01,0.01,2.99,0.99],"texture":"#block","cullface":"west","rotation":90},
			"north":{"uv":	[0.01,0.01,0.99,2.99],"texture":"#block","cullface":"west"},
			"south":{"uv":	[2.01,0.01,2.99,2.99],"texture":"#block","cullface":"west"},
			"west":{"uv":	[0.01,0.01,2.99,2.99],"texture":"#block","cullface":"west"}
		}
	},
	{
		"__comment":"West top left to bottom right",
		"from": [-0.70,13,4],
		"to": [0,15.998,7],
		"rotation": {"origin": [ 8, 1, 8 ], "axis": "y", "angle": 0 },
		"faces": {
			"down":{"uv":	[4.01,2.01,6.99,2.99],"texture":"#block","cullface":"west","rotation":270},
			"up":{"uv":		[4.01,0.01,6.99,0.99],"texture":"#block","cullface":"west","rotation":90},
			"north":{"uv":	[4.01,0.01,4.99,2.99],"texture":"#block","cullface":"west"},
			"south":{"uv":	[6.01,0.01,6.99,2.99],"texture":"#block","cullface":"west"},
			"west":{"uv":	[4.01,0.01,6.99,2.99],"texture":"#block","cullface":"west"}
		}
	},
	{
		"__comment":"West top left to bottom right",
		"from": [-0.55,13,8],
		"to": [0,15.998,11],
		"rotation": {"origin": [ 8, 1, 8 ], "axis": "y", "angle": 0 },
		"faces": {
			"down":{"uv":	[8.01,2.01,10.99,2.99],"texture":"#block","cullface":"west","rotation":270},
			"up":{"uv":		[8.01,0.01,10.99,0.99],"texture":"#block","cullface":"west","rotation":90},
			"north":{"uv":	[8.01,0.01,8.99,2.99],"texture":"#block","cullface":"west"},
			"south":{"uv":	[10.01,0.01,10.99,2.99],"texture":"#block","cullface":"west"},
			"west":{"uv":	[8.01,0.01,10.99,2.99],"texture":"#block","cullface":"west"}
		}
	},
	{
		"__comment":"West top left to bottom right",
		"from": [-0.70,13,12],
		"to": [0,15.998,15],
		"rotation": {"origin": [ 8, 1, 8 ], "axis": "y", "angle": 0 },
		"faces": {
			"down":{"uv":	[12.01,2.01,14.99,2.99],"texture":"#block","cullface":"west","rotation":270},
			"up":{"uv":		[12.01,0.01,14.99,0.99],"texture":"#block","cullface":"west","rotation":90},
			"north":{"uv":	[12.01,0.01,12.99,2.99],"texture":"#block","cullface":"west"},
			"south":{"uv":	[14.01,0.01,14.99,2.99],"texture":"#block","cullface":"west"},
			"west":{"uv":	[12.01,0.01,14.99,2.99],"texture":"#block","cullface":"west"}
		}
	},
	{
		"__comment":"West top left to bottom right",
		"from": [-0.55,9,0.002],
		"to": [0,12,3],
		"rotation": {"origin": [ 8, 1, 8 ], "axis": "y", "angle": 0 },
		"faces": {
			"down":{"uv":	[0.01,6.01,2.99,6.99],"texture":"#block","cullface":"west","rotation":270},
			"up":{"uv":		[0.01,4.01,2.99,4.99],"texture":"#block","cullface":"west","rotation":90},
			"north":{"uv":	[0.01,4.01,0.99,6.99],"texture":"#block","cullface":"west"},
			"south":{"uv":	[2.01,4.01,2.99,6.99],"texture":"#block","cullface":"west"},
			"west":{"uv":	[0.01,4.01,2.99,6.99],"texture":"#block","cullface":"west"}
		}
	},
	{
		"__comment":"West top left to bottom right",
		"from": [-0.40,9,4],
		"to": [0,12,7],
		"rotation": {"origin": [ 8, 1, 8 ], "axis": "y", "angle": 0 },
		"faces": {
			"down":{"uv":	[4.01,6.01,6.99,6.99],"texture":"#block","cullface":"west","rotation":270},
			"up":{"uv":		[4.01,4.01,6.99,4.99],"texture":"#block","cullface":"west","rotation":90},
			"north":{"uv":	[4.01,4.01,4.99,6.99],"texture":"#block","cullface":"west"},
			"south":{"uv":	[6.01,4.01,6.99,6.99],"texture":"#block","cullface":"west"},
			"west":{"uv":	[4.01,4.01,6.99,6.99],"texture":"#block","cullface":"west"}
		}
	},
	{
		"__comment":"West top left to bottom right",
		"from": [-0.70,9,8],
		"to": [0,12,11],
		"rotation": {"origin": [ 8, 1, 8 ], "axis": "y", "angle": 0 },
		"faces": {
			"down":{"uv":	[8.01,6.01,10.99,6.99],"texture":"#block","cullface":"west","rotation":270},
			"up":{"uv":		[8.01,4.01,10.99,4.99],"texture":"#block","cullface":"west","rotation":90},
			"north":{"uv":	[8.01,4.01,8.99,6.99],"texture":"#block","cullface":"west"},
			"south":{"uv":	[10.01,4.01,10.99,6.99],"texture":"#block","cullface":"west"},
			"west":{"uv":	[8.01,4.01,10.99,6.99],"texture":"#block","cullface":"west"}
		}
	},
	{
		"__comment":"West top left to bottom right",
		"from": [-0.55,9,12],
		"to": [0,12,15],
		"rotation": {"origin": [ 8, 1, 8 ], "axis": "y", "angle": 0 },
		"faces": {
			"down":{"uv":	[12.01,6.01,14.99,6.99],"texture":"#block","cullface":"west","rotation":270},
			"up":{"uv":		[12.01,4.01,14.99,4.99],"texture":"#block","cullface":"west","rotation":90},
			"north":{"uv":	[12.01,4.01,12.99,6.99],"texture":"#block","cullface":"west"},
			"south":{"uv":	[14.01,4.01,14.99,6.99],"texture":"#block","cullface":"west"},
			"west":{"uv":	[12.01,4.01,14.99,6.99],"texture":"#block","cullface":"west"}
		}
	},
	{
		"__comment":"West top left to bottom right",
		"from": [-0.40,5,0.002],
		"to": [0,7.998,3],
		"rotation": {"origin": [ 8, 1, 8 ], "axis": "y", "angle": 0 },
		"faces": {
			"down":{"uv":	[0.01,10.01,2.99,10.99],"texture":"#block","cullface":"west","rotation":270},
			"up":{"uv":		[0.01,8.01,2.99,8.99],"texture":"#block","cullface":"west","rotation":90},
			"north":{"uv":	[0.01,8.01,0.99,10.99],"texture":"#block","cullface":"west"},
			"south":{"uv":	[2.01,8.01,2.99,10.99],"texture":"#block","cullface":"west"},
			"west":{"uv":	[0.01,8.01,2.99,10.99],"texture":"#block","cullface":"west"}
		}
	},
	{
		"__comment":"West top left to bottom right",
		"from": [-0.55,5,4],
		"to": [0,7.998,7],
		"rotation": {"origin": [ 8, 1, 8 ], "axis": "y", "angle": 0 },
		"faces": {
			"down":{"uv":	[4.01,10.01,6.99,10.99],"texture":"#block","cullface":"west","rotation":270},
			"up":{"uv":		[4.01,8.01,6.99,8.99],"texture":"#block","cullface":"west","rotation":90},
			"north":{"uv":	[4.01,8.01,4.99,10.99],"texture":"#block","cullface":"west"},
			"south":{"uv":	[6.01,8.01,6.99,10.99],"texture":"#block","cullface":"west"},
			"west":{"uv":	[4.01,8.01,6.99,10.99],"texture":"#block","cullface":"west"}
		}
	},
	{
		"__comment":"West top left to bottom right",
		"from": [-0.70,5,8],
		"to": [0,7.998,11],
		"rotation": {"origin": [ 8, 1, 8 ], "axis": "y", "angle": 0 },
		"faces": {
			"down":{"uv":	[8.01,10.01,10.99,10.99],"texture":"#block","cullface":"west","rotation":270},
			"up":{"uv":		[8.01,8.01,10.99,8.99],"texture":"#block","cullface":"west","rotation":90},
			"north":{"uv":	[8.01,8.01,8.99,10.99],"texture":"#block","cullface":"west"},
			"south":{"uv":	[10.01,8.01,10.99,10.99],"texture":"#block","cullface":"west"},
			"west":{"uv":	[8.01,8.01,10.99,10.99],"texture":"#block","cullface":"west"}
		}
	},
	{
		"__comment":"West top left to bottom right",
		"from": [-0.40,5,12],
		"to": [0,7.998,15],
		"rotation": {"origin": [ 8, 1, 8 ], "axis": "y", "angle": 0 },
		"faces": {
			"down":{"uv":	[12.01,10.01,14.99,10.99],"texture":"#block","cullface":"west","rotation":270},
			"up":{"uv":		[12.01,8.01,14.99,8.99],"texture":"#block","cullface":"west","rotation":90},
			"north":{"uv":	[12.01,8.01,12.99,10.99],"texture":"#block","cullface":"west"},
			"south":{"uv":	[14.01,8.01,14.99,10.99],"texture":"#block","cullface":"west"},
			"west":{"uv":	[12.01,8.01,14.99,10.99],"texture":"#block","cullface":"west"}
		}
	},
	{
		"__comment":"West top left to bottom right",
		"from": [-0.70,1,0.002],
		"to": [0,4,3],
		"rotation": {"origin": [ 8, 1, 8 ], "axis": "y", "angle": 0 },
		"faces": {
			"down":{"uv":	[0.01,14.01,2.99,14.99],"texture":"#block","cullface":"west","rotation":270},
			"up":{"uv":		[0.01,12.01,2.99,12.99],"texture":"#block","cullface":"west","rotation":90},
			"north":{"uv":	[0.01,12.01,0.99,14.99],"texture":"#block","cullface":"west"},
			"south":{"uv":	[2.01,12.01,2.99,14.99],"texture":"#block","cullface":"west"},
			"west":{"uv":	[0.01,12.01,2.99,14.99],"texture":"#block","cullface":"west"}
		}
	},
	{
		"__comment":"West top left to bottom right",
		"from": [-0.40,1,4],
		"to": [0,4,7],
		"rotation": {"origin": [ 8, 1, 8 ], "axis": "y", "angle": 0 },
		"faces": {
			"down":{"uv":	[4.01,14.01,6.99,14.99],"texture":"#block","cullface":"west","rotation":270},
			"up":{"uv":		[4.01,12.01,6.99,12.99],"texture":"#block","cullface":"west","rotation":90},
			"north":{"uv":	[4.01,12.01,4.99,14.99],"texture":"#block","cullface":"west"},
			"south":{"uv":	[6.01,12.01,6.99,14.99],"texture":"#block","cullface":"west"},
			"west":{"uv":	[4.01,12.01,6.99,14.99],"texture":"#block","cullface":"west"}
		}
	},
	{
		"__comment":"West top left to bottom right",
		"from": [-0.40,1,8],
		"to": [0,4,11],
		"rotation": {"origin": [ 8, 1, 8 ], "axis": "y", "angle": 0 },
		"faces": {
			"down":{"uv":	[8.01,14.01,10.99,14.99],"texture":"#block","cullface":"west","rotation":270},
			"up":{"uv":		[8.01,12.01,10.99,12.99],"texture":"#block","cullface":"west","rotation":90},
			"north":{"uv":	[8.01,12.01,8.99,14.99],"texture":"#block","cullface":"west"},
			"south":{"uv":	[10.01,12.01,10.99,14.99],"texture":"#block","cullface":"west"},
			"west":{"uv":	[8.01,12.01,10.99,14.99],"texture":"#block","cullface":"west"}
		}
	},
	{
		"__comment":"West top left to bottom right",
		"from": [-0.55,1,12],
		"to": [0,4,15],
		"rotation": {"origin": [ 8, 1, 8 ], "axis": "y", "angle": 0 },
		"faces": {
			"down":{"uv":	[12.01,14.01,14.99,14.99],"texture":"#block","cullface":"west","rotation":270},
			"up":{"uv":		[12.01,12.01,14.99,12.99],"texture":"#block","cullface":"west","rotation":90},
			"north":{"uv":	[12.01,12.01,12.99,14.99],"texture":"#block","cullface":"west"},
			"south":{"uv":	[14.01,12.01,14.99,14.99],"texture":"#block","cullface":"west"},
			"west":{"uv":	[12.01,12.01,14.99,14.99],"texture":"#block","cullface":"west"}
		}
	},
	{
		"__comment":"Bottom top left to bottom right",
		"from": [0.002,-0.40,13],
		"to": [3,0,15.998],
		"rotation": {"origin": [ 8, 1, 8 ], "axis": "y", "angle": 0 },
		"faces": {
			"down":{"uv":	[0.01,0.01,2.99,2.99],"texture":"#block","cullface":"down"},
			"north":{"uv":	[0.01,2.01,2.99,2.99],"texture":"#block","cullface":"down","rotation":180},
			"south":{"uv":	[0.01,0.01,2.99,0.99],"texture":"#block","cullface":"down"},
			"west":{"uv":	[0.01,0.01,0.99,2.99],"texture":"#block","cullface":"down","rotation":90},
			"east":{"uv":	[2.01,0.01,2.99,2.99],"texture":"#block","cullface":"down","rotation":270}
		}
	},
	{
		"__comment":"Bottom top left to bottom right",
		"from": [4,-0.70,13],
		"to": [7,0,15.998],
		"rotation": {"origin": [ 8, 1, 8 ], "axis": "y", "angle": 0 },
		"faces": {
			"down":{"uv":	[4.01,0.01,6.99,2.99],"texture":"#block","cullface":"down"},
			"north":{"uv":	[4.01,2.01,6.99,2.99],"texture":"#block","cullface":"down","rotation":180},
			"south":{"uv":	[4.01,0.01,6.99,0.99],"texture":"#block","cullface":"down"},
			"west":{"uv":	[4.01,0.01,4.99,2.99],"texture":"#block","cullface":"down","rotation":90},
			"east":{"uv":	[6.01,0.01,6.99,2.99],"texture":"#block","cullface":"down","rotation":270}
		}
	},
	{
		"__comment":"Bottom top left to bottom right",
		"from": [8,-0.55,13],
		"to": [11,0,15.998],
		"rotation": {"origin": [ 8, 1, 8 ], "axis": "y", "angle": 0 },
		"faces": {
			"down":{"uv":	[8.01,0.01,10.99,2.99],"texture":"#block","cullface":"down"},
			"north":{"uv":	[8.01,2.01,10.99,2.99],"texture":"#block","cullface":"down","rotation":180},
			"south":{"uv":	[8.01,0.01,10.99,0.99],"texture":"#block","cullface":"down"},
			"west":{"uv":	[8.01,0.01,8.99,2.99],"texture":"#block","cullface":"down","rotation":90},
			"east":{"uv":	[10.01,0.01,10.99,2.99],"texture":"#block","cullface":"down","rotation":270}
		}
	},
	{
		"__comment":"Bottom top left to bottom right",
		"from": [12,-0.70,13],
		"to": [15,0,15.998],
		"rotation": {"origin": [ 8, 1, 8 ], "axis": "y", "angle": 0 },
		"faces": {
			"down":{"uv":	[12.01,0.01,14.99,2.99],"texture":"#block","cullface":"down"},
			"north":{"uv":	[12.01,2.01,14.99,2.99],"texture":"#block","cullface":"down","rotation":180},
			"south":{"uv":	[12.01,0.01,14.99,0.99],"texture":"#block","cullface":"down"},
			"west":{"uv":	[12.01,0.01,12.99,2.99],"texture":"#block","cullface":"down","rotation":90},
			"east":{"uv":	[14.01,0.01,14.99,2.99],"texture":"#block","cullface":"down","rotation":270}
		}
	},
	{
		"__comment":"Bottom top left to bottom right",
		"from": [0.002,-0.55,9],
		"to": [3,0,12],
		"rotation": {"origin": [ 8, 1, 8 ], "axis": "y", "angle": 0 },
		"faces": {
			"down":{"uv":	[0.01,4.01,2.99,6.99],"texture":"#block","cullface":"down"},
			"north":{"uv":	[0.01,6.01,2.99,6.99],"texture":"#block","cullface":"down","rotation":180},
			"south":{"uv":	[0.01,4.01,2.99,4.99],"texture":"#block","cullface":"down"},
			"west":{"uv":	[0.01,4.01,0.99,6.99],"texture":"#block","cullface":"down","rotation":90},
			"east":{"uv":	[2.01,4.01,2.99,6.99],"texture":"#block","cullface":"down","rotation":270}
		}
	},
	{
		"__comment":"Bottom top left to bottom right",
		"from": [4,-0.40,9],
		"to": [7,0,12],
		"rotation": {"origin": [ 8, 1, 8 ], "axis": "y", "angle": 0 },
		"faces": {
			"down":{"uv":	[4.01,4.01,6.99,6.99],"texture":"#block","cullface":"down"},
			"north":{"uv":	[4.01,6.01,6.99,6.99],"texture":"#block","cullface":"down","rotation":180},
			"south":{"uv":	[4.01,4.01,6.99,4.99],"texture":"#block","cullface":"down"},
			"west":{"uv":	[4.01,4.01,4.99,6.99],"texture":"#block","cullface":"down","rotation":90},
			"east":{"uv":	[6.01,4.01,6.99,6.99],"texture":"#block","cullface":"down","rotation":270}
		}
	},
	{
		"__comment":"Bottom top left to bottom right",
		"from": [8,-0.70,9],
		"to": [11,0,12],
		"rotation": {"origin": [ 8, 1, 8 ], "axis": "y", "angle": 0 },
		"faces": {
			"down":{"uv":	[8.01,4.01,10.99,6.99],"texture":"#block","cullface":"down"},
			"north":{"uv":	[8.01,6.01,10.99,6.99],"texture":"#block","cullface":"down","rotation":180},
			"south":{"uv":	[8.01,4.01,10.99,4.99],"texture":"#block","cullface":"down"},
			"west":{"uv":	[8.01,4.01,8.99,6.99],"texture":"#block","cullface":"down","rotation":90},
			"east":{"uv":	[10.01,4.01,10.99,6.99],"texture":"#block","cullface":"down","rotation":270}
		}
	},
	{
		"__comment":"Bottom top left to bottom right",
		"from": [12,-0.55,9],
		"to": [15,0,12],
		"rotation": {"origin": [ 8, 1, 8 ], "axis": "y", "angle": 0 },
		"faces": {
			"down":{"uv":	[12.01,4.01,14.99,6.99],"texture":"#block","cullface":"down"},
			"north":{"uv":	[12.01,6.01,14.99,6.99],"texture":"#block","cullface":"down","rotation":180},
			"south":{"uv":	[12.01,4.01,14.99,4.99],"texture":"#block","cullface":"down"},
			"west":{"uv":	[12.01,4.01,12.99,6.99],"texture":"#block","cullface":"down","rotation":90},
			"east":{"uv":	[14.01,4.01,14.99,6.99],"texture":"#block","cullface":"down","rotation":270}
		}
	},
	{
		"__comment":"Bottom top left to bottom right",
		"from": [0.002,-0.40,5],
		"to": [3,0,7.998],
		"rotation": {"origin": [ 8, 1, 8 ], "axis": "y", "angle": 0 },
		"faces": {
			"down":{"uv":	[0.01,8.01,2.99,10.99],"texture":"#block","cullface":"down"},
			"north":{"uv":	[0.01,10.01,2.99,10.99],"texture":"#block","cullface":"down","rotation":180},
			"south":{"uv":	[0.01,8.01,2.99,8.99],"texture":"#block","cullface":"down"},
			"west":{"uv":	[0.01,8.01,0.99,10.99],"texture":"#block","cullface":"down","rotation":90},
			"east":{"uv":	[2.01,8.01,2.99,10.99],"texture":"#block","cullface":"down","rotation":270}
		}
	},
	{
		"__comment":"Bottom top left to bottom right",
		"from": [4,-0.55,5],
		"to": [7,0,7.998],
		"rotation": {"origin": [ 8, 1, 8 ], "axis": "y", "angle": 0 },
		"faces": {
			"down":{"uv":	[4.01,8.01,6.99,10.99],"texture":"#block","cullface":"down"},
			"north":{"uv":	[4.01,10.01,6.99,10.99],"texture":"#block","cullface":"down","rotation":180},
			"south":{"uv":	[4.01,8.01,6.99,8.99],"texture":"#block","cullface":"down"},
			"west":{"uv":	[4.01,8.01,4.99,10.99],"texture":"#block","cullface":"down","rotation":90},
			"east":{"uv":	[6.01,8.01,6.99,10.99],"texture":"#block","cullface":"down","rotation":270}
		}
	},
	{
		"__comment":"Bottom top left to bottom right",
		"from": [8,-0.70,5],
		"to": [11,0,7.998],
		"rotation": {"origin": [ 8, 1, 8 ], "axis": "y", "angle": 0 },
		"faces": {
			"down":{"uv":	[8.01,8.01,10.99,10.99],"texture":"#block","cullface":"down"},
			"north":{"uv":	[8.01,10.01,10.99,10.99],"texture":"#block","cullface":"down","rotation":180},
			"south":{"uv":	[8.01,8.01,10.99,8.99],"texture":"#block","cullface":"down"},
			"west":{"uv":	[8.01,8.01,8.99,10.99],"texture":"#block","cullface":"down","rotation":90},
			"east":{"uv":	[10.01,8.01,10.99,10.99],"texture":"#block","cullface":"down","rotation":270}
		}
	},
	{
		"__comment":"Bottom top left to bottom right",
		"from": [12,-0.40,5],
		"to": [15,0,7.998],
		"rotation": {"origin": [ 8, 1, 8 ], "axis": "y", "angle": 0 },
		"faces": {
			"down":{"uv":	[12.01,8.01,14.99,10.99],"texture":"#block","cullface":"down"},
			"north":{"uv":	[12.01,10.01,14.99,10.99],"texture":"#block","cullface":"down","rotation":180},
			"south":{"uv":	[12.01,8.01,14.99,8.99],"texture":"#block","cullface":"down"},
			"west":{"uv":	[12.01,8.01,12.99,10.99],"texture":"#block","cullface":"down","rotation":90},
			"east":{"uv":	[14.01,8.01,14.99,10.99],"texture":"#block","cullface":"down","rotation":270}
		}
	},
	{
		"__comment":"Bottom top left to bottom right",
		"from": [0.002,-0.70,1],
		"to": [3,0,4],
		"rotation": {"origin": [ 8, 1, 8 ], "axis": "y", "angle": 0 },
		"faces": {
			"down":{"uv":	[0.01,12.01,2.99,14.99],"texture":"#block","cullface":"down"},
			"north":{"uv":	[0.01,14.01,2.99,14.99],"texture":"#block","cullface":"down","rotation":180},
			"south":{"uv":	[0.01,12.01,2.99,12.99],"texture":"#block","cullface":"down"},
			"west":{"uv":	[0.01,12.01,0.99,14.99],"texture":"#block","cullface":"down","rotation":90},
			"east":{"uv":	[2.01,12.01,2.99,14.99],"texture":"#block","cullface":"down","rotation":270}
		}
	},
	{
		"__comment":"Bottom top left to bottom right",
		"from": [4,-0.40,1],
		"to": [7,0,4],
		"rotation": {"origin": [ 8, 1, 8 ], "axis": "y", "angle": 0 },
		"faces": {
			"down":{"uv":	[4.01,12.01,6.99,14.99],"texture":"#block","cullface":"down"},
			"north":{"uv":	[4.01,14.01,6.99,14.99],"texture":"#block","cullface":"down","rotation":180},
			"south":{"uv":	[4.01,12.01,6.99,12.99],"texture":"#block","cullface":"down"},
			"west":{"uv":	[4.01,12.01,4.99,14.99],"texture":"#block","cullface":"down","rotation":90},
			"east":{"uv":	[6.01,12.01,6.99,14.99],"texture":"#block","cullface":"down","rotation":270}
		}
	},
	{
		"__comment":"Bottom top left to bottom right",
		"from": [8,-0.40,1],
		"to": [11,0,4],
		"rotation": {"origin": [ 8, 1, 8 ], "axis": "y", "angle": 0 },
		"faces": {
			"down":{"uv":	[8.01,12.01,10.99,14.99],"texture":"#block","cullface":"down"},
			"north":{"uv":	[8.01,14.01,10.99,14.99],"texture":"#block","cullface":"down","rotation":180},
			"south":{"uv":	[8.01,12.01,10.99,12.99],"texture":"#block","cullface":"down"},
			"west":{"uv":	[8.01,12.01,8.99,14.99],"texture":"#block","cullface":"down","rotation":90},
			"east":{"uv":	[10.01,12.01,10.99,14.99],"texture":"#block","cullface":"down","rotation":270}
		}
	},
	{
		"__comment":"Bottom top left to bottom right",
		"from": [12,-0.55,1],
		"to": [15,0,4],
		"rotation": {"origin": [ 8, 1, 8 ], "axis": "y", "angle": 0 },
		"faces": {
			"down":{"uv":	[12.01,12.01,14.99,14.99],"texture":"#block","cullface":"down"},
			"north":{"uv":	[12.01,14.01,14.99,14.99],"texture":"#block","cullface":"down","rotation":180},
			"south":{"uv":	[12.01,12.01,14.99,12.99],"texture":"#block","cullface":"down"},
			"west":{"uv":	[12.01,12.01,12.99,14.99],"texture":"#block","cullface":"down","rotation":90},
			"east":{"uv":	[14.01,12.01,14.99,14.99],"texture":"#block","cullface":"down","rotation":270}
		}
	}
],
"display": {
	"thirdperson": {
		"rotation": [ 0, 45, 1 ],
		"translation": [ 0, 0.5, 0 ],
		"scale": [ 1.1, 1.1, 1.1 ]
	},
	"firstperson": {
		"rotation": [ 0, 0, 0 ],
		"translation": [ 0, 0, 0 ],
		"scale": [ 1, 1, 1 ]
	},
	"gui": {
		"rotation": [ 0, 0, 0 ],
		"translation": [ 0, 0, 0 ],
		"scale": [ 1, 1, 1 ]
	}
}
}