{
"__comment":"Made by Know2Good, part of the 'Default 3D™' resource pack || Official download page: http://www.planetminecraft.com/texture_pack/default-3d-2985741/ || © Know2Good. All rights reserved. ",
"textures": {
    "end": "blocks/quartz_block_lines_top",
    "side": "blocks/quartz_block_lines",
	"particle":"blocks/quartz_block_lines"
},
"elements":[
	{
		"type":"cube", //North detail 1
		"from": [13,0.002,-1],
		"to": [15,15.998,0],
		"rotation": {"origin": [ 8, 1, 8 ], "axis": "y", "angle": 0 },
		"faces": {
			"down":{"uv":[1,15,3,16],"texture":"#side","cullface":"north","rotation":180},
			"up":{"uv":[1,0,3,1],"texture":"#side","cullface":"north","rotation":180},
			"north":{"uv":[1,0,3,16],"texture":"#side","cullface":"north"},
			"west":{"uv":[2,0,3,16],"texture":"#side","cullface":"north"},
			"east":{"uv":[1,0,2,16],"texture":"#side","cullface":"north"}
		}
	},
	{
		"type":"cube", //North detail 2
		"from": [9,0.002,-1],
		"to": [11,15.998,0],
		"rotation": {"origin": [ 8, 1, 8 ], "axis": "y", "angle": 0 },
		"faces": {
			"down":{"uv":[5,15,7,16],"texture":"#side","cullface":"north","rotation":180},
			"up":{"uv":[5,0,7,1],"texture":"#side","cullface":"north","rotation":180},
			"north":{"uv":[5,0,7,16],"texture":"#side","cullface":"north"},
			"west":{"uv":[6,0,7,16],"texture":"#side","cullface":"north"},
			"east":{"uv":[5,0,6,16],"texture":"#side","cullface":"north"}
		}
	},
	{
		"type":"cube", //North detail 3
		"from": [5,0.002,-1],
		"to": [7,15.998,0],
		"rotation": {"origin": [ 8, 1, 8 ], "axis": "y", "angle": 0 },
		"faces": {
			"down":{"uv":[9,15,11,16],"texture":"#side","cullface":"north","rotation":180},
			"up":{"uv":[9,0,11,1],"texture":"#side","cullface":"north","rotation":180},
			"north":{"uv":[9,0,11,16],"texture":"#side","cullface":"north"},
			"west":{"uv":[10,0,11,16],"texture":"#side","cullface":"north"},
			"east":{"uv":[9,0,10,16],"texture":"#side","cullface":"north"}
		}
	},
	{
		"type":"cube", //North detail 4
		"from": [1,0.002,-1],
		"to": [3,15.998,0],
		"rotation": {"origin": [ 8, 1, 8 ], "axis": "y", "angle": 0 },
		"faces": {
			"down":{"uv":[13,15,15,16],"texture":"#side","cullface":"north","rotation":180},
			"up":{"uv":[13,0,15,1],"texture":"#side","cullface":"north","rotation":180},
			"north":{"uv":[13,0,15,16],"texture":"#side","cullface":"north"},
			"west":{"uv":[14,0,15,16],"texture":"#side","cullface":"north"},
			"east":{"uv":[13,0,14,16],"texture":"#side","cullface":"north"}
		}
	},
	{
		"type":"cube", //East detail 1
		"from": [16,0.002,13],
		"to": [17,15.998,15],
		"rotation": {"origin": [ 8, 1, 8 ], "axis": "y", "angle": 0 },
		"faces": {
			"down":{"uv":[1,15,3,16],"texture":"#side","cullface":"east","rotation":90},
			"up":{"uv":[1,0,3,1],"texture":"#side","cullface":"east","rotation":270},
			"north":{"uv":[2,0,3,16],"texture":"#side","cullface":"east"},
			"south":{"uv":[1,0,2,16],"texture":"#side","cullface":"east"},
			"east":{"uv":[1,0,3,16],"texture":"#side","cullface":"east"}
		}
	},
	{
		"type":"cube", //East detail 2
		"from": [16,0.002,9],
		"to": [17,15.998,11],
		"rotation": {"origin": [ 8, 1, 8 ], "axis": "y", "angle": 0 },
		"faces": {
			"down":{"uv":[5,15,7,16],"texture":"#side","cullface":"east","rotation":90},
			"up":{"uv":[5,0,7,1],"texture":"#side","cullface":"east","rotation":270},
			"north":{"uv":[6,0,7,16],"texture":"#side","cullface":"east"},
			"south":{"uv":[5,0,6,16],"texture":"#side","cullface":"east"},
			"east":{"uv":[5,0,7,16],"texture":"#side","cullface":"east"}
		}
	},
	{
		"type":"cube", //East detail 3
		"from": [16,0.002,5],
		"to": [17,15.998,7],
		"rotation": {"origin": [ 8, 1, 8 ], "axis": "y", "angle": 0 },
		"faces": {
			"down":{"uv":[9,15,11,16],"texture":"#side","cullface":"east","rotation":90},
			"up":{"uv":[9,0,11,1],"texture":"#side","cullface":"east","rotation":270},
			"north":{"uv":[10,0,11,16],"texture":"#side","cullface":"east"},
			"south":{"uv":[9,0,10,16],"texture":"#side","cullface":"east"},
			"east":{"uv":[9,0,11,16],"texture":"#side","cullface":"east"}
		}
	},
	{
		"type":"cube", //East detail 4
		"from": [16,0.002,1],
		"to": [17,15.998,3],
		"rotation": {"origin": [ 8, 1, 8 ], "axis": "y", "angle": 0 },
		"faces": {
			"down":{"uv":[13,15,15,16],"texture":"#side","cullface":"east","rotation":90},
			"up":{"uv":[13,0,15,1],"texture":"#side","cullface":"east","rotation":270},
			"north":{"uv":[14,0,15,16],"texture":"#side","cullface":"east"},
			"south":{"uv":[13,0,14,16],"texture":"#side","cullface":"east"},
			"east":{"uv":[13,0,15,16],"texture":"#side","cullface":"east"}
		}
	},
	{
		"type":"cube", //South detail 1
		"from": [13,0.002,16],
		"to": [15,15.998,17],
		"rotation": {"origin": [ 8, 1, 8 ], "axis": "y", "angle": 0 },
		"faces": {
			"down":{"uv":[13,15,15,16],"texture":"#side","cullface":"south"},
			"up":{"uv":[13,0,15,1],"texture":"#side","cullface":"south"},
			"south":{"uv":[13,0,15,16],"texture":"#side","cullface":"south"},
			"west":{"uv":[13,0,14,16],"texture":"#side","cullface":"south"},
			"east":{"uv":[14,0,15,16],"texture":"#side","cullface":"south"}
		}
	},
	{
		"type":"cube", //South detail 2
		"from": [9,0.002,16],
		"to": [11,15.998,17],
		"rotation": {"origin": [ 8, 1, 8 ], "axis": "y", "angle": 0 },
		"faces": {
			"down":{"uv":[9,15,11,16],"texture":"#side","cullface":"south"},
			"up":{"uv":[9,0,11,1],"texture":"#side","cullface":"south"},
			"south":{"uv":[9,0,11,16],"texture":"#side","cullface":"south"},
			"west":{"uv":[9,0,10,16],"texture":"#side","cullface":"south"},
			"east":{"uv":[10,0,11,16],"texture":"#side","cullface":"south"}
		}
	},
	{
		"type":"cube", //South detail 3
		"from": [5,0.002,16],
		"to": [7,15.998,17],
		"rotation": {"origin": [ 8, 1, 8 ], "axis": "y", "angle": 0 },
		"faces": {
			"down":{"uv":[5,15,7,16],"texture":"#side","cullface":"south"},
			"up":{"uv":[5,0,7,1],"texture":"#side","cullface":"south"},
			"south":{"uv":[5,0,7,16],"texture":"#side","cullface":"south"},
			"west":{"uv":[5,0,6,16],"texture":"#side","cullface":"south"},
			"east":{"uv":[6,0,7,16],"texture":"#side","cullface":"south"}
		}
	},
	{
		"type":"cube", //South detail 4
		"from": [1,0.002,16],
		"to": [3,15.998,17],
		"rotation": {"origin": [ 8, 1, 8 ], "axis": "y", "angle": 0 },
		"faces": {
			"down":{"uv":[1,15,3,16],"texture":"#side","cullface":"south"},
			"up":{"uv":[1,0,3,1],"texture":"#side","cullface":"south"},
			"south":{"uv":[1,0,3,16],"texture":"#side","cullface":"south"},
			"west":{"uv":[1,0,2,16],"texture":"#side","cullface":"south"},
			"east":{"uv":[2,0,3,16],"texture":"#side","cullface":"south"}
		}
	},
	{
		"type":"cube", //West detail 1
		"from": [-1,0.002,13],
		"to": [0,15.998,15],
		"rotation": {"origin": [ 8, 1, 8 ], "axis": "y", "angle": 0 },
		"faces": {
			"down":{"uv":[13,15,15,16],"texture":"#side","cullface":"west","rotation":270},
			"up":{"uv":[13,0,15,1],"texture":"#side","cullface":"west","rotation":90},
			"north":{"uv":[13,0,14,16],"texture":"#side","cullface":"west"},
			"south":{"uv":[14,0,15,16],"texture":"#side","cullface":"west"},
			"west":{"uv":[13,0,15,16],"texture":"#side","cullface":"west"}
		}
	},
	{
		"type":"cube", //West detail 2
		"from": [-1,0.002,9],
		"to": [0,15.998,11],
		"rotation": {"origin": [ 8, 1, 8 ], "axis": "y", "angle": 0 },
		"faces": {
			"down":{"uv":[9,15,11,16],"texture":"#side","cullface":"west","rotation":270},
			"up":{"uv":[9,0,11,1],"texture":"#side","cullface":"west","rotation":90},
			"north":{"uv":[9,0,10,16],"texture":"#side","cullface":"west"},
			"south":{"uv":[10,0,11,16],"texture":"#side","cullface":"west"},
			"west":{"uv":[9,0,11,16],"texture":"#side","cullface":"west"}
		}
	},
	{
		"type":"cube", //West detail 3
		"from": [-1,0.002,5],
		"to": [0,15.998,7],
		"rotation": {"origin": [ 8, 1, 8 ], "axis": "y", "angle": 0 },
		"faces": {
			"down":{"uv":[5,15,7,16],"texture":"#side","cullface":"west","rotation":270},
			"up":{"uv":[5,0,7,1],"texture":"#side","cullface":"west","rotation":90},
			"north":{"uv":[5,0,6,16],"texture":"#side","cullface":"west"},
			"south":{"uv":[6,0,7,16],"texture":"#side","cullface":"west"},
			"west":{"uv":[5,0,7,16],"texture":"#side","cullface":"west"}
		}
	},
	{
		"type":"cube", //West detail 4
		"from": [-1,0.002,1],
		"to": [0,15.998,3],
		"rotation": {"origin": [ 8, 1, 8 ], "axis": "y", "angle": 0 },
		"faces": {
			"down":{"uv":[1,15,3,16],"texture":"#side","cullface":"west","rotation":270},
			"up":{"uv":[1,0,3,1],"texture":"#side","cullface":"west","rotation":90},
			"north":{"uv":[1,0,2,16],"texture":"#side","cullface":"west"},
			"south":{"uv":[2,0,3,16],"texture":"#side","cullface":"west"},
			"west":{"uv":[1,0,3,16],"texture":"#side","cullface":"west"}
		}
	},
	{
		"type":"cube", //Top north
		"from": [2,16,2],
		"to": [12,16.5,4],
		"rotation": {"origin": [ 8, 1, 8 ], "axis": "y", "angle": 0 },
		"faces": {
			"up":{"uv":[2,2,12,4],"texture":"#end","cullface":"up"},
			"north":{"uv":[2,2,12,3],"texture":"#end","cullface":"up","rotation":180},
			"south":{"uv":[2,3,12,4],"texture":"#end","cullface":"up"},
			"west":{"uv":[2,2,3,4],"texture":"#end","cullface":"up","rotation":270}
		}
	},
	{
		"type":"cube", //Top east
		"from": [12,16,2],
		"to": [14,16.5,12],
		"rotation": {"origin": [ 8, 1, 8 ], "axis": "y", "angle": 0 },
		"faces": {
			"up":{"uv":[12,2,14,12],"texture":"#end","cullface":"up"},
			"north":{"uv":[12,2,14,3],"texture":"#end","cullface":"up","rotation":180},
			"west":{"uv":[12,2,13,12],"texture":"#end","cullface":"up","rotation":270},
			"east":{"uv":[13,2,14,12],"texture":"#end","cullface":"up","rotation":90}
		}
	},
	{
		"type":"cube", //Top south
		"from": [4,16,12],
		"to": [14,16.5,14],
		"rotation": {"origin": [ 8, 1, 8 ], "axis": "y", "angle": 0 },
		"faces": {
			"up":{"uv":[4,12,14,14],"texture":"#end","cullface":"up"},
			"north":{"uv":[4,12,14,13],"texture":"#end","cullface":"up","rotation":180},
			"south":{"uv":[4,13,14,14],"texture":"#end","cullface":"up"},
			"east":{"uv":[13,12,14,14],"texture":"#end","cullface":"up","rotation":90}
		}
	},
	{
		"type":"cube", //Top west
		"from": [2,16,4],
		"to": [4,16.5,14],
		"rotation": {"origin": [ 8, 1, 8 ], "axis": "y", "angle": 0 },
		"faces": {
			"up":{"uv":[2,4,4,14],"texture":"#end","cullface":"up"},
			"south":{"uv":[2,13,4,14],"texture":"#end","cullface":"up"},
			"west":{"uv":[2,4,3,14],"texture":"#end","cullface":"up","rotation":270},
			"east":{"uv":[3,4,4,14],"texture":"#end","cullface":"up","rotation":90}
		}
	},
	{
		"type":"cube", //Top center
		"from": [5,16,5],
		"to": [11,16.25,11],
		"rotation": {"origin": [ 8, 1, 8 ], "axis": "y", "angle": 0 },
		"faces": {
			"up":{"uv":[5,5,11,11],"texture":"#end","cullface":"up"},
			"north":{"uv":[5,5,11,6],"texture":"#end","cullface":"up","rotation":180},
			"south":{"uv":[5,10,11,11],"texture":"#end","cullface":"up"},
			"west":{"uv":[5,5,6,11],"texture":"#end","cullface":"up","rotation":270},
			"east":{"uv":[10,5,11,11],"texture":"#end","cullface":"up","rotation":90}
		}
	},
	{
		"type":"cube", //Bottom north
		"from": [2,-0.5,2],
		"to": [12,0,4],
		"rotation": {"origin": [ 8, 1, 8 ], "axis": "y", "angle": 0 },
		"faces": {
			"down":{"uv":[12,2,2,4],"texture":"#end","cullface":"down","rotation":180},
			"north":{"uv":[2,2,12,3],"texture":"#end","cullface":"down","rotation":180},
			"south":{"uv":[2,3,12,4],"texture":"#end","cullface":"down"},
			"west":{"uv":[2,2,3,4],"texture":"#end","cullface":"down","rotation":270}
		}
	},
	{
		"type":"cube", //Bottom east
		"from": [12,-0.5,2],
		"to": [14,0,12],
		"rotation": {"origin": [ 8, 1, 8 ], "axis": "y", "angle": 0 },
		"faces": {
			"down":{"uv":[14,2,12,12],"texture":"#end","cullface":"down","rotation":180},
			"north":{"uv":[12,2,14,3],"texture":"#end","cullface":"down","rotation":180},
			"west":{"uv":[12,2,13,12],"texture":"#end","cullface":"down","rotation":270},
			"east":{"uv":[13,2,14,12],"texture":"#end","cullface":"down","rotation":90}
		}
	},
	{
		"type":"cube", //Bottom south
		"from": [4,-0.5,12],
		"to": [14,0,14],
		"rotation": {"origin": [ 8, 1, 8 ], "axis": "y", "angle": 0 },
		"faces": {
			"down":{"uv":[14,12,4,14],"texture":"#end","cullface":"down","rotation":180},
			"north":{"uv":[4,12,14,13],"texture":"#end","cullface":"down","rotation":180},
			"south":{"uv":[4,13,14,14],"texture":"#end","cullface":"down"},
			"east":{"uv":[13,12,14,14],"texture":"#end","cullface":"down","rotation":90}
		}
	},
	{
		"type":"cube", //Bottom west
		"from": [2,-0.5,4],
		"to": [4,0,14],
		"rotation": {"origin": [ 8, 1, 8 ], "axis": "y", "angle": 0 },
		"faces": {
			"down":{"uv":[4,4,2,14],"texture":"#end","cullface":"down","rotation":180},
			"south":{"uv":[2,13,4,14],"texture":"#end","cullface":"down"},
			"west":{"uv":[2,4,3,14],"texture":"#end","cullface":"down","rotation":270},
			"east":{"uv":[3,4,4,14],"texture":"#end","cullface":"down","rotation":90}
		}
	},
	{
		"type":"cube", //Bottom center
		"from": [5,-0.25,5],
		"to": [11,0,11],
		"rotation": {"origin": [ 8, 1, 8 ], "axis": "y", "angle": 0 },
		"faces": {
			"down":{"uv":[11,5,5,11],"texture":"#end","cullface":"down","rotation":180},
			"north":{"uv":[5,5,11,6],"texture":"#end","cullface":"down","rotation":180},
			"south":{"uv":[5,10,11,11],"texture":"#end","cullface":"down"},
			"west":{"uv":[5,5,6,11],"texture":"#end","cullface":"down","rotation":270},
			"east":{"uv":[10,5,11,11],"texture":"#end","cullface":"down","rotation":90}
		}
	},
	{
		"type":"cube", //Block
		"from": [0,0,0],
		"to": [16,16,16],
		"rotation": {"origin": [ 8, 1, 8 ], "axis": "y", "angle": 0 },
		"faces": {
			"down":{"uv":[0,0,16,16],"texture":"#end","cullface":"down"},
			"up":{"uv":[0,0,16,16],"texture":"#end","cullface":"up"},
			"north":{"uv":[0,0,16,16],"texture":"#side","cullface":"north"},
			"south":{"uv":[0,0,16,16],"texture":"#side","cullface":"south"},
			"west":{"uv":[0,0,16,16],"texture":"#side","cullface":"west"},
			"east":{"uv":[0,0,16,16],"texture":"#side","cullface":"east"}
		}
	}
],
"display": {
	"thirdperson": {
		"rotation": [ 0, 45, 1 ],
		"translation": [ 0, 0.5, 0 ],
		"scale": [ 1.1, 1.1, 1.1 ]
	},
	"firstperson": {
		"rotation": [ 0, 0, 0 ],
		"translation": [ 0, 0, 0 ],
		"scale": [ 1, 1, 1 ]
	},
	"gui": {
		"rotation": [ 0, 0, 0 ],
		"translation": [ 0, 0, 0 ],
		"scale": [ 1, 1, 1 ]
	}
}
}