{
"__comment":"Made by Know2Good, part of the 'Default 3D™' resource pack || Official download page: http://www.planetminecraft.com/texture_pack/default-3d-2985741/ || © Know2Good. All rights reserved. ",
"__comment":"No UV-bleed, OK coordinate, OK texture, OK cullface",
"textures": {
	"block": "custom/redstone_wire",
	"particle":"blocks/redstone_dust_cross"
},
"elements":[
	{
		"type":"cube", //North to south
		"from":[9,0,5],
		"to":[10,0.5,6],
		"rotation": {"origin": [ 8, 1, 8 ], "axis": "y", "angle": 0 },
		"faces": {
			"up":{"uv":		[7.01,1.01,7.99,1.99],"texture":"#block","cullface":"Know2Good","tintindex":0},
			"north":{"uv":	[7.01,1.01,7.99,1.99],"texture":"#block","cullface":"Know2Good","tintindex":0},
			"west":{"uv":	[7.01,1.01,7.99,1.99],"texture":"#block","cullface":"Know2Good","tintindex":0},
			"east":{"uv":	[7.01,1.01,7.99,1.99],"texture":"#block","cullface":"Know2Good","tintindex":0}
		}
	},
	{
		"type":"cube", //North to south
		"from":[5,0,6],
		"to":[6,0.5,7],
		"rotation": {"origin": [ 8, 1, 8 ], "axis": "y", "angle": 0 },
		"faces": {
			"up":{"uv":		[7.01,1.01,7.99,1.99],"texture":"#block","cullface":"Know2Good","tintindex":0},
			"north":{"uv":	[7.01,1.01,7.99,1.99],"texture":"#block","cullface":"Know2Good","tintindex":0},
			"south":{"uv":	[7.01,1.01,7.99,1.99],"texture":"#block","cullface":"Know2Good","tintindex":0},
			"west":{"uv":	[7.01,1.01,7.99,1.99],"texture":"#block","cullface":"Know2Good","tintindex":0}
		}
	},
	{
		"type":"cube", //North to south
		"from":[6,0,5],
		"to":[7,1.5,7],
		"rotation": {"origin": [ 8, 1, 8 ], "axis": "y", "angle": 0 },
		"faces": {
			"up":{"uv":		[1.01,1.01,1.99,1.99],"texture":"#block","cullface":"Know2Good","tintindex":0},
			"north":{"uv":	[1.01,1.01,1.99,1.99],"texture":"#block","cullface":"Know2Good","tintindex":0},
			"south":{"uv":	[1.01,1.01,1.99,1.99],"texture":"#block","cullface":"Know2Good","tintindex":0},
			"west":{"uv":	[1.01,1.01,1.99,1.99],"texture":"#block","cullface":"Know2Good","tintindex":0},
			"east":{"uv":	[1.01,1.01,1.99,1.99],"texture":"#block","cullface":"Know2Good","tintindex":0}
		}
	},
	{
		"type":"cube", //North to south
		"from":[7,0,6],
		"to":[8,0.5,7],
		"rotation": {"origin": [ 8, 1, 8 ], "axis": "y", "angle": 0 },
		"faces": {
			"up":{"uv":		[7.01,1.01,7.99,1.99],"texture":"#block","cullface":"Know2Good","tintindex":0},
			"north":{"uv":	[7.01,1.01,7.99,1.99],"texture":"#block","cullface":"Know2Good","tintindex":0}
		}
	},
	{
		"type":"cube", //North to south
		"from":[8,0,6],
		"to":[9,1,7],
		"rotation": {"origin": [ 8, 1, 8 ], "axis": "y", "angle": 0 },
		"faces": {
			"up":{"uv":		[4.01,1.01,4.99,1.99],"texture":"#block","cullface":"Know2Good","tintindex":0},
			"south":{"uv":	[4.01,1.01,4.99,1.99],"texture":"#block","cullface":"Know2Good","tintindex":0},
			"west":{"uv":	[4.01,1.01,4.99,1.99],"texture":"#block","cullface":"Know2Good","tintindex":0}
		}
	},
	{
		"type":"cube", //North to south
		"from":[8,0,5],
		"to":[9,1.5,6],
		"rotation": {"origin": [ 8, 1, 8 ], "axis": "y", "angle": 0 },
		"faces": {
			"up":{"uv":		[1.01,1.01,1.99,1.99],"texture":"#block","cullface":"Know2Good","tintindex":0},
			"north":{"uv":	[1.01,1.01,1.99,1.99],"texture":"#block","cullface":"Know2Good","tintindex":0},
			"south":{"uv":	[1.01,1.01,1.99,1.99],"texture":"#block","cullface":"Know2Good","tintindex":0},
			"west":{"uv":	[1.01,1.01,1.99,1.99],"texture":"#block","cullface":"Know2Good","tintindex":0},
			"east":{"uv":	[1.01,1.01,1.99,1.99],"texture":"#block","cullface":"Know2Good","tintindex":0}
		}
	},
	{
		"type":"cube", //North to south
		"from":[9,0,6],
		"to":[11,1.5,7],
		"rotation": {"origin": [ 8, 1, 8 ], "axis": "y", "angle": 0 },
		"faces": {
			"up":{"uv":		[1.01,1.01,1.99,1.99],"texture":"#block","cullface":"Know2Good","tintindex":0},
			"north":{"uv":	[1.01,1.01,1.99,1.99],"texture":"#block","cullface":"Know2Good","tintindex":0},
			"south":{"uv":	[1.01,1.01,1.99,1.99],"texture":"#block","cullface":"Know2Good","tintindex":0},
			"west":{"uv":	[1.01,1.01,1.99,1.99],"texture":"#block","cullface":"Know2Good","tintindex":0},
			"east":{"uv":	[1.01,1.01,1.99,1.99],"texture":"#block","cullface":"Know2Good","tintindex":0}
		}
	},
	{
		"type":"cube", //North to south
		"from":[5,0,8],
		"to":[6,1.5,10],
		"rotation": {"origin": [ 8, 1, 8 ], "axis": "y", "angle": 0 },
		"faces": {
			"up":{"uv":		[1.01,1.01,1.99,1.99],"texture":"#block","cullface":"Know2Good","tintindex":0},
			"north":{"uv":	[1.01,1.01,1.99,1.99],"texture":"#block","cullface":"Know2Good","tintindex":0},
			"south":{"uv":	[1.01,1.01,1.99,1.99],"texture":"#block","cullface":"Know2Good","tintindex":0},
			"west":{"uv":	[1.01,1.01,1.99,1.99],"texture":"#block","cullface":"Know2Good","tintindex":0},
			"east":{"uv":	[1.01,1.01,1.99,1.99],"texture":"#block","cullface":"Know2Good","tintindex":0}
		}
	},
	{
		"type":"cube", //North to south
		"from":[6,0,8],
		"to":[7,0.5,10],
		"rotation": {"origin": [ 8, 1, 8 ], "axis": "y", "angle": 0 },
		"faces": {
			"up":{"uv":		[7.01,1.01,7.99,1.99],"texture":"#block","cullface":"Know2Good","tintindex":0},
			"south":{"uv":	[7.01,1.01,7.99,1.99],"texture":"#block","cullface":"Know2Good","tintindex":0}
		}
	},
	{
		"type":"cube", //North to south
		"from":[6,0,7],
		"to":[8,1,8],
		"rotation": {"origin": [ 8, 1, 8 ], "axis": "y", "angle": 0 },
		"faces": {
			"up":{"uv":		[4.01,1.01,4.99,1.99],"texture":"#block","cullface":"Know2Good","tintindex":0},
			"north":{"uv":	[4.01,1.01,4.99,1.99],"texture":"#block","cullface":"Know2Good","tintindex":0},
			"south":{"uv":	[4.01,1.01,4.99,1.99],"texture":"#block","cullface":"Know2Good","tintindex":0},
			"west":{"uv":	[4.01,1.01,4.99,1.99],"texture":"#block","cullface":"Know2Good","tintindex":0},
			"east":{"uv":	[4.01,1.01,4.99,1.99],"texture":"#block","cullface":"Know2Good","tintindex":0}
		}
	},
	{
		"type":"cube", //North to south
		"from":[7,0,8],
		"to":[8,1,9],
		"rotation": {"origin": [ 8, 1, 8 ], "axis": "y", "angle": 0 },
		"faces": {
			"up":{"uv":		[4.01,1.01,4.99,1.99],"texture":"#block","cullface":"Know2Good","tintindex":0},
			"west":{"uv":	[4.01,1.01,4.99,1.99],"texture":"#block","cullface":"Know2Good","tintindex":0}
		}
	},
	{
		"type":"cube", //North to south
		"from":[7,0,9],
		"to":[8,1.5,10],
		"rotation": {"origin": [ 8, 1, 8 ], "axis": "y", "angle": 0 },
		"faces": {
			"up":{"uv":		[1.01,1.01,1.99,1.99],"texture":"#block","cullface":"Know2Good","tintindex":0},
			"north":{"uv":	[1.01,1.01,1.99,1.99],"texture":"#block","cullface":"Know2Good","tintindex":0},
			"south":{"uv":	[1.01,1.01,1.99,1.99],"texture":"#block","cullface":"Know2Good","tintindex":0},
			"west":{"uv":	[1.01,1.01,1.99,1.99],"texture":"#block","cullface":"Know2Good","tintindex":0},
			"east":{"uv":	[1.01,1.01,1.99,1.99],"texture":"#block","cullface":"Know2Good","tintindex":0}
		}
	},
	{
		"type":"cube", //North to south
		"from":[7,0,10],
		"to":[8,0.5,11],
		"rotation": {"origin": [ 8, 1, 8 ], "axis": "y", "angle": 0 },
		"faces": {
			"up":{"uv":		[7.01,1.01,7.99,1.99],"texture":"#block","cullface":"Know2Good","tintindex":0},
			"south":{"uv":	[7.01,1.01,7.99,1.99],"texture":"#block","cullface":"Know2Good","tintindex":0},
			"west":{"uv":	[7.01,1.01,7.99,1.99],"texture":"#block","cullface":"Know2Good","tintindex":0}
		}
	},
	{
		"type":"cube", //North to south
		"from":[8,0,8],
		"to":[9,1.5,9],
		"rotation": {"origin": [ 8, 1, 8 ], "axis": "y", "angle": 0 },
		"faces": {
			"up":{"uv":		[1.01,1.01,1.99,1.99],"texture":"#block","cullface":"Know2Good","tintindex":0},
			"north":{"uv":	[1.01,1.01,1.99,1.99],"texture":"#block","cullface":"Know2Good","tintindex":0},
			"south":{"uv":	[1.01,1.01,1.99,1.99],"texture":"#block","cullface":"Know2Good","tintindex":0},
			"west":{"uv":	[1.01,1.01,1.99,1.99],"texture":"#block","cullface":"Know2Good","tintindex":0},
			"east":{"uv":	[1.01,1.01,1.99,1.99],"texture":"#block","cullface":"Know2Good","tintindex":0}
		}
	},
	{
		"type":"cube", //North to south
		"from":[8,0,10],
		"to":[9,1.5,11],
		"rotation": {"origin": [ 8, 1, 8 ], "axis": "y", "angle": 0 },
		"faces": {
			"up":{"uv":		[1.01,1.01,1.99,1.99],"texture":"#block","cullface":"Know2Good","tintindex":0},
			"north":{"uv":	[1.01,1.01,1.99,1.99],"texture":"#block","cullface":"Know2Good","tintindex":0},
			"south":{"uv":	[1.01,1.01,1.99,1.99],"texture":"#block","cullface":"Know2Good","tintindex":0},
			"west":{"uv":	[1.01,1.01,1.99,1.99],"texture":"#block","cullface":"Know2Good","tintindex":0},
			"east":{"uv":	[1.01,1.01,1.99,1.99],"texture":"#block","cullface":"Know2Good","tintindex":0}
		}
	},
	{
		"type":"cube", //North to south
		"from":[9,0,7],
		"to":[11,1,8],
		"rotation": {"origin": [ 8, 1, 8 ], "axis": "y", "angle": 0 },
		"faces": {
			"up":{"uv":		[4.01,1.01,4.99,1.99],"texture":"#block","cullface":"Know2Good","tintindex":0},
			"west":{"uv":	[4.01,1.01,4.99,1.99],"texture":"#block","cullface":"Know2Good","tintindex":0},
			"east":{"uv":	[4.01,1.01,4.99,1.99],"texture":"#block","cullface":"Know2Good","tintindex":0}
		}
	},
	{
		"type":"cube", //North to south
		"from":[9,0,8],
		"to":[10,1,9],
		"rotation": {"origin": [ 8, 1, 8 ], "axis": "y", "angle": 0 },
		"faces": {
			"up":{"uv":		[4.01,1.01,4.99,1.99],"texture":"#block","cullface":"Know2Good","tintindex":0},
			"south":{"uv":	[4.01,1.01,4.99,1.99],"texture":"#block","cullface":"Know2Good","tintindex":0}
		}
	},
	{
		"type":"cube", //North to south
		"from":[9,0,9],
		"to":[10,0.5,10],
		"rotation": {"origin": [ 8, 1, 8 ], "axis": "y", "angle": 0 },
		"faces": {
			"up":{"uv":		[7.01,1.01,7.99,1.99],"texture":"#block","cullface":"Know2Good","tintindex":0},
			"south":{"uv":	[7.01,1.01,7.99,1.99],"texture":"#block","cullface":"Know2Good","tintindex":0},
			"west":{"uv":	[7.01,1.01,7.99,1.99],"texture":"#block","cullface":"Know2Good","tintindex":0}
		}
	},
	{
		"type":"cube", //North to south
		"from":[10,0,8],
		"to":[11,1.5,11],
		"rotation": {"origin": [ 8, 1, 8 ], "axis": "y", "angle": 0 },
		"faces": {
			"up":{"uv":		[1.01,1.01,1.99,1.99],"texture":"#block","cullface":"Know2Good","tintindex":0},
			"north":{"uv":	[1.01,1.01,1.99,1.99],"texture":"#block","cullface":"Know2Good","tintindex":0},
			"south":{"uv":	[1.01,1.01,1.99,1.99],"texture":"#block","cullface":"Know2Good","tintindex":0},
			"west":{"uv":	[1.01,1.01,1.99,1.99],"texture":"#block","cullface":"Know2Good","tintindex":0},
			"east":{"uv":	[1.01,1.01,1.99,1.99],"texture":"#block","cullface":"Know2Good","tintindex":0}
		}
	}
],
"display": {
	"thirdperson": {
		"rotation": [ 0, 45, 1 ],
		"translation": [ 0, 0.5, 0 ],
		"scale": [ 1.1, 1.1, 1.1 ]
	},
	"firstperson": {
		"rotation": [ 0, 0, 0 ],
		"translation": [ 0, 0, 0 ],
		"scale": [ 1, 1, 1 ]
	},
	"gui": {
		"rotation": [ 0, 0, 0 ],
		"translation": [ 0, 0, 0 ],
		"scale": [ 1, 1, 1 ]
	}
}
}