{
"__comment":"Made by Know2Good, part of the 'Default 3D™' resource pack || Official download page: http://www.planetminecraft.com/texture_pack/default-3d-2985741/ || © Know2Good. All rights reserved. ",
"textures": {
	"block": "blocks/sandstone_smooth",
	"top": "blocks/sandstone_top",
	"particle":"blocks/sandstone_smooth"
},
"elements":[
	{
		"type":"cube", //The inner block
		"from":[0,0,0],
		"to":[16,16,16],
		"rotation": {"origin": [ 8, 1, 8 ], "axis": "y", "angle": 0 },
		"faces": {
			"up":{"uv":[0,0,16,16],"texture":"#top","cullface":"up"},
			"down":{"uv":[0,0,16,16],"texture":"#top","cullface":"down"},
			"north":{"uv":[0,0,16,16],"texture":"#block","cullface":"north"},
			"south":{"uv":[0,0,16,16],"texture":"#block","cullface":"south"},
			"west":{"uv":[0,0,16,16],"texture":"#block","cullface":"west"},
			"east":{"uv":[0,0,16,16],"texture":"#block","cullface":"east"}
		}
	},
	{
		"type":"cube", //North top
		"from":[0,14,-0.5],
		"to":[16,16,0],
		"rotation": {"origin": [ 8, 1, 8 ], "axis": "y", "angle": 0 },
		"faces": {
			"up":{"uv":[0,0,16,1],"texture":"#block","cullface":"north","rotation":180},
			"down":{"uv":[0,1,16,2],"texture":"#block","cullface":"north","rotation":180},
			"north":{"uv":[0,0,16,2],"texture":"#block","cullface":"north"},
			"west":{"uv":[15,0,16,2],"texture":"#block","cullface":"north"},
			"east":{"uv":[0,0,1,2],"texture":"#block","cullface":"north"}
		}
	},
	{
		"type":"cube", //East top
		"from":[16,14,0],
		"to":[16.5,16,16],
		"rotation": {"origin": [ 8, 1, 8 ], "axis": "y", "angle": 0 },
		"faces": {
			"up":{"uv":[0,0,16,1],"texture":"#block","cullface":"east","rotation":270},
			"down":{"uv":[0,1,16,2],"texture":"#block","cullface":"east","rotation":90},
			"north":{"uv":[15,0,16,2],"texture":"#block","cullface":"east"},
			"south":{"uv":[0,0,1,2],"texture":"#block","cullface":"east"},
			"east":{"uv":[0,0,16,2],"texture":"#block","cullface":"east"}
		}
	},
	{
		"type":"cube", //South top
		"from":[0,14,16],
		"to":[16,16,16.5],
		"rotation": {"origin": [ 8, 1, 8 ], "axis": "y", "angle": 0 },
		"faces": {
			"up":{"uv":[0,0,16,1],"texture":"#block","cullface":"south"},
			"down":{"uv":[0,1,16,2],"texture":"#block","cullface":"south"},
			"south":{"uv":[0,0,16,2],"texture":"#block","cullface":"south"},
			"west":{"uv":[0,0,1,2],"texture":"#block","cullface":"south"},
			"east":{"uv":[15,0,16,2],"texture":"#block","cullface":"south"}
		}
	},
	{
		"type":"cube", //West top
		"from":[-0.5,14,0],
		"to":[0,16,16],
		"rotation": {"origin": [ 8, 1, 8 ], "axis": "y", "angle": 0 },
		"faces": {
			"up":{"uv":[0,0,16,1],"texture":"#block","cullface":"west","rotation":90},
			"down":{"uv":[0,1,16,2],"texture":"#block","cullface":"west","rotation":270},
			"north":{"uv":[0,0,1,2],"texture":"#block","cullface":"west"},
			"south":{"uv":[15,0,16,2],"texture":"#block","cullface":"west"},
			"west":{"uv":[0,0,16,2],"texture":"#block","cullface":"west"}
		}
	}
],
"display": {
	"thirdperson": {
		"rotation": [ 0, 0, 0 ],
		"translation": [ 0, 0, 0 ],
		"scale": [ 1, 1, 1 ]
	},
	"firstperson": {
		"rotation": [ 0, 0, 0 ],
		"translation": [ 0, 0, 0 ],
		"scale": [ 1, 1, 1 ]
	},
	"gui": {
		"rotation": [ 0, 0, 0 ],
		"translation": [ 0, 0, 0 ],
		"scale": [ 1, 1, 1 ]
	}
}
}