{
"__comment":"Made by Know2Good, part of the 'Default 3D™' resource pack || Official download page: http://www.planetminecraft.com/texture_pack/default-3d-2985741/ || © Know2Good. All rights reserved. ",
"__comment":"No UV-bleed, OK coordinate, OK texture, OK cullface",
"ambientocclusion": false,
"textures": {
    "particle": "blocks/waterlily",
    "block": "blocks/waterlily",
	"stigma": "blocks/sponge",
    "flower": "blocks/wool_colored_white"
},
"elements":[
	{
		"type":"cube", //Stigma
		"from": [8,-1,4],
		"to": [9,0,5],
		"rotation": {"origin": [ 8, 1, 8 ], "axis": "y", "angle": 0 },
		"faces": {
			"down":{"uv":	[8.01,5.01,8.99,5.99],"texture":"#block","cullface":"Know2Good"},
			"up":{"uv":		[0.01,0.01,0.99,0.99],"texture":"#stigma","cullface":"Know2Good"},
			"north":{"uv":	[12.01,1.01,12.99,1.99],"texture":"#flower","cullface":"Know2Good"},
			"south":{"uv":	[12.01,1.01,12.99,1.99],"texture":"#flower","cullface":"Know2Good"},
			"west":{"uv":	[12.01,1.01,12.99,1.99],"texture":"#flower","cullface":"Know2Good"},
			"east":{"uv":	[12.01,1.01,12.99,1.99],"texture":"#flower","cullface":"Know2Good"}
		}
	},
	{
		"type":"cube", //North-west petal
		"from": [7,-0.5,3],
		"to": [8,1,4],
		"rotation": {"origin": [ 8, 1, 8 ], "axis": "y", "angle": 0 },
		"faces": {
			"down":{"uv":	[12.01,2.01,12.99,2.99],"texture":"#flower","cullface":"Know2Good"},
			"up":{"uv":		[12.01,2.01,12.99,2.99],"texture":"#flower","cullface":"Know2Good"},
			"north":{"uv":	[12.01,2.01,12.99,2.99],"texture":"#flower","cullface":"Know2Good"},
			"south":{"uv":	[12.01,2.01,12.99,2.99],"texture":"#flower","cullface":"Know2Good"},
			"west":{"uv":	[12.01,2.01,12.99,2.99],"texture":"#flower","cullface":"Know2Good"},
			"east":{"uv":	[12.01,2.01,12.99,2.99],"texture":"#flower","cullface":"Know2Good"}
		}
	},
	{
		"type":"cube", //North-east petal
		"from": [9,-0.5,3],
		"to": [10,1,4],
		"rotation": {"origin": [ 8, 1, 8 ], "axis": "y", "angle": 0 },
		"faces": {
			"down":{"uv":	[12.01,2.01,12.99,2.99],"texture":"#flower","cullface":"Know2Good"},
			"up":{"uv":		[12.01,2.01,12.99,2.99],"texture":"#flower","cullface":"Know2Good"},
			"north":{"uv":	[12.01,2.01,12.99,2.99],"texture":"#flower","cullface":"Know2Good"},
			"south":{"uv":	[12.01,2.01,12.99,2.99],"texture":"#flower","cullface":"Know2Good"},
			"west":{"uv":	[12.01,2.01,12.99,2.99],"texture":"#flower","cullface":"Know2Good"},
			"east":{"uv":	[12.01,2.01,12.99,2.99],"texture":"#flower","cullface":"Know2Good"}
		}
	},
	{
		"type":"cube", //South-east petal
		"from": [9,-0.5,5],
		"to": [10,1,6],
		"rotation": {"origin": [ 8, 1, 8 ], "axis": "y", "angle": 0 },
		"faces": {
			"down":{"uv":	[12.01,2.01,12.99,2.99],"texture":"#flower","cullface":"Know2Good"},
			"up":{"uv":		[12.01,2.01,12.99,2.99],"texture":"#flower","cullface":"Know2Good"},
			"north":{"uv":	[12.01,2.01,12.99,2.99],"texture":"#flower","cullface":"Know2Good"},
			"south":{"uv":	[12.01,2.01,12.99,2.99],"texture":"#flower","cullface":"Know2Good"},
			"west":{"uv":	[12.01,2.01,12.99,2.99],"texture":"#flower","cullface":"Know2Good"},
			"east":{"uv":	[12.01,2.01,12.99,2.99],"texture":"#flower","cullface":"Know2Good"}
		}
	},
	{
		"type":"cube", //South-west petal
		"from": [7,-0.5,5],
		"to": [8,1,6],
		"rotation": {"origin": [ 8, 1, 8 ], "axis": "y", "angle": 0 },
		"faces": {
			"down":{"uv":	[12.01,2.01,12.99,2.99],"texture":"#flower","cullface":"Know2Good"},
			"up":{"uv":		[12.01,2.01,12.99,2.99],"texture":"#flower","cullface":"Know2Good"},
			"north":{"uv":	[12.01,2.01,12.99,2.99],"texture":"#flower","cullface":"Know2Good"},
			"south":{"uv":	[12.01,2.01,12.99,2.99],"texture":"#flower","cullface":"Know2Good"},
			"west":{"uv":	[12.01,2.01,12.99,2.99],"texture":"#flower","cullface":"Know2Good"},
			"east":{"uv":	[12.01,2.01,12.99,2.99],"texture":"#flower","cullface":"Know2Good"}
		}
	},
	{
		"type":"cube", //North petal 1
		"from": [8,-1,3],
		"to": [9,0.5,4],
		"rotation": {"origin": [ 8, 1, 8 ], "axis": "y", "angle": 0 },
		"faces": {
			"down":{"uv":	[13.01,1.01,13.99,1.99],"texture":"#flower","cullface":"Know2Good"},
			"up":{"uv":		[13.01,1.01,13.99,1.99],"texture":"#flower","cullface":"Know2Good"},
			"north":{"uv":	[13.01,1.01,13.99,1.99],"texture":"#flower","cullface":"Know2Good"},
			"south":{"uv":	[13.01,1.01,13.99,1.99],"texture":"#flower","cullface":"Know2Good"},
			"west":{"uv":	[13.01,1.01,13.99,1.99],"texture":"#flower","cullface":"Know2Good"},
			"east":{"uv":	[13.01,1.01,13.99,1.99],"texture":"#flower","cullface":"Know2Good"}
		}
	},
	{
		"type":"cube", //North petal 2
		"from": [8,0,2],
		"to": [9,1.5,3],
		"rotation": {"origin": [ 8, 1, 8 ], "axis": "y", "angle": 0 },
		"faces": {
			"down":{"uv":	[13.01,2.01,13.99,2.99],"texture":"#flower","cullface":"Know2Good"},
			"up":{"uv":		[13.01,2.01,13.99,2.99],"texture":"#flower","cullface":"Know2Good"},
			"north":{"uv":	[13.01,2.01,13.99,2.99],"texture":"#flower","cullface":"Know2Good"},
			"south":{"uv":	[13.01,2.01,13.99,2.99],"texture":"#flower","cullface":"Know2Good"},
			"west":{"uv":	[13.01,2.01,13.99,2.99],"texture":"#flower","cullface":"Know2Good"},
			"east":{"uv":	[13.01,2.01,13.99,2.99],"texture":"#flower","cullface":"Know2Good"}
		}
	},
	{
		"type":"cube", //East petal 1
		"from": [9,-1,4],
		"to": [10,0.5,5],
		"rotation": {"origin": [ 8, 1, 8 ], "axis": "y", "angle": 0 },
		"faces": {
			"down":{"uv":	[13.01,1.01,13.99,1.99],"texture":"#flower","cullface":"Know2Good"},
			"up":{"uv":		[13.01,1.01,13.99,1.99],"texture":"#flower","cullface":"Know2Good"},
			"north":{"uv":	[13.01,1.01,13.99,1.99],"texture":"#flower","cullface":"Know2Good"},
			"south":{"uv":	[13.01,1.01,13.99,1.99],"texture":"#flower","cullface":"Know2Good"},
			"west":{"uv":	[13.01,1.01,13.99,1.99],"texture":"#flower","cullface":"Know2Good"},
			"east":{"uv":	[13.01,1.01,13.99,1.99],"texture":"#flower","cullface":"Know2Good"}
		}
	},
	{
		"type":"cube", //East petal 2
		"from": [10,0,4],
		"to": [11,1.5,5],
		"rotation": {"origin": [ 8, 1, 8 ], "axis": "y", "angle": 0 },
		"faces": {
			"down":{"uv":	[13.01,2.01,13.99,2.99],"texture":"#flower","cullface":"Know2Good"},
			"up":{"uv":		[13.01,2.01,13.99,2.99],"texture":"#flower","cullface":"Know2Good"},
			"north":{"uv":	[13.01,2.01,13.99,2.99],"texture":"#flower","cullface":"Know2Good"},
			"south":{"uv":	[13.01,2.01,13.99,2.99],"texture":"#flower","cullface":"Know2Good"},
			"west":{"uv":	[13.01,2.01,13.99,2.99],"texture":"#flower","cullface":"Know2Good"},
			"east":{"uv":	[13.01,2.01,13.99,2.99],"texture":"#flower","cullface":"Know2Good"}
		}
	},
	{
		"type":"cube", //South petal 1
		"from": [8,-1,5],
		"to": [9,0.5,6],
		"rotation": {"origin": [ 8, 1, 8 ], "axis": "y", "angle": 0 },
		"faces": {
			"down":{"uv":	[13.01,1.01,13.99,1.99],"texture":"#flower","cullface":"Know2Good"},
			"up":{"uv":		[13.01,1.01,13.99,1.99],"texture":"#flower","cullface":"Know2Good"},
			"north":{"uv":	[13.01,1.01,13.99,1.99],"texture":"#flower","cullface":"Know2Good"},
			"south":{"uv":	[13.01,1.01,13.99,1.99],"texture":"#flower","cullface":"Know2Good"},
			"west":{"uv":	[13.01,1.01,13.99,1.99],"texture":"#flower","cullface":"Know2Good"},
			"east":{"uv":	[13.01,1.01,13.99,1.99],"texture":"#flower","cullface":"Know2Good"}
		}
	},
	{
		"type":"cube", //South petal 2
		"from": [8,0,6],
		"to": [9,1.5,7],
		"rotation": {"origin": [ 8, 1, 8 ], "axis": "y", "angle": 0 },
		"faces": {
			"down":{"uv":	[13.01,2.01,13.99,2.99],"texture":"#flower","cullface":"Know2Good"},
			"up":{"uv":		[13.01,2.01,13.99,2.99],"texture":"#flower","cullface":"Know2Good"},
			"north":{"uv":	[13.01,2.01,13.99,2.99],"texture":"#flower","cullface":"Know2Good"},
			"south":{"uv":	[13.01,2.01,13.99,2.99],"texture":"#flower","cullface":"Know2Good"},
			"west":{"uv":	[13.01,2.01,13.99,2.99],"texture":"#flower","cullface":"Know2Good"},
			"east":{"uv":	[13.01,2.01,13.99,2.99],"texture":"#flower","cullface":"Know2Good"}
		}
	},
	{
		"type":"cube", //West petal 1
		"from": [7,-1,4],
		"to": [8,0.5,5],
		"rotation": {"origin": [ 8, 1, 8 ], "axis": "y", "angle": 0 },
		"faces": {
			"down":{"uv":	[13.01,1.01,13.99,1.99],"texture":"#flower","cullface":"Know2Good"},
			"up":{"uv":		[13.01,1.01,13.99,1.99],"texture":"#flower","cullface":"Know2Good"},
			"north":{"uv":	[13.01,1.01,13.99,1.99],"texture":"#flower","cullface":"Know2Good"},
			"south":{"uv":	[13.01,1.01,13.99,1.99],"texture":"#flower","cullface":"Know2Good"},
			"west":{"uv":	[13.01,1.01,13.99,1.99],"texture":"#flower","cullface":"Know2Good"},
			"east":{"uv":	[13.01,1.01,13.99,1.99],"texture":"#flower","cullface":"Know2Good"}
		}
	},
	{
		"type":"cube", //West petal 2
		"from": [6,0,4],
		"to": [7,1.5,5],
		"rotation": {"origin": [ 8, 1, 8 ], "axis": "y", "angle": 0 },
		"faces": {
			"down":{"uv":	[13.01,2.01,13.99,2.99],"texture":"#flower","cullface":"Know2Good"},
			"up":{"uv":		[13.01,2.01,13.99,2.99],"texture":"#flower","cullface":"Know2Good"},
			"north":{"uv":	[13.01,2.01,13.99,2.99],"texture":"#flower","cullface":"Know2Good"},
			"south":{"uv":	[13.01,2.01,13.99,2.99],"texture":"#flower","cullface":"Know2Good"},
			"west":{"uv":	[13.01,2.01,13.99,2.99],"texture":"#flower","cullface":"Know2Good"},
			"east":{"uv":	[13.01,2.01,13.99,2.99],"texture":"#flower","cullface":"Know2Good"}
		}
	},
    {
		"type":"cube", //Left part 1
		"from":[4,-2,1],
		"to":[6,-1,2],
		"rotation": {"origin": [ 8, 1, 8 ], "axis": "y", "angle": 0 },
		"faces": {
			"down":{"uv":	[4.01,1.01,5.99,1.99],"texture":"#block","cull":Know2Good,"tintindex": 0 },
			"up":{"uv":		[4.01,1.01,5.99,1.99],"texture":"#block","cull":Know2Good,"tintindex": 0 },
			"north":{"uv":	[4.01,1.01,5.99,1.99],"texture":"#block","cull":Know2Good,"tintindex": 0 },
			"west":{"uv":	[4.01,1.01,4.99,1.99],"texture":"#block","cull":Know2Good,"tintindex": 0 },
			"east":{"uv":	[5.01,1.01,5.99,1.99],"texture":"#block","cull":Know2Good,"tintindex": 0 }
		}
	},
	{
		"type":"cube", //Left part 2
		"from":[3,-2,2],
		"to":[7,-1,3],
		"rotation": {"origin": [ 8, 1, 8 ], "axis": "y", "angle": 0 },
		"faces": {
			"down":{"uv":	[3.01,2.01,6.99,2.99],"texture":"#block","cull":Know2Good,"tintindex": 0 },
			"up":{"uv":		[3.01,2.01,6.99,2.99],"texture":"#block","cull":Know2Good,"tintindex": 0 },
			"north":{"uv":	[3.01,2.01,6.99,2.99],"texture":"#block","cull":Know2Good,"tintindex": 0 },
			"west":{"uv":	[3.01,2.01,3.99,2.99],"texture":"#block","cull":Know2Good,"tintindex": 0 },
			"east":{"uv":	[6.01,2.01,6.99,2.99],"texture":"#block","cull":Know2Good,"tintindex": 0 }
		}
	},
	{
		"type":"cube", //Left part 3
		"from":[3,-2,3],
		"to":[8,-1,4],
		"rotation": {"origin": [ 8, 1, 8 ], "axis": "y", "angle": 0 },
		"faces": {
			"down":{"uv":	[3.01,3.01,7.99,3.99],"texture":"#block","cull":Know2Good,"tintindex": 0 },
			"up":{"uv":		[3.01,3.01,7.99,3.99],"texture":"#block","cull":Know2Good,"tintindex": 0 },
			"north":{"uv":	[3.01,3.01,7.99,3.99],"texture":"#block","cull":Know2Good,"tintindex": 0 },
			"west":{"uv":	[3.01,3.01,3.99,3.99],"texture":"#block","cull":Know2Good,"tintindex": 0 },
			"east":{"uv":	[7.01,3.01,7.99,3.99],"texture":"#block","cull":Know2Good,"tintindex": 0 }
		}
	},
	{
		"type":"cube", //Left part 4
		"from":[2,-2,4],
		"to":[8,-1,5],
		"rotation": {"origin": [ 8, 1, 8 ], "axis": "y", "angle": 0 },
		"faces": {
			"down":{"uv":	[2.01,4.01,7.99,4.99],"texture":"#block","cull":Know2Good,"tintindex": 0 },
			"up":{"uv":		[2.01,4.01,7.99,4.99],"texture":"#block","cull":Know2Good,"tintindex": 0 },
			"north":{"uv":	[2.01,4.01,7.99,4.99],"texture":"#block","cull":Know2Good,"tintindex": 0 },
			"west":{"uv":	[2.01,4.01,2.99,4.99],"texture":"#block","cull":Know2Good,"tintindex": 0 },
			"east":{"uv":	[7.01,4.01,7.99,4.99],"texture":"#block","cull":Know2Good,"tintindex": 0 }
		}
	},
	{
		"type":"cube", //Right part 1
		"from":[11,-2,1],
		"to":[13,-1,2],
		"rotation": {"origin": [ 8, 1, 8 ], "axis": "y", "angle": 0 },
		"faces": {
			"down":{"uv":	[11.01,1.01,12.99,1.99],"texture":"#block","cull":Know2Good,"tintindex": 0 },
			"up":{"uv":		[11.01,1.01,12.99,1.99],"texture":"#block","cull":Know2Good,"tintindex": 0 },
			"north":{"uv":	[11.01,1.01,12.99,1.99],"texture":"#block","cull":Know2Good,"tintindex": 0 },
			"west":{"uv":	[11.01,1.01,11.99,1.99],"texture":"#block","cull":Know2Good,"tintindex": 0 },
			"east":{"uv":	[12.01,1.01,12.99,1.99],"texture":"#block","cull":Know2Good,"tintindex": 0 }
		}
	},	
	{
		"type":"cube", //Right part 2
		"from":[10,-2,2],
		"to":[14,-1,3],
		"rotation": {"origin": [ 8, 1, 8 ], "axis": "y", "angle": 0 },
		"faces": {
			"down":{"uv":	[10.01,2.01,13.99,2.99],"texture":"#block","cull":Know2Good,"tintindex": 0 },
			"up":{"uv":		[10.01,2.01,13.99,2.99],"texture":"#block","cull":Know2Good,"tintindex": 0 },
			"north":{"uv":	[10.01,2.01,13.99,2.99],"texture":"#block","cull":Know2Good,"tintindex": 0 },
			"west":{"uv":	[10.01,2.01,10.99,2.99],"texture":"#block","cull":Know2Good,"tintindex": 0 },
			"east":{"uv":	[13.01,2.01,13.99,2.99],"texture":"#block","cull":Know2Good,"tintindex": 0 }
		}
	},	
	{
		"type":"cube", //Right part 3
		"from":[9,-2,3],
		"to":[14,-1,4],
		"rotation": {"origin": [ 8, 1, 8 ], "axis": "y", "angle": 0 },
		"faces": {
			"down":{"uv":	[9.01,3.01,13.99,3.99],"texture":"#block","cull":Know2Good,"tintindex": 0 },
			"up":{"uv":		[9.01,3.01,13.99,3.99],"texture":"#block","cull":Know2Good,"tintindex": 0 },
			"north":{"uv":	[9.01,3.01,13.99,3.99],"texture":"#block","cull":Know2Good,"tintindex": 0 },
			"west":{"uv":	[9.01,3.01,9.99,3.99],"texture":"#block","cull":Know2Good,"tintindex": 0 },
			"east":{"uv":	[13.01,3.01,13.99,3.99],"texture":"#block","cull":Know2Good,"tintindex": 0 }
		}
	},
	{
		"type":"cube", //Right part 4
		"from":[9,-2,4],
		"to":[15,-1,5],
		"rotation": {"origin": [ 8, 1, 8 ], "axis": "y", "angle": 0 },
		"faces": {
			"down":{"uv":	[9.01,4.01,14.99,4.99],"texture":"#block","cull":Know2Good,"tintindex": 0 },
			"up":{"uv":		[9.01,4.01,14.99,4.99],"texture":"#block","cull":Know2Good,"tintindex": 0 },
			"north":{"uv":	[9.01,4.01,14.99,4.99],"texture":"#block","cull":Know2Good,"tintindex": 0 },
			"west":{"uv":	[9.01,4.01,9.99,4.99],"texture":"#block","cull":Know2Good,"tintindex": 0 },
			"east":{"uv":	[14.01,4.01,14.99,4.99],"texture":"#block","cull":Know2Good,"tintindex": 0 }
		}
	},
	{
		"type":"cube", //Middle
		"from":[2,-2,5],
		"to":[15,-1,11],
		"rotation": {"origin": [ 8, 1, 8 ], "axis": "y", "angle": 0 },
		"faces": {
			"down":{"uv":	[2.01,5.01,14.99,10.99],"texture":"#block","cull":Know2Good,"tintindex": 0 },
			"up":{"uv":		[2.01,5.01,14.99,10.99],"texture":"#block","cull":Know2Good,"tintindex": 0 },
			"north":{"uv":	[2.01,5.01,14.99,5.99],"texture":"#block","cull":Know2Good,"tintindex": 0 },
			"south":{"uv":	[2.01,10.01,14.99,10.99],"texture":"#block","cull":Know2Good,"tintindex": 0 },
			"west":{"uv":	[2.01,5.01,2.99,10.99],"texture":"#block","cull":Know2Good,"tintindex": 0 },
			"east":{"uv":	[14.01,5.01,14.99,10.99],"texture":"#block","cull":Know2Good,"tintindex": 0 }
		}
	},
	{
		"type":"cube", //Bottom 1
		"from":[3,-2,11],
		"to":[14,-1,13],
		"rotation": {"origin": [ 8, 1, 8 ], "axis": "y", "angle": 0 },
		"faces": {
			"down":{"uv":	[3.01,11.01,13.99,12.99],"texture":"#block","cull":Know2Good,"tintindex": 0 },
			"up":{"uv":		[3.01,11.01,13.99,12.99],"texture":"#block","cull":Know2Good,"tintindex": 0 },
			"south":{"uv":	[3.01,12.01,13.99,12.99],"texture":"#block","cull":Know2Good,"tintindex": 0 },
			"west":{"uv":	[3.01,11.01,3.99,12.99],"texture":"#block","cull":Know2Good,"tintindex": 0 },
			"east":{"uv":	[13.01,11.01,13.99,12.99],"texture":"#block","cull":Know2Good,"tintindex": 0 }
		}
	},
	{
		"type":"cube", //Bottom 2
		"from":[4,-2,13],
		"to":[13,-1,14],
		"rotation": {"origin": [ 8, 1, 8 ], "axis": "y", "angle": 0 },
		"faces": {
			"down":{"uv":	[4.01,13.01,12.99,13.99],"texture":"#block","cull":Know2Good,"tintindex": 0 },
			"up":{"uv":		[4.01,13.01,12.99,13.99],"texture":"#block","cull":Know2Good,"tintindex": 0 },
			"south":{"uv":	[4.01,13.01,12.99,13.99],"texture":"#block","cull":Know2Good,"tintindex": 0 },
			"west":{"uv":	[4.01,13.01,4.99,13.99],"texture":"#block","cull":Know2Good,"tintindex": 0 },
			"east":{"uv":	[12.01,13.01,12.99,13.99],"texture":"#block","cull":Know2Good,"tintindex": 0 }
		}
	},
	{
		"type":"cube", //Bottom 3
		"from":[6,-2,14],
		"to":[11,-1,15],
		"rotation": {"origin": [ 8, 1, 8 ], "axis": "y", "angle": 0 },
		"faces": {
			"down":{"uv":	[6.01,14.01,10.99,14.99],"texture":"#block","cull":Know2Good,"tintindex": 0 },
			"up":{"uv":		[6.01,14.01,10.99,14.99],"texture":"#block","cull":Know2Good,"tintindex": 0 },
			"south":{"uv":	[6.01,14.01,10.99,14.99],"texture":"#block","cull":Know2Good,"tintindex": 0 },
			"west":{"uv":	[6.01,14.01,6.99,14.99],"texture":"#block","cull":Know2Good,"tintindex": 0 },
			"east":{"uv":	[10.01,14.01,10.99,14.99],"texture":"#block","cull":Know2Good,"tintindex": 0 }
		}
	}
],
"display": {
	"thirdperson": {
		"rotation": [ 0, 45, 1 ],
		"translation": [ 0, 0.5, 0 ],
		"scale": [ 1.1, 1.1, 1.1 ]
	},
	"firstperson": {
		"rotation": [ 0, 0, 0 ],
		"translation": [ 0, 0, 0 ],
		"scale": [ 1, 1, 1 ]
	},
	"gui": {
		"rotation": [ 0, 0, 0 ],
		"translation": [ 0, 0, 0 ],
		"scale": [ 1, 1, 1 ]
	}
}
}
