{
"__comment":"Made by Know2Good, part of the 'Default 3D™' resource pack || Official download page: http://www.planetminecraft.com/texture_pack/default-3d-2985741/ || © Know2Good. All rights reserved. ",
"textures": {
	"block": "blocks/wheat_stage_3",
	"particle":"blocks/wheat_stage_3"
},
"elements":[
	{
		"type":"cube", //Wheat stem north (texture lr1)
		"from": [1,-1,1],
		"to": [2,2,2],
		"rotation": {"origin": [ 8, 1, 8 ], "axis": "y", "angle": 0 },
		"faces": {
			"down":{"uv":[0,15,1,16],"texture":"#block","cullface":"Know2Good"},
			"up":{"uv":[0,13,1,14],"texture":"#block","cullface":"Know2Good"},
			"north":{"uv":[0,13,1,16],"texture":"#block","cullface":"Know2Good"},
			"south":{"uv":[0,13,1,16],"texture":"#block","cullface":"Know2Good"},
			"west":{"uv":[0,13,1,16],"texture":"#block","cullface":"Know2Good"},
			"east":{"uv":[0,13,1,16],"texture":"#block","cullface":"Know2Good"}
		}
	},
	{
		"type":"cube", //Wheat top north (texture lr1)
		"from": [1.75,0,0.25],
		"to": [2.75,1.002,1.25],
		"rotation": {"origin": [ 8, 1, 8 ], "axis": "y", "angle": 0 },
		"faces": {
			"down":{"uv":[1,14,2,15],"texture":"#block","cullface":"Know2Good"},
			"up":{"uv":[1,14,2,15],"texture":"#block","cullface":"Know2Good"},
			"north":{"uv":[1,14,2,15],"texture":"#block","cullface":"Know2Good"},
			"south":{"uv":[1,14,2,15],"texture":"#block","cullface":"Know2Good"},
			"west":{"uv":[1,14,2,15],"texture":"#block","cullface":"Know2Good"},
			"east":{"uv":[1,14,2,15],"texture":"#block","cullface":"Know2Good"}
		}
	},
	{
		"type":"cube", //Wheat stem north (texture lr2)
		"from": [5,-1,3],
		"to": [6,1,4],
		"rotation": {"origin": [ 8, 1, 8 ], "axis": "y", "angle": 0 },
		"faces": {
			"down":{"uv":[2,15,3,16],"texture":"#block","cullface":"Know2Good"},
			"up":{"uv":[2,14,3,15],"texture":"#block","cullface":"Know2Good"},
			"north":{"uv":[2,14,3,16],"texture":"#block","cullface":"Know2Good"},
			"south":{"uv":[2,14,3,16],"texture":"#block","cullface":"Know2Good"},
			"west":{"uv":[2,14,3,16],"texture":"#block","cullface":"Know2Good"},
			"east":{"uv":[2,14,3,16],"texture":"#block","cullface":"Know2Good"}
		}
	},
	{
		"type":"cube", //Wheat top north (texture lr2)
		"from": [4.75,1,3.25],
		"to": [5.75,6,4.25],
		"rotation": {"origin": [ 8, 1, 8 ], "axis": "y", "angle": 0 },
		"faces": {
			"down":{"uv":[2,13,3,14],"texture":"#block","cullface":"Know2Good"},
			"up":{"uv":[2,9,3,10],"texture":"#block","cullface":"Know2Good"},
			"north":{"uv":[2,9,3,14],"texture":"#block","cullface":"Know2Good"},
			"south":{"uv":[2,9,3,14],"texture":"#block","cullface":"Know2Good"},
			"west":{"uv":[2,9,3,14],"texture":"#block","cullface":"Know2Good"},
			"east":{"uv":[2,9,3,14],"texture":"#block","cullface":"Know2Good"}
		}
	},
	{
		"type":"cube", //Wheat top north (texture lr2)
		"from": [3.75,5,4.25],
		"to": [4.75,7,5.25],
		"rotation": {"origin": [ 8, 1, 8 ], "axis": "y", "angle": 0 },
		"faces": {
			"down":{"uv":[1,9,2,10],"texture":"#block","cullface":"Know2Good"},
			"up":{"uv":[1,8,2,9],"texture":"#block","cullface":"Know2Good"},
			"north":{"uv":[1,8,2,10],"texture":"#block","cullface":"Know2Good"},
			"south":{"uv":[1,8,2,10],"texture":"#block","cullface":"Know2Good"},
			"west":{"uv":[1,8,2,10],"texture":"#block","cullface":"Know2Good"},
			"east":{"uv":[1,8,2,10],"texture":"#block","cullface":"Know2Good"}
		}
	},
	{
		"type":"cube", //Wheat top north (texture lr2)
		"from": [5.75,3,2.25],
		"to": [6.75,4.002,3.25],
		"rotation": {"origin": [ 8, 1, 8 ], "axis": "y", "angle": 0 },
		"faces": {
			"down":{"uv":[3,11,4,12],"texture":"#block","cullface":"Know2Good"},
			"up":{"uv":[3,11,4,12],"texture":"#block","cullface":"Know2Good"},
			"north":{"uv":[3,11,4,12],"texture":"#block","cullface":"Know2Good"},
			"south":{"uv":[3,11,4,12],"texture":"#block","cullface":"Know2Good"},
			"west":{"uv":[3,11,4,12],"texture":"#block","cullface":"Know2Good"},
			"east":{"uv":[3,11,4,12],"texture":"#block","cullface":"Know2Good"}
		}
	},
	{
		"type":"cube", //Wheat stem north (texture lr3)
		"from": [10,-1,2],
		"to": [11,1,3],
		"rotation": {"origin": [ 8, 1, 8 ], "axis": "y", "angle": 0 },
		"faces": {
			"down":{"uv":[4,15,5,16],"texture":"#block","cullface":"Know2Good"},
			"up":{"uv":[4,14,5,15],"texture":"#block","cullface":"Know2Good"},
			"north":{"uv":[4,14,5,16],"texture":"#block","cullface":"Know2Good"},
			"south":{"uv":[4,14,5,16],"texture":"#block","cullface":"Know2Good"},
			"west":{"uv":[4,14,5,16],"texture":"#block","cullface":"Know2Good"},
			"east":{"uv":[4,14,5,16],"texture":"#block","cullface":"Know2Good"}
		}
	},
	{
		"type":"cube", //Wheat top north (texture lr3)
		"from": [9.75,1,2.25],
		"to": [10.75,4,3.25],
		"rotation": {"origin": [ 8, 1, 8 ], "axis": "y", "angle": 0 },
		"faces": {
			"down":{"uv":[4,13,5,14],"texture":"#block","cullface":"Know2Good"},
			"up":{"uv":[4,11,5,12],"texture":"#block","cullface":"Know2Good"},
			"north":{"uv":[4,11,5,14],"texture":"#block","cullface":"Know2Good"},
			"south":{"uv":[4,11,5,14],"texture":"#block","cullface":"Know2Good"},
			"west":{"uv":[4,11,5,14],"texture":"#block","cullface":"Know2Good"},
			"east":{"uv":[4,11,5,14],"texture":"#block","cullface":"Know2Good"}
		}
	},
	{
		"type":"cube", //Wheat top north (texture lr3)
		"from": [10.75,2,1.25],
		"to": [11.75,3.002,2.25],
		"rotation": {"origin": [ 8, 1, 8 ], "axis": "y", "angle": 0 },
		"faces": {
			"down":{"uv":[5,12,6,13],"texture":"#block","cullface":"Know2Good"},
			"up":{"uv":[5,12,6,13],"texture":"#block","cullface":"Know2Good"},
			"north":{"uv":[5,12,6,13],"texture":"#block","cullface":"Know2Good"},
			"south":{"uv":[5,12,6,13],"texture":"#block","cullface":"Know2Good"},
			"west":{"uv":[5,12,6,13],"texture":"#block","cullface":"Know2Good"},
			"east":{"uv":[5,12,6,13],"texture":"#block","cullface":"Know2Good"}
		}
	},
	{
		"type":"cube", //Wheat stem north (texture lr4)
		"from": [14,-1,5],
		"to": [15,3,6],
		"rotation": {"origin": [ 8, 1, 8 ], "axis": "y", "angle": 0 },
		"faces": {
			"down":{"uv":[7,15,8,16],"texture":"#block","cullface":"Know2Good"},
			"up":{"uv":[7,12,8,13],"texture":"#block","cullface":"Know2Good"},
			"north":{"uv":[7,12,8,16],"texture":"#block","cullface":"Know2Good"},
			"south":{"uv":[7,12,8,16],"texture":"#block","cullface":"Know2Good"},
			"west":{"uv":[7,12,8,16],"texture":"#block","cullface":"Know2Good"},
			"east":{"uv":[7,12,8,16],"texture":"#block","cullface":"Know2Good"}
		}
	},
	{
		"type":"cube", //Wheat top north (texture lr4)
		"from": [13.75,3,5.25],
		"to": [14.75,9,6.25],
		"rotation": {"origin": [ 8, 1, 8 ], "axis": "y", "angle": 0 },
		"faces": {
			"down":{"uv":[7,11,8,12],"texture":"#block","cullface":"Know2Good"},
			"up":{"uv":[7,6,8,7],"texture":"#block","cullface":"Know2Good"},
			"north":{"uv":[7,6,8,12],"texture":"#block","cullface":"Know2Good"},
			"south":{"uv":[7,6,8,12],"texture":"#block","cullface":"Know2Good"},
			"west":{"uv":[7,6,8,12],"texture":"#block","cullface":"Know2Good"},
			"east":{"uv":[7,6,8,12],"texture":"#block","cullface":"Know2Good"}
		}
	},
	{
		"type":"cube", //Wheat top north (texture lr4)
		"from": [12.75,7,6.25],
		"to": [13.75,10,7.25],
		"rotation": {"origin": [ 8, 1, 8 ], "axis": "y", "angle": 0 },
		"faces": {
			"down":{"uv":[6,7,7,8],"texture":"#block","cullface":"Know2Good"},
			"up":{"uv":[6,5,7,6],"texture":"#block","cullface":"Know2Good"},
			"north":{"uv":[6,5,7,8],"texture":"#block","cullface":"Know2Good"},
			"south":{"uv":[6,5,7,8],"texture":"#block","cullface":"Know2Good"},
			"west":{"uv":[6,5,7,8],"texture":"#block","cullface":"Know2Good"},
			"east":{"uv":[6,5,7,8],"texture":"#block","cullface":"Know2Good"}
		}
	},
	{
		"type":"cube", //Wheat top north (texture lr4)
		"from": [14.75,5,4.25],
		"to": [15.75,6.002,5.25],
		"rotation": {"origin": [ 8, 1, 8 ], "axis": "y", "angle": 0 },
		"faces": {
			"down":{"uv":[8,9,9,10],"texture":"#block","cullface":"Know2Good"},
			"up":{"uv":[8,9,9,10],"texture":"#block","cullface":"Know2Good"},
			"north":{"uv":[8,9,9,10],"texture":"#block","cullface":"Know2Good"},
			"south":{"uv":[8,9,9,10],"texture":"#block","cullface":"Know2Good"},
			"west":{"uv":[8,9,9,10],"texture":"#block","cullface":"Know2Good"},
			"east":{"uv":[8,9,9,10],"texture":"#block","cullface":"Know2Good"}
		}
	},
	{
		"type":"cube", //Wheat stem north (texture lr5)
		"from": [3,-1,6],
		"to": [4,1,7],
		"rotation": {"origin": [ 8, 1, 8 ], "axis": "y", "angle": 0 },
		"faces": {
			"down":{"uv":[9,15,10,16],"texture":"#block","cullface":"Know2Good"},
			"up":{"uv":[9,14,10,15],"texture":"#block","cullface":"Know2Good"},
			"north":{"uv":[9,14,10,16],"texture":"#block","cullface":"Know2Good"},
			"south":{"uv":[9,14,10,16],"texture":"#block","cullface":"Know2Good"},
			"west":{"uv":[9,14,10,16],"texture":"#block","cullface":"Know2Good"},
			"east":{"uv":[9,14,10,16],"texture":"#block","cullface":"Know2Good"}
		}
	},
	{
		"type":"cube", //Wheat top north (texture lr5)
		"from": [2.75,1,6.25],
		"to": [3.75,4,7.25],
		"rotation": {"origin": [ 8, 1, 8 ], "axis": "y", "angle": 0 },
		"faces": {
			"down":{"uv":[9,13,10,14],"texture":"#block","cullface":"Know2Good"},
			"up":{"uv":[9,11,10,12],"texture":"#block","cullface":"Know2Good"},
			"north":{"uv":[9,11,10,14],"texture":"#block","cullface":"Know2Good"},
			"south":{"uv":[9,11,10,14],"texture":"#block","cullface":"Know2Good"},
			"west":{"uv":[9,11,10,14],"texture":"#block","cullface":"Know2Good"},
			"east":{"uv":[9,11,10,14],"texture":"#block","cullface":"Know2Good"}
		}
	},
	{
		"type":"cube", //Wheat stem north (texture lr6)
		"from": [7,-1,7],
		"to": [8,0,8],
		"rotation": {"origin": [ 8, 1, 8 ], "axis": "y", "angle": 0 },
		"faces": {
			"down":{"uv":[11,15,12,16],"texture":"#block","cullface":"Know2Good"},
			"up":{"uv":[11,15,12,16],"texture":"#block","cullface":"Know2Good"},
			"north":{"uv":[11,15,12,16],"texture":"#block","cullface":"Know2Good"},
			"south":{"uv":[11,15,12,16],"texture":"#block","cullface":"Know2Good"},
			"west":{"uv":[11,15,12,16],"texture":"#block","cullface":"Know2Good"},
			"east":{"uv":[11,15,12,16],"texture":"#block","cullface":"Know2Good"}
		}
	},
	{
		"type":"cube", //Wheat top north (texture lr6)
		"from": [6.75,0,7.25],
		"to": [7.75,5,8.25],
		"rotation": {"origin": [ 8, 1, 8 ], "axis": "y", "angle": 0 },
		"faces": {
			"down":{"uv":[11,14,12,15],"texture":"#block","cullface":"Know2Good"},
			"up":{"uv":[11,10,12,11],"texture":"#block","cullface":"Know2Good"},
			"north":{"uv":[11,10,12,15],"texture":"#block","cullface":"Know2Good"},
			"south":{"uv":[11,10,12,15],"texture":"#block","cullface":"Know2Good"},
			"west":{"uv":[11,10,12,15],"texture":"#block","cullface":"Know2Good"},
			"east":{"uv":[11,10,12,15],"texture":"#block","cullface":"Know2Good"}
		}
	},
	{
		"type":"cube", //Wheat top north (texture lr6)
		"from": [5.75,5,8.25],
		"to": [6.75,7,9.25],
		"rotation": {"origin": [ 8, 1, 8 ], "axis": "y", "angle": 0 },
		"faces": {
			"down":{"uv":[12,9,13,10],"texture":"#block","cullface":"Know2Good"},
			"up":{"uv":[12,8,13,9],"texture":"#block","cullface":"Know2Good"},
			"north":{"uv":[12,8,13,10],"texture":"#block","cullface":"Know2Good"},
			"south":{"uv":[12,8,13,10],"texture":"#block","cullface":"Know2Good"},
			"west":{"uv":[12,8,13,10],"texture":"#block","cullface":"Know2Good"},
			"east":{"uv":[12,8,13,10],"texture":"#block","cullface":"Know2Good"}
		}
	},
	{
		"type":"cube", //Wheat stem north (texture lr7)
		"from": [12,-1,8],
		"to": [13,0,9],
		"rotation": {"origin": [ 8, 1, 8 ], "axis": "y", "angle": 0 },
		"faces": {
			"down":{"uv":[13,15,14,16],"texture":"#block","cullface":"Know2Good"},
			"up":{"uv":[13,15,14,16],"texture":"#block","cullface":"Know2Good"},
			"north":{"uv":[13,15,14,16],"texture":"#block","cullface":"Know2Good"},
			"south":{"uv":[13,15,14,16],"texture":"#block","cullface":"Know2Good"},
			"west":{"uv":[13,15,14,16],"texture":"#block","cullface":"Know2Good"},
			"east":{"uv":[13,15,14,16],"texture":"#block","cullface":"Know2Good"}
		}
	},
	{
		"type":"cube", //Wheat top north (texture lr7)
		"from": [11.75,0,8.25],
		"to": [12.75,2,9.25],
		"rotation": {"origin": [ 8, 1, 8 ], "axis": "y", "angle": 0 },
		"faces": {
			"down":{"uv":[14,14,15,15],"texture":"#block","cullface":"Know2Good"},
			"up":{"uv":[13,13,14,14],"texture":"#block","cullface":"Know2Good"},
			"north":{"uv":[13,13,14,15],"texture":"#block","cullface":"Know2Good"},
			"south":{"uv":[13,13,14,15],"texture":"#block","cullface":"Know2Good"},
			"west":{"uv":[13,13,14,15],"texture":"#block","cullface":"Know2Good"},
			"east":{"uv":[13,13,14,15],"texture":"#block","cullface":"Know2Good"}
		}
	},
	{
		"type":"cube", //Wheat top north (texture lr7)
		"from": [10.75,2,9.25],
		"to": [11.75,3,10.25],
		"rotation": {"origin": [ 8, 1, 8 ], "axis": "y", "angle": 0 },
		"faces": {
			"down":{"uv":[14,12,15,13],"texture":"#block","cullface":"Know2Good"},
			"up":{"uv":[14,12,15,13],"texture":"#block","cullface":"Know2Good"},
			"north":{"uv":[14,12,15,13],"texture":"#block","cullface":"Know2Good"},
			"south":{"uv":[14,12,15,13],"texture":"#block","cullface":"Know2Good"},
			"west":{"uv":[14,12,15,13],"texture":"#block","cullface":"Know2Good"},
			"east":{"uv":[14,12,15,13],"texture":"#block","cullface":"Know2Good"}
		}
	},
	{
		"type":"cube", //Wheat stem north (texture lr4)
		"from": [2,-1,10],
		"to": [3,3,11],
		"rotation": {"origin": [ 8, 1, 8 ], "axis": "y", "angle": 0 },
		"faces": {
			"down":{"uv":[7,15,8,16],"texture":"#block","cullface":"Know2Good"},
			"up":{"uv":[7,12,8,13],"texture":"#block","cullface":"Know2Good"},
			"north":{"uv":[7,12,8,16],"texture":"#block","cullface":"Know2Good"},
			"south":{"uv":[7,12,8,16],"texture":"#block","cullface":"Know2Good"},
			"west":{"uv":[7,12,8,16],"texture":"#block","cullface":"Know2Good"},
			"east":{"uv":[7,12,8,16],"texture":"#block","cullface":"Know2Good"}
		}
	},
	{
		"type":"cube", //Wheat top north (texture lr4)
		"from": [1.75,3,10.25],
		"to": [2.75,9,11.25],
		"rotation": {"origin": [ 8, 1, 8 ], "axis": "y", "angle": 0 },
		"faces": {
			"down":{"uv":[7,11,8,12],"texture":"#block","cullface":"Know2Good"},
			"up":{"uv":[7,6,8,7],"texture":"#block","cullface":"Know2Good"},
			"north":{"uv":[7,6,8,12],"texture":"#block","cullface":"Know2Good"},
			"south":{"uv":[7,6,8,12],"texture":"#block","cullface":"Know2Good"},
			"west":{"uv":[7,6,8,12],"texture":"#block","cullface":"Know2Good"},
			"east":{"uv":[7,6,8,12],"texture":"#block","cullface":"Know2Good"}
		}
	},
	{
		"type":"cube", //Wheat top north (texture lr4)
		"from": [0.75,7,11.25],
		"to": [1.75,10,12.25],
		"rotation": {"origin": [ 8, 1, 8 ], "axis": "y", "angle": 0 },
		"faces": {
			"down":{"uv":[6,7,7,8],"texture":"#block","cullface":"Know2Good"},
			"up":{"uv":[6,5,7,6],"texture":"#block","cullface":"Know2Good"},
			"north":{"uv":[6,5,7,8],"texture":"#block","cullface":"Know2Good"},
			"south":{"uv":[6,5,7,8],"texture":"#block","cullface":"Know2Good"},
			"west":{"uv":[6,5,7,8],"texture":"#block","cullface":"Know2Good"},
			"east":{"uv":[6,5,7,8],"texture":"#block","cullface":"Know2Good"}
		}
	},
	{
		"type":"cube", //Wheat top north (texture lr4)
		"from": [2.75,5,9.25],
		"to": [3.75,6.002,10.25],
		"rotation": {"origin": [ 8, 1, 8 ], "axis": "y", "angle": 0 },
		"faces": {
			"down":{"uv":[8,9,9,10],"texture":"#block","cullface":"Know2Good"},
			"up":{"uv":[8,9,9,10],"texture":"#block","cullface":"Know2Good"},
			"north":{"uv":[8,9,9,10],"texture":"#block","cullface":"Know2Good"},
			"south":{"uv":[8,9,9,10],"texture":"#block","cullface":"Know2Good"},
			"west":{"uv":[8,9,9,10],"texture":"#block","cullface":"Know2Good"},
			"east":{"uv":[8,9,9,10],"texture":"#block","cullface":"Know2Good"}
		}
	},
	{
		"type":"cube", //Wheat stem north (texture lr2)
		"from": [8,-1,11],
		"to": [9,1,12],
		"rotation": {"origin": [ 8, 1, 8 ], "axis": "y", "angle": 0 },
		"faces": {
			"down":{"uv":[2,15,3,16],"texture":"#block","cullface":"Know2Good"},
			"up":{"uv":[2,14,3,15],"texture":"#block","cullface":"Know2Good"},
			"north":{"uv":[2,14,3,16],"texture":"#block","cullface":"Know2Good"},
			"south":{"uv":[2,14,3,16],"texture":"#block","cullface":"Know2Good"},
			"west":{"uv":[2,14,3,16],"texture":"#block","cullface":"Know2Good"},
			"east":{"uv":[2,14,3,16],"texture":"#block","cullface":"Know2Good"}
		}
	},
	{
		"type":"cube", //Wheat top north (texture lr2)
		"from": [7.75,1,11.25],
		"to": [8.75,6,12.25],
		"rotation": {"origin": [ 8, 1, 8 ], "axis": "y", "angle": 0 },
		"faces": {
			"down":{"uv":[2,13,3,14],"texture":"#block","cullface":"Know2Good"},
			"up":{"uv":[2,9,3,10],"texture":"#block","cullface":"Know2Good"},
			"north":{"uv":[2,9,3,14],"texture":"#block","cullface":"Know2Good"},
			"south":{"uv":[2,9,3,14],"texture":"#block","cullface":"Know2Good"},
			"west":{"uv":[2,9,3,14],"texture":"#block","cullface":"Know2Good"},
			"east":{"uv":[2,9,3,14],"texture":"#block","cullface":"Know2Good"}
		}
	},
	{
		"type":"cube", //Wheat top north (texture lr2)
		"from": [6.75,5,12.25],
		"to": [7.75,7,13.25],
		"rotation": {"origin": [ 8, 1, 8 ], "axis": "y", "angle": 0 },
		"faces": {
			"down":{"uv":[1,9,2,10],"texture":"#block","cullface":"Know2Good"},
			"up":{"uv":[1,8,2,9],"texture":"#block","cullface":"Know2Good"},
			"north":{"uv":[1,8,2,10],"texture":"#block","cullface":"Know2Good"},
			"south":{"uv":[1,8,2,10],"texture":"#block","cullface":"Know2Good"},
			"west":{"uv":[1,8,2,10],"texture":"#block","cullface":"Know2Good"},
			"east":{"uv":[1,8,2,10],"texture":"#block","cullface":"Know2Good"}
		}
	},
	{
		"type":"cube", //Wheat top north (texture lr2)
		"from": [8.75,3,10.25],
		"to": [9.75,4.002,11.25],
		"rotation": {"origin": [ 8, 1, 8 ], "axis": "y", "angle": 0 },
		"faces": {
			"down":{"uv":[3,11,4,12],"texture":"#block","cullface":"Know2Good"},
			"up":{"uv":[3,11,4,12],"texture":"#block","cullface":"Know2Good"},
			"north":{"uv":[3,11,4,12],"texture":"#block","cullface":"Know2Good"},
			"south":{"uv":[3,11,4,12],"texture":"#block","cullface":"Know2Good"},
			"west":{"uv":[3,11,4,12],"texture":"#block","cullface":"Know2Good"},
			"east":{"uv":[3,11,4,12],"texture":"#block","cullface":"Know2Good"}
		}
	},
	{
		"type":"cube", //Wheat stem north (texture lr1)
		"from": [13,-1,12],
		"to": [14,2,13],
		"rotation": {"origin": [ 8, 1, 8 ], "axis": "y", "angle": 0 },
		"faces": {
			"down":{"uv":[0,15,1,16],"texture":"#block","cullface":"Know2Good"},
			"up":{"uv":[0,13,1,14],"texture":"#block","cullface":"Know2Good"},
			"north":{"uv":[0,13,1,16],"texture":"#block","cullface":"Know2Good"},
			"south":{"uv":[0,13,1,16],"texture":"#block","cullface":"Know2Good"},
			"west":{"uv":[0,13,1,16],"texture":"#block","cullface":"Know2Good"},
			"east":{"uv":[0,13,1,16],"texture":"#block","cullface":"Know2Good"}
		}
	},
	{
		"type":"cube", //Wheat top north (texture lr1)
		"from": [13.75,0,11.25],
		"to": [14.75,1.002,12.25],
		"rotation": {"origin": [ 8, 1, 8 ], "axis": "y", "angle": 0 },
		"faces": {
			"down":{"uv":[1,14,2,15],"texture":"#block","cullface":"Know2Good"},
			"up":{"uv":[1,14,2,15],"texture":"#block","cullface":"Know2Good"},
			"north":{"uv":[1,14,2,15],"texture":"#block","cullface":"Know2Good"},
			"south":{"uv":[1,14,2,15],"texture":"#block","cullface":"Know2Good"},
			"west":{"uv":[1,14,2,15],"texture":"#block","cullface":"Know2Good"},
			"east":{"uv":[1,14,2,15],"texture":"#block","cullface":"Know2Good"}
		}
	},
	{
		"type":"cube", //Wheat stem north (texture lr7)
		"from": [4,-1,13],
		"to": [5,0,14],
		"rotation": {"origin": [ 8, 1, 8 ], "axis": "y", "angle": 0 },
		"faces": {
			"down":{"uv":[13,15,14,16],"texture":"#block","cullface":"Know2Good"},
			"up":{"uv":[13,15,14,16],"texture":"#block","cullface":"Know2Good"},
			"north":{"uv":[13,15,14,16],"texture":"#block","cullface":"Know2Good"},
			"south":{"uv":[13,15,14,16],"texture":"#block","cullface":"Know2Good"},
			"west":{"uv":[13,15,14,16],"texture":"#block","cullface":"Know2Good"},
			"east":{"uv":[13,15,14,16],"texture":"#block","cullface":"Know2Good"}
		}
	},
	{
		"type":"cube", //Wheat top north (texture lr7)
		"from": [3.75,0,13.25],
		"to": [4.75,2,14.25],
		"rotation": {"origin": [ 8, 1, 8 ], "axis": "y", "angle": 0 },
		"faces": {
			"down":{"uv":[14,14,15,15],"texture":"#block","cullface":"Know2Good"},
			"up":{"uv":[13,13,14,14],"texture":"#block","cullface":"Know2Good"},
			"north":{"uv":[13,13,14,15],"texture":"#block","cullface":"Know2Good"},
			"south":{"uv":[13,13,14,15],"texture":"#block","cullface":"Know2Good"},
			"west":{"uv":[13,13,14,15],"texture":"#block","cullface":"Know2Good"},
			"east":{"uv":[13,13,14,15],"texture":"#block","cullface":"Know2Good"}
		}
	},
	{
		"type":"cube", //Wheat top north (texture lr7)
		"from": [2.75,2,14.25],
		"to": [3.75,3,15.25],
		"rotation": {"origin": [ 8, 1, 8 ], "axis": "y", "angle": 0 },
		"faces": {
			"down":{"uv":[14,12,15,13],"texture":"#block","cullface":"Know2Good"},
			"up":{"uv":[14,12,15,13],"texture":"#block","cullface":"Know2Good"},
			"north":{"uv":[14,12,15,13],"texture":"#block","cullface":"Know2Good"},
			"south":{"uv":[14,12,15,13],"texture":"#block","cullface":"Know2Good"},
			"west":{"uv":[14,12,15,13],"texture":"#block","cullface":"Know2Good"},
			"east":{"uv":[14,12,15,13],"texture":"#block","cullface":"Know2Good"}
		}
	},
	{
		"type":"cube", //Wheat stem north (texture lr3)
		"from": [10,-1,14],
		"to": [11,1,15],
		"rotation": {"origin": [ 8, 1, 8 ], "axis": "y", "angle": 0 },
		"faces": {
			"down":{"uv":[4,15,5,16],"texture":"#block","cullface":"Know2Good"},
			"up":{"uv":[4,14,5,15],"texture":"#block","cullface":"Know2Good"},
			"north":{"uv":[4,14,5,16],"texture":"#block","cullface":"Know2Good"},
			"south":{"uv":[4,14,5,16],"texture":"#block","cullface":"Know2Good"},
			"west":{"uv":[4,14,5,16],"texture":"#block","cullface":"Know2Good"},
			"east":{"uv":[4,14,5,16],"texture":"#block","cullface":"Know2Good"}
		}
	},
	{
		"type":"cube", //Wheat top north (texture lr3)
		"from": [9.75,1,14.25],
		"to": [10.75,4,15.25],
		"rotation": {"origin": [ 8, 1, 8 ], "axis": "y", "angle": 0 },
		"faces": {
			"down":{"uv":[4,13,5,14],"texture":"#block","cullface":"Know2Good"},
			"up":{"uv":[4,11,5,12],"texture":"#block","cullface":"Know2Good"},
			"north":{"uv":[4,11,5,14],"texture":"#block","cullface":"Know2Good"},
			"south":{"uv":[4,11,5,14],"texture":"#block","cullface":"Know2Good"},
			"west":{"uv":[4,11,5,14],"texture":"#block","cullface":"Know2Good"},
			"east":{"uv":[4,11,5,14],"texture":"#block","cullface":"Know2Good"}
		}
	},
	{
		"type":"cube", //Wheat top north (texture lr3)
		"from": [10.75,2,13.25],
		"to": [11.75,3.002,14.25],
		"rotation": {"origin": [ 8, 1, 8 ], "axis": "y", "angle": 0 },
		"faces": {
			"down":{"uv":[5,12,6,13],"texture":"#block","cullface":"Know2Good"},
			"up":{"uv":[5,12,6,13],"texture":"#block","cullface":"Know2Good"},
			"north":{"uv":[5,12,6,13],"texture":"#block","cullface":"Know2Good"},
			"south":{"uv":[5,12,6,13],"texture":"#block","cullface":"Know2Good"},
			"west":{"uv":[5,12,6,13],"texture":"#block","cullface":"Know2Good"},
			"east":{"uv":[5,12,6,13],"texture":"#block","cullface":"Know2Good"}
		}
	}
],
"display": {
	"thirdperson": {
		"rotation": [ 0, 45, 1 ],
		"translation": [ 0, 0.5, 0 ],
		"scale": [ 1.1, 1.1, 1.1 ]
	},
	"firstperson": {
		"rotation": [ 0, 0, 0 ],
		"translation": [ 0, 0, 0 ],
		"scale": [ 1, 1, 1 ]
	},
	"gui": {
		"rotation": [ 0, 0, 0 ],
		"translation": [ 0, 0, 0 ],
		"scale": [ 1, 1, 1 ]
	}
}
}