{
    "parent": "builtin/entity",
    "display": {
        "thirdperson": {
            "rotation": [ 160, 180, -3 ],
            "translation": [ 0, 3.70, -0.2 ],
            "scale": [ 1.15, 1.15, 1.15 ]
        },
        "firstperson": {
            "rotation": [ 0, 310, 0 ],
            "scale": [ 1.15, 1.15, 1.15 ]
        },
        "gui": {
            "rotation": [ 0, -65, 0 ],
            "translation": [ 0, -3, 0 ],
            "scale": [ 0.85, 0.85, 0.85 ]
        },
        "head": {
            "translation": [ 0, 8, 3.5 ],
            "scale": [ 1.5, 1.5, 1.5 ]
        }
    }
}
