{
"__comment":"Made by Know2Good, part of the 'Default 3D™' resource pack || Official download page: http://www.planetminecraft.com/texture_pack/default-3d-2985741/ || © Know2Good. All rights reserved. ",
"textures": {
	"block": 	"items/bow_standby",
	"particle":	"items/bow_standby"
},
"elements":[
	{
		"type":"cube", //Bottom end thin
		"from": [2,0,7.5],
		"to": [3,1,8.5],
		"rotation": {"origin": [ 8, 1, 8 ], "axis": "y", "angle": 0 },
		"faces": {
			"down":{"uv":	[2.01,15.01,2.99,15.99],"texture":"#block","cullface":"Know2Good"},
			"up":{"uv":		[2.01,15.01,2.99,15.99],"texture":"#block","cullface":"Know2Good"},
			"north":{"uv":	[2.01,15.01,2.99,15.99],"texture":"#block","cullface":"Know2Good"},
			"south":{"uv":	[2.01,15.01,2.99,15.99],"texture":"#block","cullface":"Know2Good"},
			"west":{"uv":	[2.01,15.01,2.99,15.99],"texture":"#block","cullface":"Know2Good"},
			"east":{"uv":	[2.01,15.01,2.99,15.99],"texture":"#block","cullface":"Know2Good"}
		}
	},
	{
		"type":"cube", //Bottom bottom end fat
		"from": [2,1,7],
		"to": [3,5,9],
		"rotation": {"origin": [ 8, 1, 8 ], "axis": "y", "angle": 0 },
		"faces": {
			"down":{"uv":	[2.01,14.01,2.99,14.99],"texture":"#block","cullface":"Know2Good"},
			"up":{"uv":		[2.01,11.01,2.99,11.99],"texture":"#block","cullface":"Know2Good"},
			"north":{"uv":	[2.01,11.01,2.99,14.99],"texture":"#block","cullface":"Know2Good"},
			"south":{"uv":	[2.01,11.01,2.99,14.99],"texture":"#block","cullface":"Know2Good"},
			"west":{"uv":	[2.01,11.01,2.99,14.99],"texture":"#block","cullface":"Know2Good"},
			"east":{"uv":	[2.01,11.01,2.99,14.99],"texture":"#block","cullface":"Know2Good"}
		}
	},
	{
		"type":"cube", //Bottom bottom end thin front
		"from": [1,1,7.5],
		"to": [2,5,8.5],
		"rotation": {"origin": [ 8, 1, 8 ], "axis": "y", "angle": 0 },
		"faces": {
			"down":{"uv":	[1.01,14.01,1.99,14.99],"texture":"#block","cullface":"Know2Good"},
			"up":{"uv":		[1.01,11.01,1.99,11.99],"texture":"#block","cullface":"Know2Good"},
			"north":{"uv":	[1.01,11.01,1.99,14.99],"texture":"#block","cullface":"Know2Good"},
			"south":{"uv":	[1.01,11.01,1.99,14.99],"texture":"#block","cullface":"Know2Good"},
			"west":{"uv":	[1.01,11.01,1.99,14.99],"texture":"#block","cullface":"Know2Good"},
			"east":{"uv":	[1.01,11.01,1.99,14.99],"texture":"#block","cullface":"Know2Good"}
		}
	},
	{
		"type":"cube", //Bottom bottom end thin back
		"from": [3,1,7.5],
		"to": [4,5,8.5],
		"rotation": {"origin": [ 8, 1, 8 ], "axis": "y", "angle": 0 },
		"faces": {
			"down":{"uv":	[3.01,14.01,3.99,14.99],"texture":"#block","cullface":"Know2Good"},
			"up":{"uv":		[3.01,11.01,3.99,11.99],"texture":"#block","cullface":"Know2Good"},
			"north":{"uv":	[3.01,11.01,3.99,14.99],"texture":"#block","cullface":"Know2Good"},
			"south":{"uv":	[3.01,11.01,3.99,14.99],"texture":"#block","cullface":"Know2Good"},
			"west":{"uv":	[3.01,11.01,3.99,14.99],"texture":"#block","cullface":"Know2Good"},
			"east":{"uv":	[3.01,11.01,3.99,14.99],"texture":"#block","cullface":"Know2Good"}
		}
	},
	{
		"type":"cube", //Bottom middle fat
		"from": [3,5,7],
		"to": [4,8,9],
		"rotation": {"origin": [ 8, 1, 8 ], "axis": "y", "angle": 0 },
		"faces": {
			"down":{"uv":	[3.01,10.01,3.99,10.99],"texture":"#block","cullface":"Know2Good"},
			"up":{"uv":		[3.01,8.01,3.99,8.99],"texture":"#block","cullface":"Know2Good"},
			"north":{"uv":	[3.01,8.01,3.99,10.99],"texture":"#block","cullface":"Know2Good"},
			"south":{"uv":	[3.01,8.01,3.99,10.99],"texture":"#block","cullface":"Know2Good"},
			"west":{"uv":	[3.01,8.01,3.99,10.99],"texture":"#block","cullface":"Know2Good"},
			"east":{"uv":	[3.01,8.01,3.99,10.99],"texture":"#block","cullface":"Know2Good"}
		}
	},
	{
		"type":"cube", //Bottom middle thin front
		"from": [2,5,7.5],
		"to": [3,8,8.5],
		"rotation": {"origin": [ 8, 1, 8 ], "axis": "y", "angle": 0 },
		"faces": {
			"down":{"uv":	[2.01,10.01,2.99,10.99],"texture":"#block","cullface":"Know2Good"},
			"up":{"uv":		[2.01,8.01,2.99,8.99],"texture":"#block","cullface":"Know2Good"},
			"north":{"uv":	[2.01,8.01,2.99,10.99],"texture":"#block","cullface":"Know2Good"},
			"south":{"uv":	[2.01,8.01,2.99,10.99],"texture":"#block","cullface":"Know2Good"},
			"west":{"uv":	[2.01,8.01,2.99,10.99],"texture":"#block","cullface":"Know2Good"},
			"east":{"uv":	[2.01,8.01,2.99,10.99],"texture":"#block","cullface":"Know2Good"}
		}
	},
	{
		"type":"cube", //Bottom middle thin back
		"from": [4,5,7.5],
		"to": [5,9,8.5],
		"rotation": {"origin": [ 8, 1, 8 ], "axis": "y", "angle": 0 },
		"faces": {
			"down":{"uv":	[4.01,10.01,4.99,10.99],"texture":"#block","cullface":"Know2Good"},
			"up":{"uv":		[4.01,7.01,4.99,7.99],"texture":"#block","cullface":"Know2Good"},
			"north":{"uv":	[4.01,7.01,4.99,10.99],"texture":"#block","cullface":"Know2Good"},
			"south":{"uv":	[4.01,7.01,4.99,10.99],"texture":"#block","cullface":"Know2Good"},
			"west":{"uv":	[4.01,7.01,4.99,10.99],"texture":"#block","cullface":"Know2Good"},
			"east":{"uv":	[4.01,7.01,4.99,10.99],"texture":"#block","cullface":"Know2Good"}
		}
	},
	{
		"type":"cube", //Bottom top end thin front
		"from": [3,8,7.5],
		"to": [4,10,8.5],
		"rotation": {"origin": [ 8, 1, 8 ], "axis": "y", "angle": 0 },
		"faces": {
			"down":{"uv":	[3.01,7.01,3.99,7.99],"texture":"#block","cullface":"Know2Good"},
			"up":{"uv":		[3.01,6.01,3.99,6.99],"texture":"#block","cullface":"Know2Good"},
			"north":{"uv":	[3.01,6.01,3.99,7.99],"texture":"#block","cullface":"Know2Good"},
			"south":{"uv":	[3.01,6.01,3.99,7.99],"texture":"#block","cullface":"Know2Good"},
			"west":{"uv":	[3.01,6.01,3.99,7.99],"texture":"#block","cullface":"Know2Good"},
			"east":{"uv":	[3.01,6.01,3.99,7.99],"texture":"#block","cullface":"Know2Good"}
		}
	},
	{
		"type":"cube", //Bottom top top end thin front
		"from": [4,10,7.5],
		"to": [5,11,8.5],
		"rotation": {"origin": [ 8, 1, 8 ], "axis": "y", "angle": 0 },
		"faces": {
			"down":{"uv":	[4.01,5.01,4.99,5.99],"texture":"#block","cullface":"Know2Good"},
			"up":{"uv":		[4.01,5.01,4.99,5.99],"texture":"#block","cullface":"Know2Good"},
			"north":{"uv":	[4.01,5.01,4.99,5.99],"texture":"#block","cullface":"Know2Good"},
			"south":{"uv":	[4.01,5.01,4.99,5.99],"texture":"#block","cullface":"Know2Good"},
			"west":{"uv":	[4.01,5.01,4.99,5.99],"texture":"#block","cullface":"Know2Good"},
			"east":{"uv":	[4.01,5.01,4.99,5.99],"texture":"#block","cullface":"Know2Good"}
		}
	},
	{
		"type":"cube", //Bottom handle center
		"from": [5,9,7.5],
		"to": [6,10,8.5],
		"rotation": {"origin": [ 8, 1, 8 ], "axis": "y", "angle": 0 },
		"faces": {
			"down":{"uv":	[5.01,6.01,5.99,6.99],"texture":"#block","cullface":"Know2Good"},
			"up":{"uv":		[5.01,6.01,5.99,6.99],"texture":"#block","cullface":"Know2Good"},
			"north":{"uv":	[5.01,6.01,5.99,6.99],"texture":"#block","cullface":"Know2Good"},
			"south":{"uv":	[5.01,6.01,5.99,6.99],"texture":"#block","cullface":"Know2Good"},
			"west":{"uv":	[5.01,6.01,5.99,6.99],"texture":"#block","cullface":"Know2Good"},
			"east":{"uv":	[5.01,6.01,5.99,6.99],"texture":"#block","cullface":"Know2Good"}
		}
	},
	{
		"type":"cube", //Bottom handle bottom
		"from": [5,8,7],
		"to": [6,9,9],
		"rotation": {"origin": [ 8, 1, 8 ], "axis": "y", "angle": 0 },
		"faces": {
			"down":{"uv":	[5.01,7.01,5.99,7.99],"texture":"#block","cullface":"Know2Good"},
			"up":{"uv":		[5.01,7.01,5.99,7.99],"texture":"#block","cullface":"Know2Good"},
			"north":{"uv":	[5.01,7.01,5.99,7.99],"texture":"#block","cullface":"Know2Good"},
			"south":{"uv":	[5.01,7.01,5.99,7.99],"texture":"#block","cullface":"Know2Good"},
			"west":{"uv":	[5.01,7.01,5.99,7.99],"texture":"#block","cullface":"Know2Good"},
			"east":{"uv":	[5.01,7.01,5.99,7.99],"texture":"#block","cullface":"Know2Good"}
		}
	},
	{
		"type":"cube", //Bottom handle front
		"from": [4,9,7],
		"to": [5,10,9],
		"rotation": {"origin": [ 8, 1, 8 ], "axis": "y", "angle": 0 },
		"faces": {
			"down":{"uv":	[4.01,6.01,4.99,6.99],"texture":"#block","cullface":"Know2Good"},
			"up":{"uv":		[4.01,6.01,4.99,6.99],"texture":"#block","cullface":"Know2Good"},
			"north":{"uv":	[4.01,6.01,4.99,6.99],"texture":"#block","cullface":"Know2Good"},
			"south":{"uv":	[4.01,6.01,4.99,6.99],"texture":"#block","cullface":"Know2Good"},
			"west":{"uv":	[4.01,6.01,4.99,6.99],"texture":"#block","cullface":"Know2Good"},
			"east":{"uv":	[4.01,6.01,4.99,6.99],"texture":"#block","cullface":"Know2Good"}
		}
	},
	{
		"type":"cube", //Bottom handle middle front
		"from": [5,10,7],
		"to": [6,11,9],
		"rotation": {"origin": [ 8, 1, 8 ], "axis": "y", "angle": 0 },
		"faces": {
			"down":{"uv":	[5.01,5.01,5.99,5.99],"texture":"#block","cullface":"Know2Good"},
			"up":{"uv":		[5.01,5.01,5.99,5.99],"texture":"#block","cullface":"Know2Good"},
			"north":{"uv":	[5.01,5.01,5.99,5.99],"texture":"#block","cullface":"Know2Good"},
			"south":{"uv":	[5.01,5.01,5.99,5.99],"texture":"#block","cullface":"Know2Good"},
			"west":{"uv":	[5.01,5.01,5.99,5.99],"texture":"#block","cullface":"Know2Good"},
			"east":{"uv":	[5.01,5.01,5.99,5.99],"texture":"#block","cullface":"Know2Good"}
		}
	},
	{
		"type":"cube", //Bottom handle middle back
		"from": [6,9,7],
		"to": [7,10,9],
		"rotation": {"origin": [ 8, 1, 8 ], "axis": "y", "angle": 0 },
		"faces": {
			"down":{"uv":	[6.01,6.01,6.99,6.99],"texture":"#block","cullface":"Know2Good"},
			"up":{"uv":		[6.01,6.01,6.99,6.99],"texture":"#block","cullface":"Know2Good"},
			"north":{"uv":	[6.01,6.01,6.99,6.99],"texture":"#block","cullface":"Know2Good"},
			"south":{"uv":	[6.01,6.01,6.99,6.99],"texture":"#block","cullface":"Know2Good"},
			"west":{"uv":	[6.01,6.01,6.99,6.99],"texture":"#block","cullface":"Know2Good"},
			"east":{"uv":	[6.01,6.01,6.99,6.99],"texture":"#block","cullface":"Know2Good"}
		}
	},
	{
		"type":"cube", //Top handle center
		"from": [6,10,7.5],
		"to": [7,11,8.5],
		"rotation": {"origin": [ 8, 1, 8 ], "axis": "y", "angle": 0 },
		"faces": {
			"down":{"uv":	[6.01,5.01,6.99,5.99],"texture":"#block","cullface":"Know2Good"},
			"up":{"uv":		[6.01,5.01,6.99,5.99],"texture":"#block","cullface":"Know2Good"},
			"north":{"uv":	[6.01,5.01,6.99,5.99],"texture":"#block","cullface":"Know2Good"},
			"south":{"uv":	[6.01,5.01,6.99,5.99],"texture":"#block","cullface":"Know2Good"},
			"west":{"uv":	[6.01,5.01,6.99,5.99],"texture":"#block","cullface":"Know2Good"},
			"east":{"uv":	[6.01,5.01,6.99,5.99],"texture":"#block","cullface":"Know2Good"}
		}
	},
	{
		"type":"cube", //Top handle top
		"from": [6,11,7],
		"to": [7,12,9],
		"rotation": {"origin": [ 8, 1, 8 ], "axis": "y", "angle": 0 },
		"faces": {
			"down":{"uv":	[6.01,4.01,6.99,4.99],"texture":"#block","cullface":"Know2Good"},
			"up":{"uv":		[6.01,4.01,6.99,4.99],"texture":"#block","cullface":"Know2Good"},
			"north":{"uv":	[6.01,4.01,6.99,4.99],"texture":"#block","cullface":"Know2Good"},
			"south":{"uv":	[6.01,4.01,6.99,4.99],"texture":"#block","cullface":"Know2Good"},
			"west":{"uv":	[6.01,4.01,6.99,4.99],"texture":"#block","cullface":"Know2Good"},
			"east":{"uv":	[6.01,4.01,6.99,4.99],"texture":"#block","cullface":"Know2Good"}
		}
	},
	{
		"type":"cube", //Top handle back
		"from": [7,10,7],
		"to": [8,11,9],
		"rotation": {"origin": [ 8, 1, 8 ], "axis": "y", "angle": 0 },
		"faces": {
			"down":{"uv":	[7.01,5.01,7.99,5.99],"texture":"#block","cullface":"Know2Good"},
			"up":{"uv":		[7.01,5.01,7.99,5.99],"texture":"#block","cullface":"Know2Good"},
			"north":{"uv":	[7.01,5.01,7.99,5.99],"texture":"#block","cullface":"Know2Good"},
			"south":{"uv":	[7.01,5.01,7.99,5.99],"texture":"#block","cullface":"Know2Good"},
			"west":{"uv":	[7.01,5.01,7.99,5.99],"texture":"#block","cullface":"Know2Good"},
			"east":{"uv":	[7.01,5.01,7.99,5.99],"texture":"#block","cullface":"Know2Good"}
		}
	},
	{
		"type":"cube", //Top front front end thin top
		"from": [5,11,7.5],
		"to": [6,12,8.5],
		"rotation": {"origin": [ 8, 1, 8 ], "axis": "y", "angle": 0 },
		"faces": {
			"down":{"uv":	[5.01,4.01,5.99,4.99],"texture":"#block","cullface":"Know2Good"},
			"up":{"uv":		[5.01,4.01,5.99,4.99],"texture":"#block","cullface":"Know2Good"},
			"north":{"uv":	[5.01,4.01,5.99,4.99],"texture":"#block","cullface":"Know2Good"},
			"south":{"uv":	[5.01,4.01,5.99,4.99],"texture":"#block","cullface":"Know2Good"},
			"west":{"uv":	[5.01,4.01,5.99,4.99],"texture":"#block","cullface":"Know2Good"},
			"east":{"uv":	[5.01,4.01,5.99,4.99],"texture":"#block","cullface":"Know2Good"}
		}
	},
	{
		"type":"cube", //Top front end thin top
		"from": [6,12,7.5],
		"to": [8,13,8.5],
		"rotation": {"origin": [ 8, 1, 8 ], "axis": "y", "angle": 0 },
		"faces": {
			"down":{"uv":	[6.01,3.01,7.99,3.99],"texture":"#block","cullface":"Know2Good"},
			"up":{"uv":		[6.01,3.01,7.99,3.99],"texture":"#block","cullface":"Know2Good"},
			"north":{"uv":	[6.01,3.01,7.99,3.99],"texture":"#block","cullface":"Know2Good","rotation":180},
			"south":{"uv":	[6.01,3.01,7.99,3.99],"texture":"#block","cullface":"Know2Good"},
			"west":{"uv":	[7.01,3.01,7.99,3.99],"texture":"#block","cullface":"Know2Good"},
			"east":{"uv":	[6.01,3.01,6.99,3.99],"texture":"#block","cullface":"Know2Good"}
		}
	},
	{
		"type":"cube", //Top middle fat
		"from": [8,12,7],
		"to": [11,13,9],
		"rotation": {"origin": [ 8, 1, 8 ], "axis": "y", "angle": 0 },
		"faces": {
			"down":{"uv":	[8.01,3.01,10.99,3.99],"texture":"#block","cullface":"Know2Good"},
			"up":{"uv":		[8.01,3.01,10.99,3.99],"texture":"#block","cullface":"Know2Good"},
			"north":{"uv":	[8.01,3.01,10.99,3.99],"texture":"#block","cullface":"Know2Good","rotation":180},
			"south":{"uv":	[8.01,3.01,10.99,3.99],"texture":"#block","cullface":"Know2Good"},
			"west":{"uv":	[10.01,3.01,10.99,3.99],"texture":"#block","cullface":"Know2Good"},
			"east":{"uv":	[8.01,3.01,8.99,3.99],"texture":"#block","cullface":"Know2Good"}
		}
	},
	{
		"type":"cube", //Top middle thin top
		"from": [8,13,7.5],
		"to": [11,14,8.5],
		"rotation": {"origin": [ 8, 1, 8 ], "axis": "y", "angle": 0 },
		"faces": {
			"down":{"uv":	[8.01,2.01,10.99,2.99],"texture":"#block","cullface":"Know2Good"},
			"up":{"uv":		[8.01,2.01,10.99,2.99],"texture":"#block","cullface":"Know2Good"},
			"north":{"uv":	[8.01,2.01,10.99,2.99],"texture":"#block","cullface":"Know2Good","rotation":180},
			"south":{"uv":	[8.01,2.01,10.99,2.99],"texture":"#block","cullface":"Know2Good"},
			"west":{"uv":	[10.01,2.01,10.99,2.99],"texture":"#block","cullface":"Know2Good"},
			"east":{"uv":	[8.01,2.01,8.99,2.99],"texture":"#block","cullface":"Know2Good"}
		}
	},
	{
		"type":"cube", //Top middle thin bottom
		"from": [7,11,7.5],
		"to": [11,12,8.5],
		"rotation": {"origin": [ 8, 1, 8 ], "axis": "y", "angle": 0 },
		"faces": {
			"down":{"uv":	[7.01,4.01,10.99,4.99],"texture":"#block","cullface":"Know2Good"},
			"up":{"uv":		[7.01,4.01,10.99,4.99],"texture":"#block","cullface":"Know2Good"},
			"north":{"uv":	[7.01,4.01,10.99,4.99],"texture":"#block","cullface":"Know2Good","rotation":180},
			"south":{"uv":	[7.01,4.01,10.99,4.99],"texture":"#block","cullface":"Know2Good"},
			"west":{"uv":	[7.01,4.01,7.99,4.99],"texture":"#block","cullface":"Know2Good"},
			"east":{"uv":	[10.01,4.01,10.99,4.99],"texture":"#block","cullface":"Know2Good"}
		}
	},
	{
		"type":"cube", //Top end fat
		"from": [11,13,7],
		"to": [15,14,9],
		"rotation": {"origin": [ 8, 1, 8 ], "axis": "y", "angle": 0 },
		"faces": {
			"down":{"uv":	[11.01,2.01,14.99,2.99],"texture":"#block","cullface":"Know2Good"},
			"up":{"uv":		[11.01,2.01,14.99,2.99],"texture":"#block","cullface":"Know2Good"},
			"north":{"uv":	[11.01,2.01,14.99,2.99],"texture":"#block","cullface":"Know2Good","rotation":180},
			"south":{"uv":	[11.01,2.01,14.99,2.99],"texture":"#block","cullface":"Know2Good"},
			"west":{"uv":	[14.01,2.01,14.99,2.99],"texture":"#block","cullface":"Know2Good"},
			"east":{"uv":	[11.01,2.01,11.99,2.99],"texture":"#block","cullface":"Know2Good"}
		}
	},
	{
		"type":"cube", //Top end thin top
		"from": [11,14,7.5],
		"to": [15,15,8.5],
		"rotation": {"origin": [ 8, 1, 8 ], "axis": "y", "angle": 0 },
		"faces": {
			"down":{"uv":	[11.01,1.01,14.99,1.99],"texture":"#block","cullface":"Know2Good"},
			"up":{"uv":		[11.01,1.01,14.99,1.99],"texture":"#block","cullface":"Know2Good"},
			"north":{"uv":	[11.01,1.01,14.99,1.99],"texture":"#block","cullface":"Know2Good","rotation":180},
			"south":{"uv":	[11.01,1.01,14.99,1.99],"texture":"#block","cullface":"Know2Good"},
			"west":{"uv":	[14.01,1.01,14.99,1.99],"texture":"#block","cullface":"Know2Good"},
			"east":{"uv":	[11.01,1.01,11.99,1.99],"texture":"#block","cullface":"Know2Good"}
		}
	},
	{
		"type":"cube", //Top end thin bottom
		"from": [11,12,7.5],
		"to": [15,13,8.5],
		"rotation": {"origin": [ 8, 1, 8 ], "axis": "y", "angle": 0 },
		"faces": {
			"down":{"uv":	[11.01,3.01,14.99,3.99],"texture":"#block","cullface":"Know2Good"},
			"up":{"uv":		[11.01,3.01,14.99,3.99],"texture":"#block","cullface":"Know2Good"},
			"north":{"uv":	[11.01,3.01,14.99,3.99],"texture":"#block","cullface":"Know2Good","rotation":180},
			"south":{"uv":	[11.01,3.01,14.99,3.99],"texture":"#block","cullface":"Know2Good"},
			"west":{"uv":	[14.01,3.01,14.99,3.99],"texture":"#block","cullface":"Know2Good"},
			"east":{"uv":	[11.01,3.01,11.99,3.99],"texture":"#block","cullface":"Know2Good"}
		}
	},
	{
		"type":"cube", //Top end thin end
		"from": [15,13,7.5],
		"to": [16,14,8.5],
		"rotation": {"origin": [ 8, 1, 8 ], "axis": "y", "angle": 0 },
		"faces": {
			"down":{"uv":	[15.01,2.01,15.99,2.99],"texture":"#block","cullface":"Know2Good"},
			"up":{"uv":		[15.01,2.01,15.99,2.99],"texture":"#block","cullface":"Know2Good"},
			"north":{"uv":	[15.01,2.01,15.99,2.99],"texture":"#block","cullface":"Know2Good"},
			"south":{"uv":	[15.01,2.01,15.99,2.99],"texture":"#block","cullface":"Know2Good"},
			"west":{"uv":	[15.01,2.01,15.99,2.99],"texture":"#block","cullface":"Know2Good"},
			"east":{"uv":	[15.01,2.01,15.99,2.99],"texture":"#block","cullface":"Know2Good"}
		}
	},
	{
		"type":"cube", //String top to bottom
		"from": [13,11,7.75],
		"to": [14,12,8.25],
		"rotation": {"origin": [ 8, 1, 8 ], "axis": "y", "angle": 0 },
		"faces": {
			"down":{"uv":	[13.01,4.01,13.99,4.99],"texture":"#block","cullface":"Know2Good"},
			"up":{"uv":		[13.01,4.01,13.99,4.99],"texture":"#block","cullface":"Know2Good"},
			"north":{"uv":	[13.01,4.01,13.99,4.99],"texture":"#block","cullface":"Know2Good"},
			"south":{"uv":	[13.01,4.01,13.99,4.99],"texture":"#block","cullface":"Know2Good"},
			"west":{"uv":	[13.01,4.01,13.99,4.99],"texture":"#block","cullface":"Know2Good"},
			"east":{"uv":	[13.01,4.01,13.99,4.99],"texture":"#block","cullface":"Know2Good"}
		}
	},
	{
		"type":"cube", //String top to bottom
		"from": [12,10,7.75],
		"to": [13,11,8.25],
		"rotation": {"origin": [ 8, 1, 8 ], "axis": "y", "angle": 0 },
		"faces": {
			"down":{"uv":	[12.01,5.01,12.99,5.99],"texture":"#block","cullface":"Know2Good"},
			"up":{"uv":		[12.01,5.01,12.99,5.99],"texture":"#block","cullface":"Know2Good"},
			"north":{"uv":	[12.01,5.01,12.99,5.99],"texture":"#block","cullface":"Know2Good"},
			"south":{"uv":	[12.01,5.01,12.99,5.99],"texture":"#block","cullface":"Know2Good"},
			"west":{"uv":	[12.01,5.01,12.99,5.99],"texture":"#block","cullface":"Know2Good"},
			"east":{"uv":	[12.01,5.01,12.99,5.99],"texture":"#block","cullface":"Know2Good"}
		}
	},
	{
		"type":"cube", //String top to bottom
		"from": [11,9,7.75],
		"to": [12,10,8.25],
		"rotation": {"origin": [ 8, 1, 8 ], "axis": "y", "angle": 0 },
		"faces": {
			"down":{"uv":	[11.01,6.01,11.99,6.99],"texture":"#block","cullface":"Know2Good"},
			"up":{"uv":		[11.01,6.01,11.99,6.99],"texture":"#block","cullface":"Know2Good"},
			"north":{"uv":	[11.01,6.01,11.99,6.99],"texture":"#block","cullface":"Know2Good"},
			"south":{"uv":	[11.01,6.01,11.99,6.99],"texture":"#block","cullface":"Know2Good"},
			"west":{"uv":	[11.01,6.01,11.99,6.99],"texture":"#block","cullface":"Know2Good"},
			"east":{"uv":	[11.01,6.01,11.99,6.99],"texture":"#block","cullface":"Know2Good"}
		}
	},
	{
		"type":"cube", //String top to bottom
		"from": [10,8,7.75],
		"to": [11,9,8.25],
		"rotation": {"origin": [ 8, 1, 8 ], "axis": "y", "angle": 0 },
		"faces": {
			"down":{"uv":	[10.01,7.01,10.99,7.99],"texture":"#block","cullface":"Know2Good"},
			"up":{"uv":		[10.01,7.01,10.99,7.99],"texture":"#block","cullface":"Know2Good"},
			"north":{"uv":	[10.01,7.01,10.99,7.99],"texture":"#block","cullface":"Know2Good"},
			"south":{"uv":	[10.01,7.01,10.99,7.99],"texture":"#block","cullface":"Know2Good"},
			"west":{"uv":	[10.01,7.01,10.99,7.99],"texture":"#block","cullface":"Know2Good"},
			"east":{"uv":	[10.01,7.01,10.99,7.99],"texture":"#block","cullface":"Know2Good"}
		}
	},
	{
		"type":"cube", //String top to bottom
		"from": [9,7,7.75],
		"to": [10,8,8.25],
		"rotation": {"origin": [ 8, 1, 8 ], "axis": "y", "angle": 0 },
		"faces": {
			"down":{"uv":	[9.01,8.01,9.99,8.99],"texture":"#block","cullface":"Know2Good"},
			"up":{"uv":		[9.01,8.01,9.99,8.99],"texture":"#block","cullface":"Know2Good"},
			"north":{"uv":	[9.01,8.01,9.99,8.99],"texture":"#block","cullface":"Know2Good"},
			"south":{"uv":	[9.01,8.01,9.99,8.99],"texture":"#block","cullface":"Know2Good"},
			"west":{"uv":	[9.01,8.01,9.99,8.99],"texture":"#block","cullface":"Know2Good"},
			"east":{"uv":	[9.01,8.01,9.99,8.99],"texture":"#block","cullface":"Know2Good"}
		}
	},
	{
		"type":"cube", //String top to bottom
		"from": [8,6,7.75],
		"to": [9,7,8.25],
		"rotation": {"origin": [ 8, 1, 8 ], "axis": "y", "angle": 0 },
		"faces": {
			"down":{"uv":	[8.01,9.01,8.99,9.99],"texture":"#block","cullface":"Know2Good"},
			"up":{"uv":		[8.01,9.01,8.99,9.99],"texture":"#block","cullface":"Know2Good"},
			"north":{"uv":	[8.01,9.01,8.99,9.99],"texture":"#block","cullface":"Know2Good"},
			"south":{"uv":	[8.01,9.01,8.99,9.99],"texture":"#block","cullface":"Know2Good"},
			"west":{"uv":	[8.01,9.01,8.99,9.99],"texture":"#block","cullface":"Know2Good"},
			"east":{"uv":	[8.01,9.01,8.99,9.99],"texture":"#block","cullface":"Know2Good"}
		}
	},
	{
		"type":"cube", //String top to bottom
		"from": [7,5,7.75],
		"to": [8,6,8.25],
		"rotation": {"origin": [ 8, 1, 8 ], "axis": "y", "angle": 0 },
		"faces": {
			"down":{"uv":	[7.01,10.01,7.99,10.99],"texture":"#block","cullface":"Know2Good"},
			"up":{"uv":		[7.01,10.01,7.99,10.99],"texture":"#block","cullface":"Know2Good"},
			"north":{"uv":	[7.01,10.01,7.99,10.99],"texture":"#block","cullface":"Know2Good"},
			"south":{"uv":	[7.01,10.01,7.99,10.99],"texture":"#block","cullface":"Know2Good"},
			"west":{"uv":	[7.01,10.01,7.99,10.99],"texture":"#block","cullface":"Know2Good"},
			"east":{"uv":	[7.01,10.01,7.99,10.99],"texture":"#block","cullface":"Know2Good"}
		}
	},
	{
		"type":"cube", //String top to bottom
		"from": [6,4,7.75],
		"to": [7,5,8.25],
		"rotation": {"origin": [ 8, 1, 8 ], "axis": "y", "angle": 0 },
		"faces": {
			"down":{"uv":	[6.01,11.01,6.99,11.99],"texture":"#block","cullface":"Know2Good"},
			"up":{"uv":		[6.01,11.01,6.99,11.99],"texture":"#block","cullface":"Know2Good"},
			"north":{"uv":	[6.01,11.01,6.99,11.99],"texture":"#block","cullface":"Know2Good"},
			"south":{"uv":	[6.01,11.01,6.99,11.99],"texture":"#block","cullface":"Know2Good"},
			"west":{"uv":	[6.01,11.01,6.99,11.99],"texture":"#block","cullface":"Know2Good"},
			"east":{"uv":	[6.01,11.01,6.99,11.99],"texture":"#block","cullface":"Know2Good"}
		}
	},
	{
		"type":"cube", //String top to bottom
		"from": [5,3,7.75],
		"to": [6,4,8.25],
		"rotation": {"origin": [ 8, 1, 8 ], "axis": "y", "angle": 0 },
		"faces": {
			"down":{"uv":	[5.01,12.01,5.99,12.99],"texture":"#block","cullface":"Know2Good"},
			"up":{"uv":		[5.01,12.01,5.99,12.99],"texture":"#block","cullface":"Know2Good"},
			"north":{"uv":	[5.01,12.01,5.99,12.99],"texture":"#block","cullface":"Know2Good"},
			"south":{"uv":	[5.01,12.01,5.99,12.99],"texture":"#block","cullface":"Know2Good"},
			"west":{"uv":	[5.01,12.01,5.99,12.99],"texture":"#block","cullface":"Know2Good"},
			"east":{"uv":	[5.01,12.01,5.99,12.99],"texture":"#block","cullface":"Know2Good"}
		}
	},
	{
		"type":"cube", //String top to bottom
		"from": [4,2,7.75],
		"to": [5,3,8.25],
		"rotation": {"origin": [ 8, 1, 8 ], "axis": "y", "angle": 0 },
		"faces": {
			"down":{"uv":	[4.01,13.01,4.99,13.99],"texture":"#block","cullface":"Know2Good"},
			"up":{"uv":		[4.01,13.01,4.99,13.99],"texture":"#block","cullface":"Know2Good"},
			"north":{"uv":	[4.01,13.01,4.99,13.99],"texture":"#block","cullface":"Know2Good"},
			"south":{"uv":	[4.01,13.01,4.99,13.99],"texture":"#block","cullface":"Know2Good"},
			"west":{"uv":	[4.01,13.01,4.99,13.99],"texture":"#block","cullface":"Know2Good"},
			"east":{"uv":	[4.01,13.01,4.99,13.99],"texture":"#block","cullface":"Know2Good"}
		}
	}
],
"display": {
    "fixed": {
        "rotation": [ -20, 0, 0 ],
        "translation": [ 0, 0, -2 ],
        "scale": [ 2.5, 2.5, 2.5 ]
    },
    "ground": {
        "rotation": [ 0, 0, 0 ],
        "translation": [ 0, 0, 0 ],
        "scale": [ 2, 2, 2 ]
    },
	"thirdperson": {
		"rotation": [ 0, 90, 315 ],
		"translation": [ 0, 0.5, -0.5 ],
		"scale": [ 0.85, 0.85, 0.85 ]
	},
	"firstperson": {
		"rotation": [ 0, -135, 25 ],
		"translation": [ 0, 4, 2 ],
		"scale": [ 1.7, 1.7, 1.7 ]
	},
	"gui": {
		"rotation": [ 0, 0, 0 ],
		"translation": [ -0.5, -0.5, 0 ],
		"scale": [ 1.75, 1.75, 1.75 ]
	}
}
}