{
"__comment":"Made by Know2Good, part of the 'Default 3D™' resource pack || Official download page: http://www.planetminecraft.com/texture_pack/default-3d-2985741/ || © Know2Good. All rights reserved. ",
"textures": {
	"block": 	"items/bow_standby",
	"pulling": 	"items/bow_pulling_2",
	"particle":	"items/bow_pulling_2"
},
"elements":[
	{
		"type":"cube", //Bottom end thin
		"from": [3,0,7.5],
		"to": [4,1,8.5],
		"rotation": {"origin": [ 8, 1, 8 ], "axis": "y", "angle": 0 },
		"faces": {
			"down":{"uv":	[3.01,15.01,3.99,15.99],"texture":"#pulling","cullface":"Know2Good"},
			"up":{"uv":		[3.01,15.01,3.99,15.99],"texture":"#pulling","cullface":"Know2Good"},
			"north":{"uv":	[3.01,15.01,3.99,15.99],"texture":"#pulling","cullface":"Know2Good"},
			"south":{"uv":	[3.01,15.01,3.99,15.99],"texture":"#pulling","cullface":"Know2Good"},
			"west":{"uv":	[3.01,15.01,3.99,15.99],"texture":"#pulling","cullface":"Know2Good"},
			"east":{"uv":	[3.01,15.01,3.99,15.99],"texture":"#pulling","cullface":"Know2Good"}
		}
	},
	{
		"type":"cube", //Bottom middle fat
		"from": [3,1,7],
		"to": [4,8,9],
		"rotation": {"origin": [ 8, 1, 8 ], "axis": "y", "angle": 0 },
		"faces": {
			"down":{"uv":	[3.01,14.01,3.99,14.99],"texture":"#pulling","cullface":"Know2Good"},
			"up":{"uv":		[3.01,8.01,3.99,8.99],"texture":"#pulling","cullface":"Know2Good"},
			"north":{"uv":	[3.01,8.01,3.99,14.99],"texture":"#pulling","cullface":"Know2Good"},
			"south":{"uv":	[3.01,8.01,3.99,14.99],"texture":"#pulling","cullface":"Know2Good"},
			"west":{"uv":	[3.01,8.01,3.99,14.99],"texture":"#pulling","cullface":"Know2Good"},
			"east":{"uv":	[3.01,8.01,3.99,14.99],"texture":"#pulling","cullface":"Know2Good"}
		}
	},
	{
		"type":"cube", //Bottom middle thin front
		"from": [2,1,7.5],
		"to": [3,8,8.5],
		"rotation": {"origin": [ 8, 1, 8 ], "axis": "y", "angle": 0 },
		"faces": {
			"down":{"uv":	[2.01,14.01,2.99,14.99],"texture":"#pulling","cullface":"Know2Good"},
			"up":{"uv":		[2.01,8.01,2.99,8.99],"texture":"#pulling","cullface":"Know2Good"},
			"north":{"uv":	[2.01,8.01,2.99,14.99],"texture":"#pulling","cullface":"Know2Good"},
			"south":{"uv":	[2.01,8.01,2.99,14.99],"texture":"#pulling","cullface":"Know2Good"},
			"west":{"uv":	[2.01,8.01,2.99,14.99],"texture":"#pulling","cullface":"Know2Good"},
			"east":{"uv":	[2.01,8.01,2.99,14.99],"texture":"#pulling","cullface":"Know2Good"}
		}
	},
	{
		"type":"cube", //Bottom middle thin back
		"from": [4,1,7.5],
		"to": [5,9,8.5],
		"rotation": {"origin": [ 8, 1, 8 ], "axis": "y", "angle": 0 },
		"faces": {
			"down":{"uv":	[4.01,14.01,4.99,14.99],"texture":"#pulling","cullface":"Know2Good"},
			"up":{"uv":		[4.01,7.01,4.99,7.99],"texture":"#pulling","cullface":"Know2Good"},
			"north":{"uv":	[4.01,7.01,4.99,14.99],"texture":"#pulling","cullface":"Know2Good"},
			"south":{"uv":	[4.01,7.01,4.99,14.99],"texture":"#pulling","cullface":"Know2Good"},
			"west":{"uv":	[4.01,7.01,4.99,14.99],"texture":"#pulling","cullface":"Know2Good"},
			"east":{"uv":	[4.01,7.01,4.99,14.99],"texture":"#pulling","cullface":"Know2Good"}
		}
	},
	{
		"type":"cube", //Bottom top end thin front
		"from": [3,8,7.5],
		"to": [4,10,8.5],
		"rotation": {"origin": [ 8, 1, 8 ], "axis": "y", "angle": 0 },
		"faces": {
			"down":{"uv":	[3.01,7.01,3.99,7.99],"texture":"#block","cullface":"Know2Good"},
			"up":{"uv":		[3.01,6.01,3.99,6.99],"texture":"#block","cullface":"Know2Good"},
			"north":{"uv":	[3.01,6.01,3.99,7.99],"texture":"#block","cullface":"Know2Good"},
			"south":{"uv":	[3.01,6.01,3.99,7.99],"texture":"#block","cullface":"Know2Good"},
			"west":{"uv":	[3.01,6.01,3.99,7.99],"texture":"#block","cullface":"Know2Good"},
			"east":{"uv":	[3.01,6.01,3.99,7.99],"texture":"#block","cullface":"Know2Good"}
		}
	},
	{
		"type":"cube", //Bottom top top end thin front
		"from": [4,10,7.5],
		"to": [5,11,8.5],
		"rotation": {"origin": [ 8, 1, 8 ], "axis": "y", "angle": 0 },
		"faces": {
			"down":{"uv":	[4.01,5.01,4.99,5.99],"texture":"#block","cullface":"Know2Good"},
			"up":{"uv":		[4.01,5.01,4.99,5.99],"texture":"#block","cullface":"Know2Good"},
			"north":{"uv":	[4.01,5.01,4.99,5.99],"texture":"#block","cullface":"Know2Good"},
			"south":{"uv":	[4.01,5.01,4.99,5.99],"texture":"#block","cullface":"Know2Good"},
			"west":{"uv":	[4.01,5.01,4.99,5.99],"texture":"#block","cullface":"Know2Good"},
			"east":{"uv":	[4.01,5.01,4.99,5.99],"texture":"#block","cullface":"Know2Good"}
		}
	},
	{
		"type":"cube", //Bottom handle center
		"from": [5,9,7.5],
		"to": [6,10,8.5],
		"rotation": {"origin": [ 8, 1, 8 ], "axis": "y", "angle": 0 },
		"faces": {
			"down":{"uv":	[5.01,6.01,5.99,6.99],"texture":"#block","cullface":"Know2Good"},
			"up":{"uv":		[5.01,6.01,5.99,6.99],"texture":"#block","cullface":"Know2Good"},
			"north":{"uv":	[5.01,6.01,5.99,6.99],"texture":"#block","cullface":"Know2Good"},
			"south":{"uv":	[5.01,6.01,5.99,6.99],"texture":"#block","cullface":"Know2Good"},
			"west":{"uv":	[5.01,6.01,5.99,6.99],"texture":"#block","cullface":"Know2Good"},
			"east":{"uv":	[5.01,6.01,5.99,6.99],"texture":"#block","cullface":"Know2Good"}
		}
	},
	{
		"type":"cube", //Bottom handle bottom
		"from": [5,8,7],
		"to": [6,9,9],
		"rotation": {"origin": [ 8, 1, 8 ], "axis": "y", "angle": 0 },
		"faces": {
			"down":{"uv":	[5.01,7.01,5.99,7.99],"texture":"#block","cullface":"Know2Good"},
			"up":{"uv":		[5.01,7.01,5.99,7.99],"texture":"#block","cullface":"Know2Good"},
			"north":{"uv":	[5.01,7.01,5.99,7.99],"texture":"#block","cullface":"Know2Good"},
			"south":{"uv":	[5.01,7.01,5.99,7.99],"texture":"#block","cullface":"Know2Good"},
			"west":{"uv":	[5.01,7.01,5.99,7.99],"texture":"#block","cullface":"Know2Good"},
			"east":{"uv":	[5.01,7.01,5.99,7.99],"texture":"#block","cullface":"Know2Good"}
		}
	},
	{
		"type":"cube", //Bottom handle front
		"from": [4,9,7],
		"to": [5,10,9],
		"rotation": {"origin": [ 8, 1, 8 ], "axis": "y", "angle": 0 },
		"faces": {
			"down":{"uv":	[4.01,6.01,4.99,6.99],"texture":"#block","cullface":"Know2Good"},
			"up":{"uv":		[4.01,6.01,4.99,6.99],"texture":"#block","cullface":"Know2Good"},
			"north":{"uv":	[4.01,6.01,4.99,6.99],"texture":"#block","cullface":"Know2Good"},
			"south":{"uv":	[4.01,6.01,4.99,6.99],"texture":"#block","cullface":"Know2Good"},
			"west":{"uv":	[4.01,6.01,4.99,6.99],"texture":"#block","cullface":"Know2Good"},
			"east":{"uv":	[4.01,6.01,4.99,6.99],"texture":"#block","cullface":"Know2Good"}
		}
	},
	{
		"type":"cube", //Bottom handle middle front
		"from": [5,10,7],
		"to": [6,11,9],
		"rotation": {"origin": [ 8, 1, 8 ], "axis": "y", "angle": 0 },
		"faces": {
			"down":{"uv":	[5.01,5.01,5.99,5.99],"texture":"#block","cullface":"Know2Good"},
			"up":{"uv":		[5.01,5.01,5.99,5.99],"texture":"#block","cullface":"Know2Good"},
			"north":{"uv":	[5.01,5.01,5.99,5.99],"texture":"#block","cullface":"Know2Good"},
			"south":{"uv":	[5.01,5.01,5.99,5.99],"texture":"#block","cullface":"Know2Good"},
			"west":{"uv":	[5.01,5.01,5.99,5.99],"texture":"#block","cullface":"Know2Good"},
			"east":{"uv":	[5.01,5.01,5.99,5.99],"texture":"#block","cullface":"Know2Good"}
		}
	},
	{
		"type":"cube", //Bottom handle middle back
		"from": [6,9,7],
		"to": [7,10,9],
		"rotation": {"origin": [ 8, 1, 8 ], "axis": "y", "angle": 0 },
		"faces": {
			"down":{"uv":	[6.01,6.01,6.99,6.99],"texture":"#block","cullface":"Know2Good"},
			"up":{"uv":		[6.01,6.01,6.99,6.99],"texture":"#block","cullface":"Know2Good"},
			"north":{"uv":	[6.01,6.01,6.99,6.99],"texture":"#block","cullface":"Know2Good"},
			"south":{"uv":	[6.01,6.01,6.99,6.99],"texture":"#block","cullface":"Know2Good"},
			"west":{"uv":	[6.01,6.01,6.99,6.99],"texture":"#block","cullface":"Know2Good"},
			"east":{"uv":	[6.01,6.01,6.99,6.99],"texture":"#block","cullface":"Know2Good"}
		}
	},
	{
		"type":"cube", //Top handle center
		"from": [6,10,7.5],
		"to": [7,11,8.5],
		"rotation": {"origin": [ 8, 1, 8 ], "axis": "y", "angle": 0 },
		"faces": {
			"down":{"uv":	[6.01,5.01,6.99,5.99],"texture":"#block","cullface":"Know2Good"},
			"up":{"uv":		[6.01,5.01,6.99,5.99],"texture":"#block","cullface":"Know2Good"},
			"north":{"uv":	[6.01,5.01,6.99,5.99],"texture":"#block","cullface":"Know2Good"},
			"south":{"uv":	[6.01,5.01,6.99,5.99],"texture":"#block","cullface":"Know2Good"},
			"west":{"uv":	[6.01,5.01,6.99,5.99],"texture":"#block","cullface":"Know2Good"},
			"east":{"uv":	[6.01,5.01,6.99,5.99],"texture":"#block","cullface":"Know2Good"}
		}
	},
	{
		"type":"cube", //Top handle top
		"from": [6,11,7],
		"to": [7,12,9],
		"rotation": {"origin": [ 8, 1, 8 ], "axis": "y", "angle": 0 },
		"faces": {
			"down":{"uv":	[6.01,4.01,6.99,4.99],"texture":"#block","cullface":"Know2Good"},
			"up":{"uv":		[6.01,4.01,6.99,4.99],"texture":"#block","cullface":"Know2Good"},
			"north":{"uv":	[6.01,4.01,6.99,4.99],"texture":"#block","cullface":"Know2Good"},
			"south":{"uv":	[6.01,4.01,6.99,4.99],"texture":"#block","cullface":"Know2Good"},
			"west":{"uv":	[6.01,4.01,6.99,4.99],"texture":"#block","cullface":"Know2Good"},
			"east":{"uv":	[6.01,4.01,6.99,4.99],"texture":"#block","cullface":"Know2Good"}
		}
	},
	{
		"type":"cube", //Top handle back
		"from": [7,10,7],
		"to": [8,11,9],
		"rotation": {"origin": [ 8, 1, 8 ], "axis": "y", "angle": 0 },
		"faces": {
			"down":{"uv":	[7.01,5.01,7.99,5.99],"texture":"#block","cullface":"Know2Good"},
			"up":{"uv":		[7.01,5.01,7.99,5.99],"texture":"#block","cullface":"Know2Good"},
			"north":{"uv":	[7.01,5.01,7.99,5.99],"texture":"#block","cullface":"Know2Good"},
			"south":{"uv":	[7.01,5.01,7.99,5.99],"texture":"#block","cullface":"Know2Good"},
			"west":{"uv":	[7.01,5.01,7.99,5.99],"texture":"#block","cullface":"Know2Good"},
			"east":{"uv":	[7.01,5.01,7.99,5.99],"texture":"#block","cullface":"Know2Good"}
		}
	},
	{
		"type":"cube", //Top front front end thin top
		"from": [5,11,7.5],
		"to": [6,12,8.5],
		"rotation": {"origin": [ 8, 1, 8 ], "axis": "y", "angle": 0 },
		"faces": {
			"down":{"uv":	[5.01,4.01,5.99,4.99],"texture":"#block","cullface":"Know2Good"},
			"up":{"uv":		[5.01,4.01,5.99,4.99],"texture":"#block","cullface":"Know2Good"},
			"north":{"uv":	[5.01,4.01,5.99,4.99],"texture":"#block","cullface":"Know2Good"},
			"south":{"uv":	[5.01,4.01,5.99,4.99],"texture":"#block","cullface":"Know2Good"},
			"west":{"uv":	[5.01,4.01,5.99,4.99],"texture":"#block","cullface":"Know2Good"},
			"east":{"uv":	[5.01,4.01,5.99,4.99],"texture":"#block","cullface":"Know2Good"}
		}
	},
	{
		"type":"cube", //Top front end thin top
		"from": [6,12,7.5],
		"to": [8,13,8.5],
		"rotation": {"origin": [ 8, 1, 8 ], "axis": "y", "angle": 0 },
		"faces": {
			"down":{"uv":	[6.01,3.01,7.99,3.99],"texture":"#block","cullface":"Know2Good"},
			"up":{"uv":		[6.01,3.01,7.99,3.99],"texture":"#block","cullface":"Know2Good"},
			"north":{"uv":	[6.01,3.01,7.99,3.99],"texture":"#block","cullface":"Know2Good","rotation":180},
			"south":{"uv":	[6.01,3.01,7.99,3.99],"texture":"#block","cullface":"Know2Good"},
			"west":{"uv":	[7.01,3.01,7.99,3.99],"texture":"#block","cullface":"Know2Good"},
			"east":{"uv":	[6.01,3.01,6.99,3.99],"texture":"#block","cullface":"Know2Good"}
		}
	},
	{
		"type":"cube", //Top middle fat
		"from": [8,12,7],
		"to": [15,13,9],
		"rotation": {"origin": [ 8, 1, 8 ], "axis": "y", "angle": 0 },
		"faces": {
			"down":{"uv":	[8.01,3.01,14.99,3.99],"texture":"#pulling","cullface":"Know2Good"},
			"up":{"uv":		[8.01,3.01,14.99,3.99],"texture":"#pulling","cullface":"Know2Good"},
			"north":{"uv":	[8.01,3.01,14.99,3.99],"texture":"#pulling","cullface":"Know2Good","rotation":180},
			"south":{"uv":	[8.01,3.01,14.99,3.99],"texture":"#pulling","cullface":"Know2Good"},
			"west":{"uv":	[14.01,3.01,14.99,3.99],"texture":"#pulling","cullface":"Know2Good"},
			"east":{"uv":	[8.01,3.01,8.99,3.99],"texture":"#pulling","cullface":"Know2Good"}
		}
	},
	{
		"type":"cube", //Top middle thin top
		"from": [8,13,7.5],
		"to": [15,14,8.5],
		"rotation": {"origin": [ 8, 1, 8 ], "axis": "y", "angle": 0 },
		"faces": {
			"down":{"uv":	[8.01,2.01,14.99,2.99],"texture":"#pulling","cullface":"Know2Good"},
			"up":{"uv":		[8.01,2.01,14.99,2.99],"texture":"#pulling","cullface":"Know2Good"},
			"north":{"uv":	[8.01,2.01,14.99,2.99],"texture":"#pulling","cullface":"Know2Good","rotation":180},
			"south":{"uv":	[8.01,2.01,14.99,2.99],"texture":"#pulling","cullface":"Know2Good"},
			"west":{"uv":	[14.01,2.01,14.99,2.99],"texture":"#pulling","cullface":"Know2Good"},
			"east":{"uv":	[8.01,2.01,8.99,2.99],"texture":"#pulling","cullface":"Know2Good"}
		}
	},
	{
		"type":"cube", //Top middle thin bottom
		"from": [7,11,7.5],
		"to": [15,12,8.5],
		"rotation": {"origin": [ 8, 1, 8 ], "axis": "y", "angle": 0 },
		"faces": {
			"down":{"uv":	[7.01,4.01,14.99,4.99],"texture":"#pulling","cullface":"Know2Good"},
			"up":{"uv":		[7.01,4.01,14.99,4.99],"texture":"#pulling","cullface":"Know2Good"},
			"north":{"uv":	[7.01,4.01,14.99,4.99],"texture":"#pulling","cullface":"Know2Good","rotation":180},
			"south":{"uv":	[7.01,4.01,14.99,4.99],"texture":"#pulling","cullface":"Know2Good"},
			"west":{"uv":	[7.01,4.01,7.99,4.99],"texture":"#pulling","cullface":"Know2Good"},
			"east":{"uv":	[14.01,4.01,14.99,4.99],"texture":"#pulling","cullface":"Know2Good"}
		}
	},
	{
		"type":"cube", //Top end thin end
		"from": [15,12,7.5],
		"to": [16,13,8.5],
		"rotation": {"origin": [ 8, 1, 8 ], "axis": "y", "angle": 0 },
		"faces": {
			"down":{"uv":	[15.01,3.01,15.99,3.99],"texture":"#pulling","cullface":"Know2Good"},
			"up":{"uv":		[15.01,3.01,15.99,3.99],"texture":"#pulling","cullface":"Know2Good"},
			"north":{"uv":	[15.01,3.01,15.99,3.99],"texture":"#pulling","cullface":"Know2Good"},
			"south":{"uv":	[15.01,3.01,15.99,3.99],"texture":"#pulling","cullface":"Know2Good"},
			"west":{"uv":	[15.01,3.01,15.99,3.99],"texture":"#pulling","cullface":"Know2Good"},
			"east":{"uv":	[15.01,3.01,15.99,3.99],"texture":"#pulling","cullface":"Know2Good"}
		}
	},
	{
		"type":"cube", //Arrow bottom to tip fat
		"from": [12,4,7.5],
		"to": [13,5,8.5],
		"rotation": {"origin": [ 8, 1, 8 ], "axis": "y", "angle": 0 },
		"faces": {
			"down":{"uv":	[12.01,11.01,12.99,11.99],"texture":"#pulling","cullface":"Know2Good"},
			"up":{"uv":		[12.01,11.01,12.99,11.99],"texture":"#pulling","cullface":"Know2Good"},
			"north":{"uv":	[12.01,11.01,12.99,11.99],"texture":"#pulling","cullface":"Know2Good"},
			"south":{"uv":	[12.01,11.01,12.99,11.99],"texture":"#pulling","cullface":"Know2Good"},
			"west":{"uv":	[12.01,11.01,12.99,11.99],"texture":"#pulling","cullface":"Know2Good"},
			"east":{"uv":	[12.01,11.01,12.99,11.99],"texture":"#pulling","cullface":"Know2Good"}
		}
	},
	{
		"type":"cube", //Arrow bottom to tip thin
		"from": [11,4,7.75],
		"to": [12,5,8.25],
		"rotation": {"origin": [ 8, 1, 8 ], "axis": "y", "angle": 0 },
		"faces": {
			"down":{"uv":	[11.01,11.01,11.99,11.99],"texture":"#pulling","cullface":"Know2Good"},
			"up":{"uv":		[11.01,11.01,11.99,11.99],"texture":"#pulling","cullface":"Know2Good"},
			"north":{"uv":	[11.01,11.01,11.99,11.99],"texture":"#pulling","cullface":"Know2Good"},
			"south":{"uv":	[11.01,11.01,11.99,11.99],"texture":"#pulling","cullface":"Know2Good"},
			"west":{"uv":	[11.01,11.01,11.99,11.99],"texture":"#pulling","cullface":"Know2Good"},
			"east":{"uv":	[11.01,11.01,11.99,11.99],"texture":"#pulling","cullface":"Know2Good"}
		}
	},
	{
		"type":"cube", //Arrow bottom to tip fat
		"from": [11,5,7.5],
		"to": [12,6,8.5],
		"rotation": {"origin": [ 8, 1, 8 ], "axis": "y", "angle": 0 },
		"faces": {
			"down":{"uv":	[11.01,10.01,11.99,10.99],"texture":"#pulling","cullface":"Know2Good"},
			"up":{"uv":		[11.01,10.01,11.99,10.99],"texture":"#pulling","cullface":"Know2Good"},
			"north":{"uv":	[11.01,10.01,11.99,10.99],"texture":"#pulling","cullface":"Know2Good"},
			"south":{"uv":	[11.01,10.01,11.99,10.99],"texture":"#pulling","cullface":"Know2Good"},
			"west":{"uv":	[11.01,10.01,11.99,10.99],"texture":"#pulling","cullface":"Know2Good"},
			"east":{"uv":	[11.01,10.01,11.99,10.99],"texture":"#pulling","cullface":"Know2Good"}
		}
	},
	{
		"type":"cube", //Arrow bottom to tip thin
		"from": [10,5,7.75],
		"to": [11,6,8.25],
		"rotation": {"origin": [ 8, 1, 8 ], "axis": "y", "angle": 0 },
		"faces": {
			"down":{"uv":	[10.01,10.01,10.99,10.99],"texture":"#pulling","cullface":"Know2Good"},
			"up":{"uv":		[10.01,10.01,10.99,10.99],"texture":"#pulling","cullface":"Know2Good"},
			"north":{"uv":	[10.01,10.01,10.99,10.99],"texture":"#pulling","cullface":"Know2Good"},
			"south":{"uv":	[10.01,10.01,10.99,10.99],"texture":"#pulling","cullface":"Know2Good"},
			"west":{"uv":	[10.01,10.01,10.99,10.99],"texture":"#pulling","cullface":"Know2Good"},
			"east":{"uv":	[10.01,10.01,10.99,10.99],"texture":"#pulling","cullface":"Know2Good"}
		}
	},
	{
		"type":"cube", //Arrow bottom to tip fat
		"from": [10,6,7.5],
		"to": [11,7,8.5],
		"rotation": {"origin": [ 8, 1, 8 ], "axis": "y", "angle": 0 },
		"faces": {
			"down":{"uv":	[10.01,9.01,10.99,9.99],"texture":"#pulling","cullface":"Know2Good"},
			"up":{"uv":		[10.01,9.01,10.99,9.99],"texture":"#pulling","cullface":"Know2Good"},
			"north":{"uv":	[10.01,9.01,10.99,9.99],"texture":"#pulling","cullface":"Know2Good"},
			"south":{"uv":	[10.01,9.01,10.99,9.99],"texture":"#pulling","cullface":"Know2Good"},
			"west":{"uv":	[10.01,9.01,10.99,9.99],"texture":"#pulling","cullface":"Know2Good"},
			"east":{"uv":	[10.01,9.01,10.99,9.99],"texture":"#pulling","cullface":"Know2Good"}
		}
	},
	{
		"type":"cube", //Arrow bottom to tip thin
		"from": [9,6,7.75],
		"to": [10,7,8.25],
		"rotation": {"origin": [ 8, 1, 8 ], "axis": "y", "angle": 0 },
		"faces": {
			"down":{"uv":	[9.01,9.01,9.99,9.99],"texture":"#pulling","cullface":"Know2Good"},
			"up":{"uv":		[9.01,9.01,9.99,9.99],"texture":"#pulling","cullface":"Know2Good"},
			"north":{"uv":	[9.01,9.01,9.99,9.99],"texture":"#pulling","cullface":"Know2Good"},
			"south":{"uv":	[9.01,9.01,9.99,9.99],"texture":"#pulling","cullface":"Know2Good"},
			"west":{"uv":	[9.01,9.01,9.99,9.99],"texture":"#pulling","cullface":"Know2Good"},
			"east":{"uv":	[9.01,9.01,9.99,9.99],"texture":"#pulling","cullface":"Know2Good"}
		}
	},
	{
		"type":"cube", //Arrow bottom to tip fat
		"from": [9,7,7.5],
		"to": [10,8,8.5],
		"rotation": {"origin": [ 8, 1, 8 ], "axis": "y", "angle": 0 },
		"faces": {
			"down":{"uv":	[9.01,8.01,9.99,8.99],"texture":"#pulling","cullface":"Know2Good"},
			"up":{"uv":		[9.01,8.01,9.99,8.99],"texture":"#pulling","cullface":"Know2Good"},
			"north":{"uv":	[9.01,8.01,9.99,8.99],"texture":"#pulling","cullface":"Know2Good"},
			"south":{"uv":	[9.01,8.01,9.99,8.99],"texture":"#pulling","cullface":"Know2Good"},
			"west":{"uv":	[9.01,8.01,9.99,8.99],"texture":"#pulling","cullface":"Know2Good"},
			"east":{"uv":	[9.01,8.01,9.99,8.99],"texture":"#pulling","cullface":"Know2Good"}
		}
	},
	{
		"type":"cube", //Arrow bottom to tip thin
		"from": [8,7,7.75],
		"to": [9,8,8.25],
		"rotation": {"origin": [ 8, 1, 8 ], "axis": "y", "angle": 0 },
		"faces": {
			"down":{"uv":	[8.01,8.01,8.99,8.99],"texture":"#pulling","cullface":"Know2Good"},
			"up":{"uv":		[8.01,8.01,8.99,8.99],"texture":"#pulling","cullface":"Know2Good"},
			"north":{"uv":	[8.01,8.01,8.99,8.99],"texture":"#pulling","cullface":"Know2Good"},
			"south":{"uv":	[8.01,8.01,8.99,8.99],"texture":"#pulling","cullface":"Know2Good"},
			"west":{"uv":	[8.01,8.01,8.99,8.99],"texture":"#pulling","cullface":"Know2Good"},
			"east":{"uv":	[8.01,8.01,8.99,8.99],"texture":"#pulling","cullface":"Know2Good"}
		}
	},
	{
		"type":"cube", //Arrow bottom to tip fat
		"from": [8,8,7.5],
		"to": [9,9,8.5],
		"rotation": {"origin": [ 8, 1, 8 ], "axis": "y", "angle": 0 },
		"faces": {
			"down":{"uv":	[8.01,7.01,8.99,7.99],"texture":"#pulling","cullface":"Know2Good"},
			"up":{"uv":		[8.01,7.01,8.99,7.99],"texture":"#pulling","cullface":"Know2Good"},
			"north":{"uv":	[8.01,7.01,8.99,7.99],"texture":"#pulling","cullface":"Know2Good"},
			"south":{"uv":	[8.01,7.01,8.99,7.99],"texture":"#pulling","cullface":"Know2Good"},
			"west":{"uv":	[8.01,7.01,8.99,7.99],"texture":"#pulling","cullface":"Know2Good"},
			"east":{"uv":	[8.01,7.01,8.99,7.99],"texture":"#pulling","cullface":"Know2Good"}
		}
	},
	{
		"type":"cube", //Arrow bottom to tip fat
		"from": [7,8,7.75],
		"to": [8,9,8.25],
		"rotation": {"origin": [ 8, 1, 8 ], "axis": "y", "angle": 0 },
		"faces": {
			"down":{"uv":	[7.01,7.01,7.99,7.99],"texture":"#pulling","cullface":"Know2Good"},
			"up":{"uv":		[7.01,7.01,7.99,7.99],"texture":"#pulling","cullface":"Know2Good"},
			"north":{"uv":	[7.01,7.01,7.99,7.99],"texture":"#pulling","cullface":"Know2Good"},
			"south":{"uv":	[7.01,7.01,7.99,7.99],"texture":"#pulling","cullface":"Know2Good"},
			"west":{"uv":	[7.01,7.01,7.99,7.99],"texture":"#pulling","cullface":"Know2Good"},
			"east":{"uv":	[7.01,7.01,7.99,7.99],"texture":"#pulling","cullface":"Know2Good"}
		}
	},
	{
		"type":"cube", //Arrow bottom to tip fat
		"from": [7,9,7.5],
		"to": [8,10,8.5],
		"rotation": {"origin": [ 8, 1, 8 ], "axis": "y", "angle": 0 },
		"faces": {
			"down":{"uv":	[7.01,6.01,7.99,6.99],"texture":"#pulling","cullface":"Know2Good"},
			"up":{"uv":		[7.01,6.01,7.99,6.99],"texture":"#pulling","cullface":"Know2Good"},
			"north":{"uv":	[7.01,6.01,7.99,6.99],"texture":"#pulling","cullface":"Know2Good"},
			"south":{"uv":	[7.01,6.01,7.99,6.99],"texture":"#pulling","cullface":"Know2Good"},
			"west":{"uv":	[7.01,6.01,7.99,6.99],"texture":"#pulling","cullface":"Know2Good"},
			"east":{"uv":	[7.01,6.01,7.99,6.99],"texture":"#pulling","cullface":"Know2Good"}
		}
	},
	{
		"type":"cube", //Arrow bottom to tip fat
		"from": [4.998,11,7.498],
		"to": [6,12.002,8.502],
		"rotation": {"origin": [ 8, 1, 8 ], "axis": "y", "angle": 0 },
		"faces": {
			"down":{"uv":	[5.01,4.01,5.99,4.99],"texture":"#pulling","cullface":"Know2Good"},
			"up":{"uv":		[5.01,4.01,5.99,4.99],"texture":"#pulling","cullface":"Know2Good"},
			"north":{"uv":	[5.01,4.01,5.99,4.99],"texture":"#pulling","cullface":"Know2Good"},
			"south":{"uv":	[5.01,4.01,5.99,4.99],"texture":"#pulling","cullface":"Know2Good"},
			"west":{"uv":	[5.01,4.01,5.99,4.99],"texture":"#pulling","cullface":"Know2Good"},
			"east":{"uv":	[5.01,4.01,5.99,4.99],"texture":"#pulling","cullface":"Know2Good"}
		}
	},
	{
		"type":"cube", //Arrow bottom to tip thin
		"from": [4,11,7.75],
		"to": [5,12.002,8.25],
		"rotation": {"origin": [ 8, 1, 8 ], "axis": "y", "angle": 0 },
		"faces": {
			"down":{"uv":	[4.01,4.01,4.99,4.99],"texture":"#pulling","cullface":"Know2Good"},
			"up":{"uv":		[4.01,4.01,4.99,4.99],"texture":"#pulling","cullface":"Know2Good"},
			"north":{"uv":	[4.01,4.01,4.99,4.99],"texture":"#pulling","cullface":"Know2Good"},
			"south":{"uv":	[4.01,4.01,4.99,4.99],"texture":"#pulling","cullface":"Know2Good"},
			"west":{"uv":	[4.01,4.01,4.99,4.99],"texture":"#pulling","cullface":"Know2Good"},
			"east":{"uv":	[4.01,4.01,4.99,4.99],"texture":"#pulling","cullface":"Know2Good"}
		}
	},
	{
		"type":"cube", //Arrow tip
		"from": [4,12,7.25],
		"to": [5,13,8.75],
		"rotation": {"origin": [ 8, 1, 8 ], "axis": "y", "angle": 0 },
		"faces": {
			"down":{"uv":	[4.01,3.01,4.99,3.99],"texture":"#pulling","cullface":"Know2Good"},
			"up":{"uv":		[4.01,3.01,4.99,3.99],"texture":"#pulling","cullface":"Know2Good"},
			"north":{"uv":	[4.01,3.01,4.99,3.99],"texture":"#pulling","cullface":"Know2Good"},
			"south":{"uv":	[4.01,3.01,4.99,3.99],"texture":"#pulling","cullface":"Know2Good"},
			"west":{"uv":	[4.01,3.01,4.99,3.99],"texture":"#pulling","cullface":"Know2Good"},
			"east":{"uv":	[4.01,3.01,4.99,3.99],"texture":"#pulling","cullface":"Know2Good"}
		}
	},
	{
		"type":"cube", //Arrow tip
		"from": [3,12,7.5],
		"to": [4,13,8.5],
		"rotation": {"origin": [ 8, 1, 8 ], "axis": "y", "angle": 0 },
		"faces": {
			"down":{"uv":	[3.01,3.01,3.99,3.99],"texture":"#pulling","cullface":"Know2Good"},
			"up":{"uv":		[3.01,3.01,3.99,3.99],"texture":"#pulling","cullface":"Know2Good"},
			"north":{"uv":	[3.01,3.01,3.99,3.99],"texture":"#pulling","cullface":"Know2Good"},
			"south":{"uv":	[3.01,3.01,3.99,3.99],"texture":"#pulling","cullface":"Know2Good"},
			"west":{"uv":	[3.01,3.01,3.99,3.99],"texture":"#pulling","cullface":"Know2Good"},
			"east":{"uv":	[3.01,3.01,3.99,3.99],"texture":"#pulling","cullface":"Know2Good"}
		}
	},
	{
		"type":"cube", //Arrow tip
		"from": [3,13,7.25],
		"to": [4,14,8.75],
		"rotation": {"origin": [ 8, 1, 8 ], "axis": "y", "angle": 0 },
		"faces": {
			"down":{"uv":	[3.01,2.01,3.99,2.99],"texture":"#pulling","cullface":"Know2Good"},
			"up":{"uv":		[3.01,2.01,3.99,2.99],"texture":"#pulling","cullface":"Know2Good"},
			"north":{"uv":	[3.01,2.01,3.99,2.99],"texture":"#pulling","cullface":"Know2Good"},
			"south":{"uv":	[3.01,2.01,3.99,2.99],"texture":"#pulling","cullface":"Know2Good"},
			"west":{"uv":	[3.01,2.01,3.99,2.99],"texture":"#pulling","cullface":"Know2Good"},
			"east":{"uv":	[3.01,2.01,3.99,2.99],"texture":"#pulling","cullface":"Know2Good"}
		}
	},
	{
		"type":"cube", //String top to bottom
		"from": [14,10,7.75],
		"to": [15,11,8.25],
		"rotation": {"origin": [ 8, 1, 8 ], "axis": "y", "angle": 0 },
		"faces": {
			"down":{"uv":	[14.01,5.01,14.99,5.99],"texture":"#pulling","cullface":"Know2Good"},
			"up":{"uv":		[14.01,5.01,14.99,5.99],"texture":"#pulling","cullface":"Know2Good"},
			"north":{"uv":	[14.01,5.01,14.99,5.99],"texture":"#pulling","cullface":"Know2Good"},
			"south":{"uv":	[14.01,5.01,14.99,5.99],"texture":"#pulling","cullface":"Know2Good"},
			"west":{"uv":	[14.01,5.01,14.99,5.99],"texture":"#pulling","cullface":"Know2Good"},
			"east":{"uv":	[14.01,5.01,14.99,5.99],"texture":"#pulling","cullface":"Know2Good"}
		}
	},
	{
		"type":"cube", //String top to bottom
		"from": [14,9,7.75],
		"to": [15,10,8.25],
		"rotation": {"origin": [ 8, 1, 8 ], "axis": "y", "angle": 0 },
		"faces": {
			"down":{"uv":	[14.01,6.01,14.99,6.99],"texture":"#pulling","cullface":"Know2Good"},
			"up":{"uv":		[14.01,6.01,14.99,6.99],"texture":"#pulling","cullface":"Know2Good"},
			"north":{"uv":	[14.01,6.01,14.99,6.99],"texture":"#pulling","cullface":"Know2Good"},
			"south":{"uv":	[14.01,6.01,14.99,6.99],"texture":"#pulling","cullface":"Know2Good"},
			"west":{"uv":	[14.01,6.01,14.99,6.99],"texture":"#pulling","cullface":"Know2Good"},
			"east":{"uv":	[14.01,6.01,14.99,6.99],"texture":"#pulling","cullface":"Know2Good"}
		}
	},
	{
		"type":"cube", //String top to bottom
		"from": [13,8,7.75],
		"to": [14,9,8.25],
		"rotation": {"origin": [ 8, 1, 8 ], "axis": "y", "angle": 0 },
		"faces": {
			"down":{"uv":	[13.01,7.01,13.99,7.99],"texture":"#pulling","cullface":"Know2Good"},
			"up":{"uv":		[13.01,7.01,13.99,7.99],"texture":"#pulling","cullface":"Know2Good"},
			"north":{"uv":	[13.01,7.01,13.99,7.99],"texture":"#pulling","cullface":"Know2Good"},
			"south":{"uv":	[13.01,7.01,13.99,7.99],"texture":"#pulling","cullface":"Know2Good"},
			"west":{"uv":	[13.01,7.01,13.99,7.99],"texture":"#pulling","cullface":"Know2Good"},
			"east":{"uv":	[13.01,7.01,13.99,7.99],"texture":"#pulling","cullface":"Know2Good"}
		}
	},
	{
		"type":"cube", //String top to bottom
		"from": [13,7,7.75],
		"to": [14,8,8.25],
		"rotation": {"origin": [ 8, 1, 8 ], "axis": "y", "angle": 0 },
		"faces": {
			"down":{"uv":	[13.01,8.01,13.99,8.99],"texture":"#pulling","cullface":"Know2Good"},
			"up":{"uv":		[13.01,8.01,13.99,8.99],"texture":"#pulling","cullface":"Know2Good"},
			"north":{"uv":	[13.01,8.01,13.99,8.99],"texture":"#pulling","cullface":"Know2Good"},
			"south":{"uv":	[13.01,8.01,13.99,8.99],"texture":"#pulling","cullface":"Know2Good"},
			"west":{"uv":	[13.01,8.01,13.99,8.99],"texture":"#pulling","cullface":"Know2Good"},
			"east":{"uv":	[13.01,8.01,13.99,8.99],"texture":"#pulling","cullface":"Know2Good"}
		}
	},
	{
		"type":"cube", //String top to bottom
		"from": [13,6,7.75],
		"to": [14,7,8.25],
		"rotation": {"origin": [ 8, 1, 8 ], "axis": "y", "angle": 0 },
		"faces": {
			"down":{"uv":	[13.01,9.01,13.99,9.99],"texture":"#pulling","cullface":"Know2Good"},
			"up":{"uv":		[13.01,9.01,13.99,9.99],"texture":"#pulling","cullface":"Know2Good"},
			"north":{"uv":	[13.01,9.01,13.99,9.99],"texture":"#pulling","cullface":"Know2Good"},
			"south":{"uv":	[13.01,9.01,13.99,9.99],"texture":"#pulling","cullface":"Know2Good"},
			"west":{"uv":	[13.01,9.01,13.99,9.99],"texture":"#pulling","cullface":"Know2Good"},
			"east":{"uv":	[13.01,9.01,13.99,9.99],"texture":"#pulling","cullface":"Know2Good"}
		}
	},
	{
		"type":"cube", //String top to bottom
		"from": [13,5,7.75],
		"to": [14,6,8.25],
		"rotation": {"origin": [ 8, 1, 8 ], "axis": "y", "angle": 0 },
		"faces": {
			"down":{"uv":	[13.01,10.01,13.99,10.99],"texture":"#pulling","cullface":"Know2Good"},
			"up":{"uv":		[13.01,10.01,13.99,10.99],"texture":"#pulling","cullface":"Know2Good"},
			"north":{"uv":	[13.01,10.01,13.99,10.99],"texture":"#pulling","cullface":"Know2Good"},
			"south":{"uv":	[13.01,10.01,13.99,10.99],"texture":"#pulling","cullface":"Know2Good"},
			"west":{"uv":	[13.01,10.01,13.99,10.99],"texture":"#pulling","cullface":"Know2Good"},
			"east":{"uv":	[13.01,10.01,13.99,10.99],"texture":"#pulling","cullface":"Know2Good"}
		}
	},
	{
		"type":"cube", //String top to bottom
		"from": [12,3.998,7.75],
		"to": [13.002,4.998,8.25],
		"rotation": {"origin": [ 8, 1, 8 ], "axis": "y", "angle": 0 },
		"faces": {
			"down":{"uv":	[11.01,12.01,11.99,12.99],"texture":"#pulling","cullface":"Know2Good"},
			"up":{"uv":		[11.01,12.01,11.99,12.99],"texture":"#pulling","cullface":"Know2Good"},
			"north":{"uv":	[11.01,12.01,11.99,12.99],"texture":"#pulling","cullface":"Know2Good"},
			"south":{"uv":	[11.01,12.01,11.99,12.99],"texture":"#pulling","cullface":"Know2Good"},
			"west":{"uv":	[11.01,12.01,11.99,12.99],"texture":"#pulling","cullface":"Know2Good"},
			"east":{"uv":	[11.01,12.01,11.99,12.99],"texture":"#pulling","cullface":"Know2Good"}
		}
	},
	{
		"type":"cube", //String top to bottom
		"from": [11,3,7.75],
		"to": [12,4,8.25],
		"rotation": {"origin": [ 8, 1, 8 ], "axis": "y", "angle": 0 },
		"faces": {
			"down":{"uv":	[11.01,12.01,11.99,12.99],"texture":"#pulling","cullface":"Know2Good"},
			"up":{"uv":		[11.01,12.01,11.99,12.99],"texture":"#pulling","cullface":"Know2Good"},
			"north":{"uv":	[11.01,12.01,11.99,12.99],"texture":"#pulling","cullface":"Know2Good"},
			"south":{"uv":	[11.01,12.01,11.99,12.99],"texture":"#pulling","cullface":"Know2Good"},
			"west":{"uv":	[11.01,12.01,11.99,12.99],"texture":"#pulling","cullface":"Know2Good"},
			"east":{"uv":	[11.01,12.01,11.99,12.99],"texture":"#pulling","cullface":"Know2Good"}
		}
	},
	{
		"type":"cube", //String top to bottom
		"from": [10,2,7.75],
		"to": [11,3,8.25],
		"rotation": {"origin": [ 8, 1, 8 ], "axis": "y", "angle": 0 },
		"faces": {
			"down":{"uv":	[10.01,13.01,10.99,13.99],"texture":"#pulling","cullface":"Know2Good"},
			"up":{"uv":		[10.01,13.01,10.99,13.99],"texture":"#pulling","cullface":"Know2Good"},
			"north":{"uv":	[10.01,13.01,10.99,13.99],"texture":"#pulling","cullface":"Know2Good"},
			"south":{"uv":	[10.01,13.01,10.99,13.99],"texture":"#pulling","cullface":"Know2Good"},
			"west":{"uv":	[10.01,13.01,10.99,13.99],"texture":"#pulling","cullface":"Know2Good"},
			"east":{"uv":	[10.01,13.01,10.99,13.99],"texture":"#pulling","cullface":"Know2Good"}
		}
	},
	{
		"type":"cube", //String top to bottom
		"from": [9,2,7.75],
		"to": [10,3,8.25],
		"rotation": {"origin": [ 8, 1, 8 ], "axis": "y", "angle": 0 },
		"faces": {
			"down":{"uv":	[9.01,13.01,9.99,13.99],"texture":"#pulling","cullface":"Know2Good"},
			"up":{"uv":		[9.01,13.01,9.99,13.99],"texture":"#pulling","cullface":"Know2Good"},
			"north":{"uv":	[9.01,13.01,9.99,13.99],"texture":"#pulling","cullface":"Know2Good"},
			"south":{"uv":	[9.01,13.01,9.99,13.99],"texture":"#pulling","cullface":"Know2Good"},
			"west":{"uv":	[9.01,13.01,9.99,13.99],"texture":"#pulling","cullface":"Know2Good"},
			"east":{"uv":	[9.01,13.01,9.99,13.99],"texture":"#pulling","cullface":"Know2Good"}
		}
	},
	{
		"type":"cube", //String top to bottom
		"from": [8,2,7.75],
		"to": [9,3,8.25],
		"rotation": {"origin": [ 8, 1, 8 ], "axis": "y", "angle": 0 },
		"faces": {
			"down":{"uv":	[8.01,13.01,8.99,13.99],"texture":"#pulling","cullface":"Know2Good"},
			"up":{"uv":		[8.01,13.01,8.99,13.99],"texture":"#pulling","cullface":"Know2Good"},
			"north":{"uv":	[8.01,13.01,8.99,13.99],"texture":"#pulling","cullface":"Know2Good"},
			"south":{"uv":	[8.01,13.01,8.99,13.99],"texture":"#pulling","cullface":"Know2Good"},
			"west":{"uv":	[8.01,13.01,8.99,13.99],"texture":"#pulling","cullface":"Know2Good"},
			"east":{"uv":	[8.01,13.01,8.99,13.99],"texture":"#pulling","cullface":"Know2Good"}
		}
	},
	{
		"type":"cube", //String top to bottom
		"from": [7,2,7.75],
		"to": [8,3,8.25],
		"rotation": {"origin": [ 8, 1, 8 ], "axis": "y", "angle": 0 },
		"faces": {
			"down":{"uv":	[7.01,13.01,7.99,13.99],"texture":"#pulling","cullface":"Know2Good"},
			"up":{"uv":		[7.01,13.01,7.99,13.99],"texture":"#pulling","cullface":"Know2Good"},
			"north":{"uv":	[7.01,13.01,7.99,13.99],"texture":"#pulling","cullface":"Know2Good"},
			"south":{"uv":	[7.01,13.01,7.99,13.99],"texture":"#pulling","cullface":"Know2Good"},
			"west":{"uv":	[7.01,13.01,7.99,13.99],"texture":"#pulling","cullface":"Know2Good"},
			"east":{"uv":	[7.01,13.01,7.99,13.99],"texture":"#pulling","cullface":"Know2Good"}
		}
	},
	{
		"type":"cube", //String top to bottom
		"from": [6,1,7.75],
		"to": [7,2,8.25],
		"rotation": {"origin": [ 8, 1, 8 ], "axis": "y", "angle": 0 },
		"faces": {
			"down":{"uv":	[6.01,14.01,6.99,14.99],"texture":"#pulling","cullface":"Know2Good"},
			"up":{"uv":		[6.01,14.01,6.99,14.99],"texture":"#pulling","cullface":"Know2Good"},
			"north":{"uv":	[6.01,14.01,6.99,14.99],"texture":"#pulling","cullface":"Know2Good"},
			"south":{"uv":	[6.01,14.01,6.99,14.99],"texture":"#pulling","cullface":"Know2Good"},
			"west":{"uv":	[6.01,14.01,6.99,14.99],"texture":"#pulling","cullface":"Know2Good"},
			"east":{"uv":	[6.01,14.01,6.99,14.99],"texture":"#pulling","cullface":"Know2Good"}
		}
	},
	{
		"type":"cube", //String top to bottom
		"from": [5,1,7.75],
		"to": [6,2,8.25],
		"rotation": {"origin": [ 8, 1, 8 ], "axis": "y", "angle": 0 },
		"faces": {
			"down":{"uv":	[5.01,14.01,5.99,14.99],"texture":"#pulling","cullface":"Know2Good"},
			"up":{"uv":		[5.01,14.01,5.99,14.99],"texture":"#pulling","cullface":"Know2Good"},
			"north":{"uv":	[5.01,14.01,5.99,14.99],"texture":"#pulling","cullface":"Know2Good"},
			"south":{"uv":	[5.01,14.01,5.99,14.99],"texture":"#pulling","cullface":"Know2Good"},
			"west":{"uv":	[5.01,14.01,5.99,14.99],"texture":"#pulling","cullface":"Know2Good"},
			"east":{"uv":	[5.01,14.01,5.99,14.99],"texture":"#pulling","cullface":"Know2Good"}
		}
	}
],
"display": {
	"thirdperson": {
		"rotation": [ 0, 90, 315 ],
		"translation": [ 0, 0.5, -0.5 ],
		"scale": [ 0.85, 0.85, 0.85 ]
	},
	"firstperson": {
		"rotation": [ 0, -135, 25 ],
		"translation": [ 0, 4, 2 ],
		"scale": [ 1.7, 1.7, 1.7 ]
	},
	"gui": {
		"rotation": [ 0, 0, 0 ],
		"translation": [ -0.5, -0.5, 0 ],
		"scale": [ 1.75, 1.75, 1.75 ]
	}
}
}