{
"__comment":"Made by Know2Good, part of the 'Default 3D™' resource pack || Official download page: http://www.planetminecraft.com/texture_pack/default-3d-2985741/ || © Know2Good. All rights reserved. ",
"textures": {
	"block": "items/carrot",
	"particle":"items/carrot"
},
"elements":[
	{
		"type":"cube", //Bottom
		"from": [7.5,0,7.5],
		"to": [8.5,3,8.5],
		"rotation": {"origin": [ 8, 1, 8 ], "axis": "y", "angle": 0 },
		"faces": {
			"down":{"uv":[7,11,8,12],"texture":"#block","cullface":"Know2Good"},
			"north":{"uv":[7,9,8,12],"texture":"#block","cullface":"Know2Good"},
			"south":{"uv":[7,9,8,12],"texture":"#block","cullface":"Know2Good"},
			"west":{"uv":[7,9,8,12],"texture":"#block","cullface":"Know2Good"},
			"east":{"uv":[7,9,8,12],"texture":"#block","cullface":"Know2Good"}
		}
	},
	{
		"type":"cube", //Middle bottom
		"from": [7,3,7],
		"to": [9,6,9],
		"rotation": {"origin": [ 8, 1, 8 ], "axis": "y", "angle": 0 },
		"faces": {
			"down":{"uv":[7,11,8,12],"texture":"#block","cullface":"Know2Good"},
			"up":{"uv":[7,11,8,12],"texture":"#block","cullface":"Know2Good"},
			"north":{"uv":[7,8,9,11],"texture":"#block","cullface":"Know2Good"},
			"south":{"uv":[7,8,9,11],"texture":"#block","cullface":"Know2Good"},
			"west":{"uv":[9,8,7,11],"texture":"#block","cullface":"Know2Good"},
			"east":{"uv":[9,8,7,11],"texture":"#block","cullface":"Know2Good"}
		}
	},
	{
		"type":"cube", //Middle top
		"from": [6.5,6,6.5],
		"to": [9.5,9,9.5],
		"rotation": {"origin": [ 8, 1, 8 ], "axis": "y", "angle": 0 },
		"faces": {
			"down":{"uv":[7,11,8,12],"texture":"#block","cullface":"Know2Good"},
			"up":{"uv":[7,11,8,12],"texture":"#block","cullface":"Know2Good"},
			"north":{"uv":[7,8,10,11],"texture":"#block","cullface":"Know2Good"},
			"south":{"uv":[7,8,10,11],"texture":"#block","cullface":"Know2Good"},
			"west":{"uv":[10,8,7,11],"texture":"#block","cullface":"Know2Good"},
			"east":{"uv":[10,8,7,11],"texture":"#block","cullface":"Know2Good"}
		}
	},
	{
		"type":"cube", //Top
		"from": [7,9,7],
		"to": [9,11,9],
		"rotation": {"origin": [ 8, 1, 8 ], "axis": "y", "angle": 0 },
		"faces": {
			"down":{"uv":[7,11,8,12],"texture":"#block","cullface":"Know2Good"},
			"up":{"uv":[7,11,8,12],"texture":"#block","cullface":"Know2Good"},
			"north":{"uv":[7,9,9,11],"texture":"#block","cullface":"Know2Good"},
			"south":{"uv":[7,9,9,11],"texture":"#block","cullface":"Know2Good"},
			"west":{"uv":[9,9,7,11],"texture":"#block","cullface":"Know2Good"},
			"east":{"uv":[9,9,7,11],"texture":"#block","cullface":"Know2Good"}
		}
	},
	{
		"type":"cube", //Center Leaf
		"from": [7.5,11,7.5],
		"to": [8.5,12,8.5],
		"rotation": {"origin": [ 8, 1, 8 ], "axis": "y", "angle": 0 },
		"faces": {
			"up":{"uv":[11,7,12,8],"texture":"#block","cullface":"Know2Good"},
			"north":{"uv":[11,7,12,8],"texture":"#block","cullface":"Know2Good"},
			"south":{"uv":[11,7,12,8],"texture":"#block","cullface":"Know2Good"},
			"west":{"uv":[11,7,12,8],"texture":"#block","cullface":"Know2Good"},
			"east":{"uv":[11,7,12,8],"texture":"#block","cullface":"Know2Good"}
		}
	},
	{
		"type":"cube", //Leaf bottom north-west
		"from": [6.75,12,6.75],
		"to": [7.75,14,7.75],
		"rotation": {"origin": [ 8, 1, 8 ], "axis": "y", "angle": 0 },
		"faces": {
			"down":{"uv":[13,6,14,7],"texture":"#block","cullface":"Know2Good"},
			"up":{"uv":[13,5,14,6],"texture":"#block","cullface":"Know2Good"},
			"north":{"uv":[13,5,14,7],"texture":"#block","cullface":"Know2Good"},
			"south":{"uv":[13,5,14,7],"texture":"#block","cullface":"Know2Good"},
			"west":{"uv":[13,5,14,7],"texture":"#block","cullface":"Know2Good"},
			"east":{"uv":[13,5,14,7],"texture":"#block","cullface":"Know2Good"}
		}
	},
	{
		"type":"cube", //Leaf top north-west
		"from": [6,14,6],
		"to": [7,15,7],
		"rotation": {"origin": [ 8, 1, 8 ], "axis": "y", "angle": 0 },
		"faces": {
			"down":{"uv":[12,5,13,6],"texture":"#block","cullface":"Know2Good"},
			"up":{"uv":[12,5,13,6],"texture":"#block","cullface":"Know2Good"},
			"north":{"uv":[12,5,13,6],"texture":"#block","cullface":"Know2Good"},
			"south":{"uv":[12,5,13,6],"texture":"#block","cullface":"Know2Good"},
			"west":{"uv":[12,5,13,6],"texture":"#block","cullface":"Know2Good"},
			"east":{"uv":[12,5,13,6],"texture":"#block","cullface":"Know2Good"}
		}
	},
	{
		"type":"cube", //Leaf end north-west
		"from": [5.25,11,5.25],
		"to": [6.25,14,6.25],
		"rotation": {"origin": [ 8, 1, 8 ], "axis": "y", "angle": 0 },
		"faces": {
			"down":{"uv":[13,3,14,4],"texture":"#block","cullface":"Know2Good"},
			"up":{"uv":[13,5,14,6],"texture":"#block","cullface":"Know2Good"},
			"north":{"uv":[13,6,14,3],"texture":"#block","cullface":"Know2Good"},
			"south":{"uv":[13,6,14,3],"texture":"#block","cullface":"Know2Good"},
			"west":{"uv":[13,6,14,3],"texture":"#block","cullface":"Know2Good"},
			"east":{"uv":[13,6,14,3],"texture":"#block","cullface":"Know2Good"}
		}
	},
	{
		"type":"cube", //Leaf bottom north-east
		"from": [8.25,12,6.75],
		"to": [9.25,14,7.75],
		"rotation": {"origin": [ 8, 1, 8 ], "axis": "y", "angle": 0 },
		"faces": {
			"down":{"uv":[13,6,14,7],"texture":"#block","cullface":"Know2Good"},
			"up":{"uv":[13,5,14,6],"texture":"#block","cullface":"Know2Good"},
			"north":{"uv":[13,5,14,7],"texture":"#block","cullface":"Know2Good"},
			"south":{"uv":[13,5,14,7],"texture":"#block","cullface":"Know2Good"},
			"west":{"uv":[13,5,14,7],"texture":"#block","cullface":"Know2Good"},
			"east":{"uv":[13,5,14,7],"texture":"#block","cullface":"Know2Good"}
		}
	},
	{
		"type":"cube", //Leaf top north-east
		"from": [9,14,6],
		"to": [10,15,7],
		"rotation": {"origin": [ 8, 1, 8 ], "axis": "y", "angle": 0 },
		"faces": {
			"down":{"uv":[12,5,13,6],"texture":"#block","cullface":"Know2Good"},
			"up":{"uv":[12,5,13,6],"texture":"#block","cullface":"Know2Good"},
			"north":{"uv":[12,5,13,6],"texture":"#block","cullface":"Know2Good"},
			"south":{"uv":[12,5,13,6],"texture":"#block","cullface":"Know2Good"},
			"west":{"uv":[12,5,13,6],"texture":"#block","cullface":"Know2Good"},
			"east":{"uv":[12,5,13,6],"texture":"#block","cullface":"Know2Good"}
		}
	},
	{
		"type":"cube", //Leaf end north-east
		"from": [9.75,11,5.25],
		"to": [10.75,14,6.25],
		"rotation": {"origin": [ 8, 1, 8 ], "axis": "y", "angle": 0 },
		"faces": {
			"down":{"uv":[13,3,14,4],"texture":"#block","cullface":"Know2Good"},
			"up":{"uv":[13,5,14,6],"texture":"#block","cullface":"Know2Good"},
			"north":{"uv":[13,6,14,3],"texture":"#block","cullface":"Know2Good"},
			"south":{"uv":[13,6,14,3],"texture":"#block","cullface":"Know2Good"},
			"west":{"uv":[13,6,14,3],"texture":"#block","cullface":"Know2Good"},
			"east":{"uv":[13,6,14,3],"texture":"#block","cullface":"Know2Good"}
		}
	},
	{
		"type":"cube", //Leaf bottom south-east
		"from": [8.25,12,8.25],
		"to": [9.25,14,9.25],
		"rotation": {"origin": [ 8, 1, 8 ], "axis": "y", "angle": 0 },
		"faces": {
			"down":{"uv":[13,6,14,7],"texture":"#block","cullface":"Know2Good"},
			"up":{"uv":[13,5,14,6],"texture":"#block","cullface":"Know2Good"},
			"north":{"uv":[13,5,14,7],"texture":"#block","cullface":"Know2Good"},
			"south":{"uv":[13,5,14,7],"texture":"#block","cullface":"Know2Good"},
			"west":{"uv":[13,5,14,7],"texture":"#block","cullface":"Know2Good"},
			"east":{"uv":[13,5,14,7],"texture":"#block","cullface":"Know2Good"}
		}
	},
	{
		"type":"cube", //Leaf top south-east
		"from": [9,14,9],
		"to": [10,15,10],
		"rotation": {"origin": [ 8, 1, 8 ], "axis": "y", "angle": 0 },
		"faces": {
			"down":{"uv":[12,5,13,6],"texture":"#block","cullface":"Know2Good"},
			"up":{"uv":[12,5,13,6],"texture":"#block","cullface":"Know2Good"},
			"north":{"uv":[12,5,13,6],"texture":"#block","cullface":"Know2Good"},
			"south":{"uv":[12,5,13,6],"texture":"#block","cullface":"Know2Good"},
			"west":{"uv":[12,5,13,6],"texture":"#block","cullface":"Know2Good"},
			"east":{"uv":[12,5,13,6],"texture":"#block","cullface":"Know2Good"}
		}
	},
	{
		"type":"cube", //Leaf end south-east
		"from": [9.75,11,9.75],
		"to": [10.75,14,10.75],
		"rotation": {"origin": [ 8, 1, 8 ], "axis": "y", "angle": 0 },
		"faces": {
			"down":{"uv":[13,3,14,4],"texture":"#block","cullface":"Know2Good"},
			"up":{"uv":[13,5,14,6],"texture":"#block","cullface":"Know2Good"},
			"north":{"uv":[13,6,14,3],"texture":"#block","cullface":"Know2Good"},
			"south":{"uv":[13,6,14,3],"texture":"#block","cullface":"Know2Good"},
			"west":{"uv":[13,6,14,3],"texture":"#block","cullface":"Know2Good"},
			"east":{"uv":[13,6,14,3],"texture":"#block","cullface":"Know2Good"}
		}
	},
	{
		"type":"cube", //Leaf bottom south-west
		"from": [6.75,12,8.25],
		"to": [7.75,14,9.25],
		"rotation": {"origin": [ 8, 1, 8 ], "axis": "y", "angle": 0 },
		"faces": {
			"down":{"uv":[13,6,14,7],"texture":"#block","cullface":"Know2Good"},
			"up":{"uv":[13,5,14,6],"texture":"#block","cullface":"Know2Good"},
			"north":{"uv":[13,5,14,7],"texture":"#block","cullface":"Know2Good"},
			"south":{"uv":[13,5,14,7],"texture":"#block","cullface":"Know2Good"},
			"west":{"uv":[13,5,14,7],"texture":"#block","cullface":"Know2Good"},
			"east":{"uv":[13,5,14,7],"texture":"#block","cullface":"Know2Good"}
		}
	},
	{
		"type":"cube", //Leaf top south-west
		"from": [6,14,9],
		"to": [7,15,10],
		"rotation": {"origin": [ 8, 1, 8 ], "axis": "y", "angle": 0 },
		"faces": {
			"down":{"uv":[12,5,13,6],"texture":"#block","cullface":"Know2Good"},
			"up":{"uv":[12,5,13,6],"texture":"#block","cullface":"Know2Good"},
			"north":{"uv":[12,5,13,6],"texture":"#block","cullface":"Know2Good"},
			"south":{"uv":[12,5,13,6],"texture":"#block","cullface":"Know2Good"},
			"west":{"uv":[12,5,13,6],"texture":"#block","cullface":"Know2Good"},
			"east":{"uv":[12,5,13,6],"texture":"#block","cullface":"Know2Good"}
		}
	},
	{
		"type":"cube", //Leaf end south-west
		"from": [5.25,11,9.75],
		"to": [6.25,14,10.75],
		"rotation": {"origin": [ 8, 1, 8 ], "axis": "y", "angle": 0 },
		"faces": {
			"down":{"uv":[13,3,14,4],"texture":"#block","cullface":"Know2Good"},
			"up":{"uv":[13,5,14,6],"texture":"#block","cullface":"Know2Good"},
			"north":{"uv":[13,6,14,3],"texture":"#block","cullface":"Know2Good"},
			"south":{"uv":[13,6,14,3],"texture":"#block","cullface":"Know2Good"},
			"west":{"uv":[13,6,14,3],"texture":"#block","cullface":"Know2Good"},
			"east":{"uv":[13,6,14,3],"texture":"#block","cullface":"Know2Good"}
		}
	}
],
"display": {
	"thirdperson": {
		"rotation": [ 45, 90, 270 ],
		"translation": [ 0, 0.5, -3.5 ],
		"scale": [ 0.75, 0.75, 0.75 ]
	},
	"firstperson": {
		"rotation": [ 0, 0, 0 ],
		"translation": [ -1.5, 1.5, 1.25 ],
		"scale": [ 1.75, 1.75, 1.75 ]
	},
	"gui": {
		"rotation": [ 0, 0, 0 ],
		"translation": [ 0, -0.5, 0 ],
		"scale": [ 1.65, 1.65, 1.65 ]
	}
}
}