{
"__comment":"Made by Know2Good, part of the 'Default 3D™' resource pack || Official download page: http://www.planetminecraft.com/texture_pack/default-3d-2985741/ || © Know2Good. All rights reserved. ",
"__comment":"No UV-bleed, OK coordinate, OK texture, OK cullface",

"textures": {
	"block": 	"items/diamond_sword",
	"particle":	"items/diamond_sword"
},
"elements":[
	{
		"type":"cube", //Blade tip to bottom tip
		"from":[15,15,7.75],
		"to":[16,16,8.25],
		"rotation": {"origin": [ 8, 1, 8 ], "axis": "y", "angle": 0 },
		"faces": {
			"down":{"uv":	[15.01,0.01,15.99,0.99],"texture":"#block","cullface":"Know2Good"},
			"up":{"uv":		[15.01,0.01,15.99,0.99],"texture":"#block","cullface":"Know2Good"},
			"north":{"uv":	[15.01,0.01,15.99,0.99],"texture":"#block","cullface":"Know2Good"},
			"south":{"uv":	[15.01,0.01,15.99,0.99],"texture":"#block","cullface":"Know2Good"},
			"west":{"uv":	[15.01,0.01,15.99,0.99],"texture":"#block","cullface":"Know2Good"},
			"east":{"uv":	[15.01,0.01,15.99,0.99],"texture":"#block","cullface":"Know2Good"}
		}
	},
	{
		"type":"cube", //Blade tip to bottom middle
		"from":[14,14,7.25],
		"to":[15,15,8.75],
		"rotation": {"origin": [ 8, 1, 8 ], "axis": "y", "angle": 0 },
		"faces": {
			"down":{"uv":	[14.01,1.01,14.99,1.99],"texture":"#block","cullface":"Know2Good"},
			"up":{"uv":		[14.01,1.01,14.99,1.99],"texture":"#block","cullface":"Know2Good"},
			"north":{"uv":	[14.01,1.01,14.99,1.99],"texture":"#block","cullface":"Know2Good"},
			"south":{"uv":	[14.01,1.01,14.99,1.99],"texture":"#block","cullface":"Know2Good"},
			"west":{"uv":	[14.01,1.01,14.99,1.99],"texture":"#block","cullface":"Know2Good"},
			"east":{"uv":	[14.01,1.01,14.99,1.99],"texture":"#block","cullface":"Know2Good"}
		}
	},
	{
		"type":"cube", //Blade tip to bottom middle
		"from":[13,13,7.25],
		"to":[14,14,8.75],
		"rotation": {"origin": [ 8, 1, 8 ], "axis": "y", "angle": 0 },
		"faces": {
			"down":{"uv":	[13.01,2.01,13.99,2.99],"texture":"#block","cullface":"Know2Good"},
			"up":{"uv":		[13.01,2.01,13.99,2.99],"texture":"#block","cullface":"Know2Good"},
			"north":{"uv":	[13.01,2.01,13.99,2.99],"texture":"#block","cullface":"Know2Good"},
			"south":{"uv":	[13.01,2.01,13.99,2.99],"texture":"#block","cullface":"Know2Good"},
			"west":{"uv":	[13.01,2.01,13.99,2.99],"texture":"#block","cullface":"Know2Good"},
			"east":{"uv":	[13.01,2.01,13.99,2.99],"texture":"#block","cullface":"Know2Good"}
		}
	},
	{
		"type":"cube", //Blade tip to bottom middle
		"from":[12,12,7.25],
		"to":[13,13,8.75],
		"rotation": {"origin": [ 8, 1, 8 ], "axis": "y", "angle": 0 },
		"faces": {
			"down":{"uv":	[12.01,3.01,12.99,3.99],"texture":"#block","cullface":"Know2Good"},
			"up":{"uv":		[12.01,3.01,12.99,3.99],"texture":"#block","cullface":"Know2Good"},
			"north":{"uv":	[12.01,3.01,12.99,3.99],"texture":"#block","cullface":"Know2Good"},
			"south":{"uv":	[12.01,3.01,12.99,3.99],"texture":"#block","cullface":"Know2Good"},
			"west":{"uv":	[12.01,3.01,12.99,3.99],"texture":"#block","cullface":"Know2Good"},
			"east":{"uv":	[12.01,3.01,12.99,3.99],"texture":"#block","cullface":"Know2Good"}
		}
	},
	{
		"type":"cube", //Blade tip to bottom middle
		"from":[11,11,7.25],
		"to":[12,12,8.75],
		"rotation": {"origin": [ 8, 1, 8 ], "axis": "y", "angle": 0 },
		"faces": {
			"down":{"uv":	[11.01,4.01,11.99,4.99],"texture":"#block","cullface":"Know2Good"},
			"up":{"uv":		[11.01,4.01,11.99,4.99],"texture":"#block","cullface":"Know2Good"},
			"north":{"uv":	[11.01,4.01,11.99,4.99],"texture":"#block","cullface":"Know2Good"},
			"south":{"uv":	[11.01,4.01,11.99,4.99],"texture":"#block","cullface":"Know2Good"},
			"west":{"uv":	[11.01,4.01,11.99,4.99],"texture":"#block","cullface":"Know2Good"},
			"east":{"uv":	[11.01,4.01,11.99,4.99],"texture":"#block","cullface":"Know2Good"}
		}
	},
	{
		"type":"cube", //Blade tip to bottom middle
		"from":[10,10,7.25],
		"to":[11,11,8.75],
		"rotation": {"origin": [ 8, 1, 8 ], "axis": "y", "angle": 0 },
		"faces": {
			"down":{"uv":	[10.01,5.01,10.99,5.99],"texture":"#block","cullface":"Know2Good"},
			"up":{"uv":		[10.01,5.01,10.99,5.99],"texture":"#block","cullface":"Know2Good"},
			"north":{"uv":	[10.01,5.01,10.99,5.99],"texture":"#block","cullface":"Know2Good"},
			"south":{"uv":	[10.01,5.01,10.99,5.99],"texture":"#block","cullface":"Know2Good"},
			"west":{"uv":	[10.01,5.01,10.99,5.99],"texture":"#block","cullface":"Know2Good"},
			"east":{"uv":	[10.01,5.01,10.99,5.99],"texture":"#block","cullface":"Know2Good"}
		}
	},
	{
		"type":"cube", //Blade tip to bottom middle
		"from":[9,9,7.25],
		"to":[10,10,8.75],
		"rotation": {"origin": [ 8, 1, 8 ], "axis": "y", "angle": 0 },
		"faces": {
			"down":{"uv":	[9.01,6.01,9.99,6.99],"texture":"#block","cullface":"Know2Good"},
			"up":{"uv":		[9.01,6.01,9.99,6.99],"texture":"#block","cullface":"Know2Good"},
			"north":{"uv":	[9.01,6.01,9.99,6.99],"texture":"#block","cullface":"Know2Good"},
			"south":{"uv":	[9.01,6.01,9.99,6.99],"texture":"#block","cullface":"Know2Good"},
			"west":{"uv":	[9.01,6.01,9.99,6.99],"texture":"#block","cullface":"Know2Good"},
			"east":{"uv":	[9.01,6.01,9.99,6.99],"texture":"#block","cullface":"Know2Good"}
		}
	},
	{
		"type":"cube", //Blade tip to bottom middle
		"from":[8,8,7.25],
		"to":[9,9,8.75],
		"rotation": {"origin": [ 8, 1, 8 ], "axis": "y", "angle": 0 },
		"faces": {
			"down":{"uv":	[8.01,7.01,8.99,7.99],"texture":"#block","cullface":"Know2Good"},
			"up":{"uv":		[8.01,7.01,8.99,7.99],"texture":"#block","cullface":"Know2Good"},
			"north":{"uv":	[8.01,7.01,8.99,7.99],"texture":"#block","cullface":"Know2Good"},
			"south":{"uv":	[8.01,7.01,8.99,7.99],"texture":"#block","cullface":"Know2Good"},
			"west":{"uv":	[8.01,7.01,8.99,7.99],"texture":"#block","cullface":"Know2Good"},
			"east":{"uv":	[8.01,7.01,8.99,7.99],"texture":"#block","cullface":"Know2Good"}
		}
	},
	{
		"type":"cube", //Blade tip to bottom middle
		"from":[7,7,7.25],
		"to":[8,8,8.75],
		"rotation": {"origin": [ 8, 1, 8 ], "axis": "y", "angle": 0 },
		"faces": {
			"down":{"uv":	[7.01,8.01,7.99,8.99],"texture":"#block","cullface":"Know2Good"},
			"up":{"uv":		[7.01,8.01,7.99,8.99],"texture":"#block","cullface":"Know2Good"},
			"north":{"uv":	[7.01,8.01,7.99,8.99],"texture":"#block","cullface":"Know2Good"},
			"south":{"uv":	[7.01,8.01,7.99,8.99],"texture":"#block","cullface":"Know2Good"},
			"west":{"uv":	[7.01,8.01,7.99,8.99],"texture":"#block","cullface":"Know2Good"},
			"east":{"uv":	[7.01,8.01,7.99,8.99],"texture":"#block","cullface":"Know2Good"}
		}
	},
	{
		"type":"cube", //Blade tip to bottom middle
		"from":[6,6,7.25],
		"to":[7,7,8.75],
		"rotation": {"origin": [ 8, 1, 8 ], "axis": "y", "angle": 0 },
		"faces": {
			"down":{"uv":	[6.01,9.01,6.99,9.99],"texture":"#block","cullface":"Know2Good"},
			"up":{"uv":		[6.01,9.01,6.99,9.99],"texture":"#block","cullface":"Know2Good"},
			"north":{"uv":	[6.01,9.01,6.99,9.99],"texture":"#block","cullface":"Know2Good"},
			"south":{"uv":	[6.01,9.01,6.99,9.99],"texture":"#block","cullface":"Know2Good"},
			"west":{"uv":	[6.01,9.01,6.99,9.99],"texture":"#block","cullface":"Know2Good"},
			"east":{"uv":	[6.01,9.01,6.99,9.99],"texture":"#block","cullface":"Know2Good"}
		}
	},
	{
		"type":"cube", //Blade tip to bottom up
		"from":[13,15,7.75],
		"to":[15,16,8.25],
		"rotation": {"origin": [ 8, 1, 8 ], "axis": "y", "angle": 0 },
		"faces": {
			"down":{"uv":	[13.01,0.01,14.99,0.99],"texture":"#block","cullface":"Know2Good"},
			"up":{"uv":		[13.01,0.01,14.99,0.99],"texture":"#block","cullface":"Know2Good"},
			"north":{"uv":	[13.01,0.01,14.99,0.99],"texture":"#block","cullface":"Know2Good","rotation":180},
			"south":{"uv":	[13.01,0.01,14.99,0.99],"texture":"#block","cullface":"Know2Good"},
			"west":{"uv":	[13.01,0.01,13.99,0.99],"texture":"#block","cullface":"Know2Good"},
			"east":{"uv":	[14.01,0.01,14.99,0.99],"texture":"#block","cullface":"Know2Good"}
		}
	},
	{
		"type":"cube", //Blade tip to bottom up
		"from":[12,14,7.75],
		"to":[13,15,8.25],
		"rotation": {"origin": [ 8, 1, 8 ], "axis": "y", "angle": 0 },
		"faces": {
			"down":{"uv":	[12.01,1.01,12.99,1.99],"texture":"#block","cullface":"Know2Good"},
			"up":{"uv":		[12.01,1.01,12.99,1.99],"texture":"#block","cullface":"Know2Good"},
			"north":{"uv":	[12.01,1.01,12.99,1.99],"texture":"#block","cullface":"Know2Good"},
			"south":{"uv":	[12.01,1.01,12.99,1.99],"texture":"#block","cullface":"Know2Good"},
			"west":{"uv":	[12.01,1.01,12.99,1.99],"texture":"#block","cullface":"Know2Good"},
			"east":{"uv":	[12.01,1.01,12.99,1.99],"texture":"#block","cullface":"Know2Good"}
		}
	},
	{
		"type":"cube", //Blade tip to bottom up
		"from":[11,13,7.75],
		"to":[12,14,8.25],
		"rotation": {"origin": [ 8, 1, 8 ], "axis": "y", "angle": 0 },
		"faces": {
			"down":{"uv":	[11.01,2.01,11.99,2.99],"texture":"#block","cullface":"Know2Good"},
			"up":{"uv":		[11.01,2.01,11.99,2.99],"texture":"#block","cullface":"Know2Good"},
			"north":{"uv":	[11.01,2.01,11.99,2.99],"texture":"#block","cullface":"Know2Good"},
			"south":{"uv":	[11.01,2.01,11.99,2.99],"texture":"#block","cullface":"Know2Good"},
			"west":{"uv":	[11.01,2.01,11.99,2.99],"texture":"#block","cullface":"Know2Good"},
			"east":{"uv":	[11.01,2.01,11.99,2.99],"texture":"#block","cullface":"Know2Good"}
		}
	},
	{
		"type":"cube", //Blade tip to bottom up
		"from":[10,12,7.75],
		"to":[11,13,8.25],
		"rotation": {"origin": [ 8, 1, 8 ], "axis": "y", "angle": 0 },
		"faces": {
			"down":{"uv":	[10.01,3.01,10.99,3.99],"texture":"#block","cullface":"Know2Good"},
			"up":{"uv":		[10.01,3.01,10.99,3.99],"texture":"#block","cullface":"Know2Good"},
			"north":{"uv":	[10.01,3.01,10.99,3.99],"texture":"#block","cullface":"Know2Good"},
			"south":{"uv":	[10.01,3.01,10.99,3.99],"texture":"#block","cullface":"Know2Good"},
			"west":{"uv":	[10.01,3.01,10.99,3.99],"texture":"#block","cullface":"Know2Good"},
			"east":{"uv":	[10.01,3.01,10.99,3.99],"texture":"#block","cullface":"Know2Good"}
		}
	},
	{
		"type":"cube", //Blade tip to bottom up
		"from":[9,11,7.75],
		"to":[10,12,8.25],
		"rotation": {"origin": [ 8, 1, 8 ], "axis": "y", "angle": 0 },
		"faces": {
			"down":{"uv":	[9.01,4.01,9.99,4.99],"texture":"#block","cullface":"Know2Good"},
			"up":{"uv":		[9.01,4.01,9.99,4.99],"texture":"#block","cullface":"Know2Good"},
			"north":{"uv":	[9.01,4.01,9.99,4.99],"texture":"#block","cullface":"Know2Good"},
			"south":{"uv":	[9.01,4.01,9.99,4.99],"texture":"#block","cullface":"Know2Good"},
			"west":{"uv":	[9.01,4.01,9.99,4.99],"texture":"#block","cullface":"Know2Good"},
			"east":{"uv":	[9.01,4.01,9.99,4.99],"texture":"#block","cullface":"Know2Good"}
		}
	},
	{
		"type":"cube", //Blade tip to bottom up
		"from":[8,10,7.75],
		"to":[9,11,8.25],
		"rotation": {"origin": [ 8, 1, 8 ], "axis": "y", "angle": 0 },
		"faces": {
			"down":{"uv":	[8.01,5.01,8.99,5.99],"texture":"#block","cullface":"Know2Good"},
			"up":{"uv":		[8.01,5.01,8.99,5.99],"texture":"#block","cullface":"Know2Good"},
			"north":{"uv":	[8.01,5.01,8.99,5.99],"texture":"#block","cullface":"Know2Good"},
			"south":{"uv":	[8.01,5.01,8.99,5.99],"texture":"#block","cullface":"Know2Good"},
			"west":{"uv":	[8.01,5.01,8.99,5.99],"texture":"#block","cullface":"Know2Good"},
			"east":{"uv":	[8.01,5.01,8.99,5.99],"texture":"#block","cullface":"Know2Good"}
		}
	},
	{
		"type":"cube", //Blade tip to bottom up
		"from":[7,9,7.75],
		"to":[8,10,8.25],
		"rotation": {"origin": [ 8, 1, 8 ], "axis": "y", "angle": 0 },
		"faces": {
			"down":{"uv":	[7.01,6.01,7.99,6.99],"texture":"#block","cullface":"Know2Good"},
			"up":{"uv":		[7.01,6.01,7.99,6.99],"texture":"#block","cullface":"Know2Good"},
			"north":{"uv":	[7.01,6.01,7.99,6.99],"texture":"#block","cullface":"Know2Good"},
			"south":{"uv":	[7.01,6.01,7.99,6.99],"texture":"#block","cullface":"Know2Good"},
			"west":{"uv":	[7.01,6.01,7.99,6.99],"texture":"#block","cullface":"Know2Good"},
			"east":{"uv":	[7.01,6.01,7.99,6.99],"texture":"#block","cullface":"Know2Good"}
		}
	},
	{
		"type":"cube", //Blade tip to bottom up
		"from":[6,8,7.75],
		"to":[7,9,8.25],
		"rotation": {"origin": [ 8, 1, 8 ], "axis": "y", "angle": 0 },
		"faces": {
			"down":{"uv":	[6.01,7.01,6.99,7.99],"texture":"#block","cullface":"Know2Good"},
			"up":{"uv":		[6.01,7.01,6.99,7.99],"texture":"#block","cullface":"Know2Good"},
			"north":{"uv":	[6.01,7.01,6.99,7.99],"texture":"#block","cullface":"Know2Good"},
			"south":{"uv":	[6.01,7.01,6.99,7.99],"texture":"#block","cullface":"Know2Good"},
			"west":{"uv":	[6.01,7.01,6.99,7.99],"texture":"#block","cullface":"Know2Good"},
			"east":{"uv":	[6.01,7.01,6.99,7.99],"texture":"#block","cullface":"Know2Good"}
		}
	},
	{
		"type":"cube", //Blade tip to bottom up-middle
		"from":[13,14,7.5],
		"to":[14,15,8.5],
		"rotation": {"origin": [ 8, 1, 8 ], "axis": "y", "angle": 0 },
		"faces": {
			"down":{"uv":	[13.01,1.01,13.99,1.99],"texture":"#block","cullface":"Know2Good"},
			"up":{"uv":		[13.01,1.01,13.99,1.99],"texture":"#block","cullface":"Know2Good"},
			"north":{"uv":	[13.01,1.01,13.99,1.99],"texture":"#block","cullface":"Know2Good"},
			"south":{"uv":	[13.01,1.01,13.99,1.99],"texture":"#block","cullface":"Know2Good"},
			"west":{"uv":	[13.01,1.01,13.99,1.99],"texture":"#block","cullface":"Know2Good"},
			"east":{"uv":	[13.01,1.01,13.99,1.99],"texture":"#block","cullface":"Know2Good"}
		}
	},
	{
		"type":"cube", //Blade tip to bottom up-middle
		"from":[12,13,7.5],
		"to":[13,14,8.5],
		"rotation": {"origin": [ 8, 1, 8 ], "axis": "y", "angle": 0 },
		"faces": {
			"down":{"uv":	[12.01,2.01,12.99,2.99],"texture":"#block","cullface":"Know2Good"},
			"up":{"uv":		[12.01,2.01,12.99,2.99],"texture":"#block","cullface":"Know2Good"},
			"north":{"uv":	[12.01,2.01,12.99,2.99],"texture":"#block","cullface":"Know2Good"},
			"south":{"uv":	[12.01,2.01,12.99,2.99],"texture":"#block","cullface":"Know2Good"},
			"west":{"uv":	[12.01,2.01,12.99,2.99],"texture":"#block","cullface":"Know2Good"},
			"east":{"uv":	[12.01,2.01,12.99,2.99],"texture":"#block","cullface":"Know2Good"}
		}
	},
	{
		"type":"cube", //Blade tip to bottom up-middle
		"from":[11,12,7.5],
		"to":[12,13,8.5],
		"rotation": {"origin": [ 8, 1, 8 ], "axis": "y", "angle": 0 },
		"faces": {
			"down":{"uv":	[11.01,3.01,11.99,3.99],"texture":"#block","cullface":"Know2Good"},
			"up":{"uv":		[11.01,3.01,11.99,3.99],"texture":"#block","cullface":"Know2Good"},
			"north":{"uv":	[11.01,3.01,11.99,3.99],"texture":"#block","cullface":"Know2Good"},
			"south":{"uv":	[11.01,3.01,11.99,3.99],"texture":"#block","cullface":"Know2Good"},
			"west":{"uv":	[11.01,3.01,11.99,3.99],"texture":"#block","cullface":"Know2Good"},
			"east":{"uv":	[11.01,3.01,11.99,3.99],"texture":"#block","cullface":"Know2Good"}
		}
	},
	{
		"type":"cube", //Blade tip to bottom up-middle
		"from":[10,11,7.5],
		"to":[11,12,8.5],
		"rotation": {"origin": [ 8, 1, 8 ], "axis": "y", "angle": 0 },
		"faces": {
			"down":{"uv":	[10.01,4.01,10.99,4.99],"texture":"#block","cullface":"Know2Good"},
			"up":{"uv":		[10.01,4.01,10.99,4.99],"texture":"#block","cullface":"Know2Good"},
			"north":{"uv":	[10.01,4.01,10.99,4.99],"texture":"#block","cullface":"Know2Good"},
			"south":{"uv":	[10.01,4.01,10.99,4.99],"texture":"#block","cullface":"Know2Good"},
			"west":{"uv":	[10.01,4.01,10.99,4.99],"texture":"#block","cullface":"Know2Good"},
			"east":{"uv":	[10.01,4.01,10.99,4.99],"texture":"#block","cullface":"Know2Good"}
		}
	},
	{
		"type":"cube", //Blade tip to bottom up-middle
		"from":[9,10,7.5],
		"to":[10,11,8.5],
		"rotation": {"origin": [ 8, 1, 8 ], "axis": "y", "angle": 0 },
		"faces": {
			"down":{"uv":	[9.01,5.01,9.99,5.99],"texture":"#block","cullface":"Know2Good"},
			"up":{"uv":		[9.01,5.01,9.99,5.99],"texture":"#block","cullface":"Know2Good"},
			"north":{"uv":	[9.01,5.01,9.99,5.99],"texture":"#block","cullface":"Know2Good"},
			"south":{"uv":	[9.01,5.01,9.99,5.99],"texture":"#block","cullface":"Know2Good"},
			"west":{"uv":	[9.01,5.01,9.99,5.99],"texture":"#block","cullface":"Know2Good"},
			"east":{"uv":	[9.01,5.01,9.99,5.99],"texture":"#block","cullface":"Know2Good"}
		}
	},
	{
		"type":"cube", //Blade tip to bottom up-middle
		"from":[8,9,7.5],
		"to":[9,10,8.5],
		"rotation": {"origin": [ 8, 1, 8 ], "axis": "y", "angle": 0 },
		"faces": {
			"down":{"uv":	[8.01,6.01,8.99,6.99],"texture":"#block","cullface":"Know2Good"},
			"up":{"uv":		[8.01,6.01,8.99,6.99],"texture":"#block","cullface":"Know2Good"},
			"north":{"uv":	[8.01,6.01,8.99,6.99],"texture":"#block","cullface":"Know2Good"},
			"south":{"uv":	[8.01,6.01,8.99,6.99],"texture":"#block","cullface":"Know2Good"},
			"west":{"uv":	[8.01,6.01,8.99,6.99],"texture":"#block","cullface":"Know2Good"},
			"east":{"uv":	[8.01,6.01,8.99,6.99],"texture":"#block","cullface":"Know2Good"}
		}
	},
	{
		"type":"cube", //Blade tip to bottom up-middle
		"from":[7,8,7.5],
		"to":[8,9,8.5],
		"rotation": {"origin": [ 8, 1, 8 ], "axis": "y", "angle": 0 },
		"faces": {
			"down":{"uv":	[7.01,7.01,7.99,7.99],"texture":"#block","cullface":"Know2Good"},
			"up":{"uv":		[7.01,7.01,7.99,7.99],"texture":"#block","cullface":"Know2Good"},
			"north":{"uv":	[7.01,7.01,7.99,7.99],"texture":"#block","cullface":"Know2Good"},
			"south":{"uv":	[7.01,7.01,7.99,7.99],"texture":"#block","cullface":"Know2Good"},
			"west":{"uv":	[7.01,7.01,7.99,7.99],"texture":"#block","cullface":"Know2Good"},
			"east":{"uv":	[7.01,7.01,7.99,7.99],"texture":"#block","cullface":"Know2Good"}
		}
	},
	{
		"type":"cube", //Blade tip to bottom up-middle
		"from":[6,7,7.5],
		"to":[7,8,8.5],
		"rotation": {"origin": [ 8, 1, 8 ], "axis": "y", "angle": 0 },
		"faces": {
			"down":{"uv":	[6.01,8.01,6.99,8.99],"texture":"#block","cullface":"Know2Good"},
			"up":{"uv":		[6.01,8.01,6.99,8.99],"texture":"#block","cullface":"Know2Good"},
			"north":{"uv":	[6.01,8.01,6.99,8.99],"texture":"#block","cullface":"Know2Good"},
			"south":{"uv":	[6.01,8.01,6.99,8.99],"texture":"#block","cullface":"Know2Good"},
			"west":{"uv":	[6.01,8.01,6.99,8.99],"texture":"#block","cullface":"Know2Good"},
			"east":{"uv":	[6.01,8.01,6.99,8.99],"texture":"#block","cullface":"Know2Good"}
		}
	},
	{
		"type":"cube", //Blade tip to bottom down
		"from":[15,13,7.75],
		"to":[16,15,8.25],
		"rotation": {"origin": [ 8, 1, 8 ], "axis": "y", "angle": 0 },
		"faces": {
			"down":{"uv":	[15.01,1.01,15.99,1.99],"texture":"#block","cullface":"Know2Good"},
			"up":{"uv":		[15.01,0.01,15.99,0.99],"texture":"#block","cullface":"Know2Good"},
			"north":{"uv":	[15.01,0.01,15.99,1.99],"texture":"#block","cullface":"Know2Good"},
			"south":{"uv":	[15.01,0.01,15.99,1.99],"texture":"#block","cullface":"Know2Good"},
			"west":{"uv":	[15.01,0.01,15.99,1.99],"texture":"#block","cullface":"Know2Good"},
			"east":{"uv":	[15.01,0.01,15.99,1.99],"texture":"#block","cullface":"Know2Good"}
		}
	},
	{
		"type":"cube", //Blade tip to bottom down
		"from":[14,12,7.75],
		"to":[15,13,8.25],
		"rotation": {"origin": [ 8, 1, 8 ], "axis": "y", "angle": 0 },
		"faces": {
			"down":{"uv":	[14.01,3.01,14.99,3.99],"texture":"#block","cullface":"Know2Good"},
			"up":{"uv":		[14.01,3.01,14.99,3.99],"texture":"#block","cullface":"Know2Good"},
			"north":{"uv":	[14.01,3.01,14.99,3.99],"texture":"#block","cullface":"Know2Good"},
			"south":{"uv":	[14.01,3.01,14.99,3.99],"texture":"#block","cullface":"Know2Good"},
			"west":{"uv":	[14.01,3.01,14.99,3.99],"texture":"#block","cullface":"Know2Good"},
			"east":{"uv":	[14.01,3.01,14.99,3.99],"texture":"#block","cullface":"Know2Good"}
		}
	},
	{
		"type":"cube", //Blade tip to bottom down
		"from":[13,11,7.75],
		"to":[14,12,8.25],
		"rotation": {"origin": [ 8, 1, 8 ], "axis": "y", "angle": 0 },
		"faces": {
			"down":{"uv":	[13.01,4.01,13.99,4.99],"texture":"#block","cullface":"Know2Good"},
			"up":{"uv":		[13.01,4.01,13.99,4.99],"texture":"#block","cullface":"Know2Good"},
			"north":{"uv":	[13.01,4.01,13.99,4.99],"texture":"#block","cullface":"Know2Good"},
			"south":{"uv":	[13.01,4.01,13.99,4.99],"texture":"#block","cullface":"Know2Good"},
			"west":{"uv":	[13.01,4.01,13.99,4.99],"texture":"#block","cullface":"Know2Good"},
			"east":{"uv":	[13.01,4.01,13.99,4.99],"texture":"#block","cullface":"Know2Good"}
		}
	},
	{
		"type":"cube", //Blade tip to bottom down
		"from":[12,10,7.75],
		"to":[13,11,8.25],
		"rotation": {"origin": [ 8, 1, 8 ], "axis": "y", "angle": 0 },
		"faces": {
			"down":{"uv":	[12.01,5.01,12.99,5.99],"texture":"#block","cullface":"Know2Good"},
			"up":{"uv":		[12.01,5.01,12.99,5.99],"texture":"#block","cullface":"Know2Good"},
			"north":{"uv":	[12.01,5.01,12.99,5.99],"texture":"#block","cullface":"Know2Good"},
			"south":{"uv":	[12.01,5.01,12.99,5.99],"texture":"#block","cullface":"Know2Good"},
			"west":{"uv":	[12.01,5.01,12.99,5.99],"texture":"#block","cullface":"Know2Good"},
			"east":{"uv":	[12.01,5.01,12.99,5.99],"texture":"#block","cullface":"Know2Good"}
		}
	},
	{
		"type":"cube", //Blade tip to bottom down
		"from":[11,9,7.75],
		"to":[12,10,8.25],
		"rotation": {"origin": [ 8, 1, 8 ], "axis": "y", "angle": 0 },
		"faces": {
			"down":{"uv":	[11.01,6.01,11.99,6.99],"texture":"#block","cullface":"Know2Good"},
			"up":{"uv":		[11.01,6.01,11.99,6.99],"texture":"#block","cullface":"Know2Good"},
			"north":{"uv":	[11.01,6.01,11.99,6.99],"texture":"#block","cullface":"Know2Good"},
			"south":{"uv":	[11.01,6.01,11.99,6.99],"texture":"#block","cullface":"Know2Good"},
			"west":{"uv":	[11.01,6.01,11.99,6.99],"texture":"#block","cullface":"Know2Good"},
			"east":{"uv":	[11.01,6.01,11.99,6.99],"texture":"#block","cullface":"Know2Good"}
		}
	},
	{
		"type":"cube", //Blade tip to bottom down
		"from":[10,8,7.75],
		"to":[11,9,8.25],
		"rotation": {"origin": [ 8, 1, 8 ], "axis": "y", "angle": 0 },
		"faces": {
			"down":{"uv":	[10.01,7.01,10.99,7.99],"texture":"#block","cullface":"Know2Good"},
			"up":{"uv":		[10.01,7.01,10.99,7.99],"texture":"#block","cullface":"Know2Good"},
			"north":{"uv":	[10.01,7.01,10.99,7.99],"texture":"#block","cullface":"Know2Good"},
			"south":{"uv":	[10.01,7.01,10.99,7.99],"texture":"#block","cullface":"Know2Good"},
			"west":{"uv":	[10.01,7.01,10.99,7.99],"texture":"#block","cullface":"Know2Good"},
			"east":{"uv":	[10.01,7.01,10.99,7.99],"texture":"#block","cullface":"Know2Good"}
		}
	},
	{
		"type":"cube", //Blade tip to bottom down
		"from":[9,7,7.75],
		"to":[10,8,8.25],
		"rotation": {"origin": [ 8, 1, 8 ], "axis": "y", "angle": 0 },
		"faces": {
			"down":{"uv":	[9.01,8.01,9.99,8.99],"texture":"#block","cullface":"Know2Good"},
			"up":{"uv":		[9.01,8.01,9.99,8.99],"texture":"#block","cullface":"Know2Good"},
			"north":{"uv":	[9.01,8.01,9.99,8.99],"texture":"#block","cullface":"Know2Good"},
			"south":{"uv":	[9.01,8.01,9.99,8.99],"texture":"#block","cullface":"Know2Good"},
			"west":{"uv":	[9.01,8.01,9.99,8.99],"texture":"#block","cullface":"Know2Good"},
			"east":{"uv":	[9.01,8.01,9.99,8.99],"texture":"#block","cullface":"Know2Good"}
		}
	},
	{
		"type":"cube", //Blade tip to bottom down
		"from":[8,6,7.75],
		"to":[9,7,8.25],
		"rotation": {"origin": [ 8, 1, 8 ], "axis": "y", "angle": 0 },
		"faces": {
			"down":{"uv":	[8.01,9.01,8.99,9.99],"texture":"#block","cullface":"Know2Good"},
			"up":{"uv":		[8.01,9.01,8.99,9.99],"texture":"#block","cullface":"Know2Good"},
			"north":{"uv":	[8.01,9.01,8.99,9.99],"texture":"#block","cullface":"Know2Good"},
			"south":{"uv":	[8.01,9.01,8.99,9.99],"texture":"#block","cullface":"Know2Good"},
			"west":{"uv":	[8.01,9.01,8.99,9.99],"texture":"#block","cullface":"Know2Good"},
			"east":{"uv":	[8.01,9.01,8.99,9.99],"texture":"#block","cullface":"Know2Good"}
		}
	},
	{
		"type":"cube", //Blade tip to bottom down-middle
		"from":[14,13,7.5],
		"to":[15,14,8.5],
		"rotation": {"origin": [ 8, 1, 8 ], "axis": "y", "angle": 0 },
		"faces": {
			"down":{"uv":	[14.01,2.01,14.99,2.99],"texture":"#block","cullface":"Know2Good"},
			"up":{"uv":		[14.01,2.01,14.99,2.99],"texture":"#block","cullface":"Know2Good"},
			"north":{"uv":	[14.01,2.01,14.99,2.99],"texture":"#block","cullface":"Know2Good"},
			"south":{"uv":	[14.01,2.01,14.99,2.99],"texture":"#block","cullface":"Know2Good"},
			"west":{"uv":	[14.01,2.01,14.99,2.99],"texture":"#block","cullface":"Know2Good"},
			"east":{"uv":	[14.01,2.01,14.99,2.99],"texture":"#block","cullface":"Know2Good"}
		}
	},
	{
		"type":"cube", //Blade tip to bottom down-middle
		"from":[13,12,7.5],
		"to":[14,13,8.5],
		"rotation": {"origin": [ 8, 1, 8 ], "axis": "y", "angle": 0 },
		"faces": {
			"down":{"uv":	[13.01,3.01,13.99,3.99],"texture":"#block","cullface":"Know2Good"},
			"up":{"uv":		[13.01,3.01,13.99,3.99],"texture":"#block","cullface":"Know2Good"},
			"north":{"uv":	[13.01,3.01,13.99,3.99],"texture":"#block","cullface":"Know2Good"},
			"south":{"uv":	[13.01,3.01,13.99,3.99],"texture":"#block","cullface":"Know2Good"},
			"west":{"uv":	[13.01,3.01,13.99,3.99],"texture":"#block","cullface":"Know2Good"},
			"east":{"uv":	[13.01,3.01,13.99,3.99],"texture":"#block","cullface":"Know2Good"}
		}
	},
	{
		"type":"cube", //Blade tip to bottom down-middle
		"from":[12,11,7.5],
		"to":[13,12,8.5],
		"rotation": {"origin": [ 8, 1, 8 ], "axis": "y", "angle": 0 },
		"faces": {
			"down":{"uv":	[12.01,4.01,12.99,4.99],"texture":"#block","cullface":"Know2Good"},
			"up":{"uv":		[12.01,4.01,12.99,4.99],"texture":"#block","cullface":"Know2Good"},
			"north":{"uv":	[12.01,4.01,12.99,4.99],"texture":"#block","cullface":"Know2Good"},
			"south":{"uv":	[12.01,4.01,12.99,4.99],"texture":"#block","cullface":"Know2Good"},
			"west":{"uv":	[12.01,4.01,12.99,4.99],"texture":"#block","cullface":"Know2Good"},
			"east":{"uv":	[12.01,4.01,12.99,4.99],"texture":"#block","cullface":"Know2Good"}
		}
	},
	{
		"type":"cube", //Blade tip to bottom down-middle
		"from":[11,10,7.5],
		"to":[12,11,8.5],
		"rotation": {"origin": [ 8, 1, 8 ], "axis": "y", "angle": 0 },
		"faces": {
			"down":{"uv":	[11.01,5.01,11.99,5.99],"texture":"#block","cullface":"Know2Good"},
			"up":{"uv":		[11.01,5.01,11.99,5.99],"texture":"#block","cullface":"Know2Good"},
			"north":{"uv":	[11.01,5.01,11.99,5.99],"texture":"#block","cullface":"Know2Good"},
			"south":{"uv":	[11.01,5.01,11.99,5.99],"texture":"#block","cullface":"Know2Good"},
			"west":{"uv":	[11.01,5.01,11.99,5.99],"texture":"#block","cullface":"Know2Good"},
			"east":{"uv":	[11.01,5.01,11.99,5.99],"texture":"#block","cullface":"Know2Good"}
		}
	},
	{
		"type":"cube", //Blade tip to bottom down-middle
		"from":[10,9,7.5],
		"to":[11,10,8.5],
		"rotation": {"origin": [ 8, 1, 8 ], "axis": "y", "angle": 0 },
		"faces": {
			"down":{"uv":	[10.01,6.01,10.99,6.99],"texture":"#block","cullface":"Know2Good"},
			"up":{"uv":		[10.01,6.01,10.99,6.99],"texture":"#block","cullface":"Know2Good"},
			"north":{"uv":	[10.01,6.01,10.99,6.99],"texture":"#block","cullface":"Know2Good"},
			"south":{"uv":	[10.01,6.01,10.99,6.99],"texture":"#block","cullface":"Know2Good"},
			"west":{"uv":	[10.01,6.01,10.99,6.99],"texture":"#block","cullface":"Know2Good"},
			"east":{"uv":	[10.01,6.01,10.99,6.99],"texture":"#block","cullface":"Know2Good"}
		}
	},
	{
		"type":"cube", //Blade tip to bottom down-middle
		"from":[9,8,7.5],
		"to":[10,9,8.5],
		"rotation": {"origin": [ 8, 1, 8 ], "axis": "y", "angle": 0 },
		"faces": {
			"down":{"uv":	[9.01,7.01,9.99,7.99],"texture":"#block","cullface":"Know2Good"},
			"up":{"uv":		[9.01,7.01,9.99,7.99],"texture":"#block","cullface":"Know2Good"},
			"north":{"uv":	[9.01,7.01,9.99,7.99],"texture":"#block","cullface":"Know2Good"},
			"south":{"uv":	[9.01,7.01,9.99,7.99],"texture":"#block","cullface":"Know2Good"},
			"west":{"uv":	[9.01,7.01,9.99,7.99],"texture":"#block","cullface":"Know2Good"},
			"east":{"uv":	[9.01,7.01,9.99,7.99],"texture":"#block","cullface":"Know2Good"}
		}
	},
	{
		"type":"cube", //Blade tip to bottom down-middle
		"from":[8,7,7.5],
		"to":[9,8,8.5],
		"rotation": {"origin": [ 8, 1, 8 ], "axis": "y", "angle": 0 },
		"faces": {
			"down":{"uv":	[8.01,8.01,8.99,8.99],"texture":"#block","cullface":"Know2Good"},
			"up":{"uv":		[8.01,8.01,8.99,8.99],"texture":"#block","cullface":"Know2Good"},
			"north":{"uv":	[8.01,8.01,8.99,8.99],"texture":"#block","cullface":"Know2Good"},
			"south":{"uv":	[8.01,8.01,8.99,8.99],"texture":"#block","cullface":"Know2Good"},
			"west":{"uv":	[8.01,8.01,8.99,8.99],"texture":"#block","cullface":"Know2Good"},
			"east":{"uv":	[8.01,8.01,8.99,8.99],"texture":"#block","cullface":"Know2Good"}
		}
	},
	{
		"type":"cube", //Blade tip to bottom down-middle
		"from":[7,6,7.5],
		"to":[8,7,8.5],
		"rotation": {"origin": [ 8, 1, 8 ], "axis": "y", "angle": 0 },
		"faces": {
			"down":{"uv":	[7.01,9.01,7.99,9.99],"texture":"#block","cullface":"Know2Good"},
			"up":{"uv":		[7.01,9.01,7.99,9.99],"texture":"#block","cullface":"Know2Good"},
			"north":{"uv":	[7.01,9.01,7.99,9.99],"texture":"#block","cullface":"Know2Good"},
			"south":{"uv":	[7.01,9.01,7.99,9.99],"texture":"#block","cullface":"Know2Good"},
			"west":{"uv":	[7.01,9.01,7.99,9.99],"texture":"#block","cullface":"Know2Good"},
			"east":{"uv":	[7.01,9.01,7.99,9.99],"texture":"#block","cullface":"Know2Good"}
		}
	},
	{
		"type":"cube", //Guard center
		"from":[5,5,7],
		"to":[6,6,9],
		"rotation": {"origin": [ 8, 1, 8 ], "axis": "y", "angle": 0 },
		"faces": {
			"down":{"uv":	[5.01,10.01,5.99,10.99],"texture":"#block","cullface":"Know2Good"},
			"up":{"uv":		[5.01,10.01,5.99,10.99],"texture":"#block","cullface":"Know2Good"},
			"north":{"uv":	[5.01,10.01,5.99,10.99],"texture":"#block","cullface":"Know2Good"},
			"south":{"uv":	[5.01,10.01,5.99,10.99],"texture":"#block","cullface":"Know2Good"},
			"west":{"uv":	[5.01,10.01,5.99,10.99],"texture":"#block","cullface":"Know2Good"},
			"east":{"uv":	[5.01,10.01,5.99,10.99],"texture":"#block","cullface":"Know2Good"}
		}
	},
	{
		"type":"cube", //Guard up center-up
		"from":[5,6,7.25],
		"to":[6,8,8.75],
		"rotation": {"origin": [ 8, 1, 8 ], "axis": "y", "angle": 0 },
		"faces": {
			"down":{"uv":	[5.01,9.01,5.99,9.99],"texture":"#block","cullface":"Know2Good"},
			"up":{"uv":		[5.01,8.01,5.99,8.99],"texture":"#block","cullface":"Know2Good"},
			"north":{"uv":	[5.01,8.01,5.99,9.99],"texture":"#block","cullface":"Know2Good"},
			"south":{"uv":	[5.01,8.01,5.99,9.99],"texture":"#block","cullface":"Know2Good"},
			"west":{"uv":	[5.01,8.01,5.99,9.99],"texture":"#block","cullface":"Know2Good"},
			"east":{"uv":	[5.01,8.01,5.99,9.99],"texture":"#block","cullface":"Know2Good"}
		}
	},
	{
		"type":"cube", //Guard up center-up
		"from":[4,6,7],
		"to":[5,8,9],
		"rotation": {"origin": [ 8, 1, 8 ], "axis": "y", "angle": 0 },
		"faces": {
			"down":{"uv":	[4.01,9.01,4.99,9.99],"texture":"#block","cullface":"Know2Good"},
			"up":{"uv":		[4.01,8.01,4.99,8.99],"texture":"#block","cullface":"Know2Good"},
			"north":{"uv":	[4.01,8.01,4.99,9.99],"texture":"#block","cullface":"Know2Good"},
			"south":{"uv":	[4.01,8.01,4.99,9.99],"texture":"#block","cullface":"Know2Good"},
			"west":{"uv":	[4.01,8.01,4.99,9.99],"texture":"#block","cullface":"Know2Good"},
			"east":{"uv":	[4.01,8.01,4.99,9.99],"texture":"#block","cullface":"Know2Good"}
		}
	},
	{
		"type":"cube", //Guard up center-up
		"from":[3,6,7.25],
		"to":[4,8,8.75],
		"rotation": {"origin": [ 8, 1, 8 ], "axis": "y", "angle": 0 },
		"faces": {
			"down":{"uv":	[3.01,9.01,3.99,9.99],"texture":"#block","cullface":"Know2Good"},
			"up":{"uv":		[3.01,8.01,3.99,8.99],"texture":"#block","cullface":"Know2Good"},
			"north":{"uv":	[3.01,8.01,3.99,9.99],"texture":"#block","cullface":"Know2Good"},
			"south":{"uv":	[3.01,8.01,3.99,9.99],"texture":"#block","cullface":"Know2Good"},
			"west":{"uv":	[3.01,8.01,3.99,9.99],"texture":"#block","cullface":"Know2Good"},
			"east":{"uv":	[3.01,8.01,3.99,9.99],"texture":"#block","cullface":"Know2Good"}
		}
	},
	{
		"type":"cube", //Guard up center-up
		"from":[4,8,7.25],
		"to":[5,9,8.75],
		"rotation": {"origin": [ 8, 1, 8 ], "axis": "y", "angle": 0 },
		"faces": {
			"down":{"uv":	[4.01,7.01,4.99,7.99],"texture":"#block","cullface":"Know2Good"},
			"up":{"uv":		[4.01,7.01,4.99,7.99],"texture":"#block","cullface":"Know2Good"},
			"north":{"uv":	[4.01,7.01,4.99,7.99],"texture":"#block","cullface":"Know2Good"},
			"south":{"uv":	[4.01,7.01,4.99,7.99],"texture":"#block","cullface":"Know2Good"},
			"west":{"uv":	[4.01,7.01,4.99,7.99],"texture":"#block","cullface":"Know2Good"},
			"east":{"uv":	[4.01,7.01,4.99,7.99],"texture":"#block","cullface":"Know2Good"}
		}
	},
	{
		"type":"cube", //Guard up center-up
		"from":[2,9,7.25],
		"to":[4,10,8.75],
		"rotation": {"origin": [ 8, 1, 8 ], "axis": "y", "angle": 0 },
		"faces": {
			"down":{"uv":	[2.01,6.01,3.99,6.99],"texture":"#block","cullface":"Know2Good"},
			"up":{"uv":		[2.01,6.01,3.99,6.99],"texture":"#block","cullface":"Know2Good"},
			"north":{"uv":	[2.01,6.01,3.99,6.99],"texture":"#block","cullface":"Know2Good"},
			"south":{"uv":	[2.01,6.01,3.99,6.99],"texture":"#block","cullface":"Know2Good"},
			"west":{"uv":	[2.01,6.01,3.99,6.99],"texture":"#block","cullface":"Know2Good"},
			"east":{"uv":	[2.01,6.01,3.99,6.99],"texture":"#block","cullface":"Know2Good"}
		}
	},
	{
		"type":"cube", //Guard up center-up
		"from":[3,8,7],
		"to":[4,9,9],
		"rotation": {"origin": [ 8, 1, 8 ], "axis": "y", "angle": 0 },
		"faces": {
			"down":{"uv":	[3.01,7.01,3.99,7.99],"texture":"#block","cullface":"Know2Good"},
			"up":{"uv":		[3.01,7.01,3.99,7.99],"texture":"#block","cullface":"Know2Good"},
			"north":{"uv":	[3.01,7.01,3.99,7.99],"texture":"#block","cullface":"Know2Good"},
			"south":{"uv":	[3.01,7.01,3.99,7.99],"texture":"#block","cullface":"Know2Good"},
			"west":{"uv":	[3.01,7.01,3.99,7.99],"texture":"#block","cullface":"Know2Good"},
			"east":{"uv":	[3.01,7.01,3.99,7.99],"texture":"#block","cullface":"Know2Good"}
		}
	},
	{
		"type":"cube", //Guard up center-up
		"from":[2,8,7.25],
		"to":[3,9,8.75],
		"rotation": {"origin": [ 8, 1, 8 ], "axis": "y", "angle": 0 },
		"faces": {
			"down":{"uv":	[2.01,7.01,2.99,7.99],"texture":"#block","cullface":"Know2Good"},
			"up":{"uv":		[2.01,7.01,2.99,7.99],"texture":"#block","cullface":"Know2Good"},
			"north":{"uv":	[2.01,7.01,2.99,7.99],"texture":"#block","cullface":"Know2Good"},
			"south":{"uv":	[2.01,7.01,2.99,7.99],"texture":"#block","cullface":"Know2Good"},
			"west":{"uv":	[2.01,7.01,2.99,7.99],"texture":"#block","cullface":"Know2Good"},
			"east":{"uv":	[2.01,7.01,2.99,7.99],"texture":"#block","cullface":"Know2Good"}
		}
	},
	{
		"type":"cube", //Guard up center-down
		"from":[6,5,7.25],
		"to":[8,6,8.75],
		"rotation": {"origin": [ 8, 1, 8 ], "axis": "y", "angle": 0 },
		"faces": {
			"down":{"uv":	[6.01,10.01,7.99,10.99],"texture":"#block","cullface":"Know2Good"},
			"up":{"uv":		[6.01,10.01,7.99,10.99],"texture":"#block","cullface":"Know2Good"},
			"north":{"uv":	[6.01,10.01,7.99,10.99],"texture":"#block","cullface":"Know2Good","rotation":180},
			"south":{"uv":	[6.01,10.01,7.99,10.99],"texture":"#block","cullface":"Know2Good"},
			"west":{"uv":	[6.01,10.01,6.99,10.99],"texture":"#block","cullface":"Know2Good"},
			"east":{"uv":	[7.01,10.01,7.99,10.99],"texture":"#block","cullface":"Know2Good"}
		}
	},
	{
		"type":"cube", //Guard up center-down
		"from":[6,4,7],
		"to":[8,5,9],
		"rotation": {"origin": [ 8, 1, 8 ], "axis": "y", "angle": 0 },
		"faces": {
			"down":{"uv":	[6.01,11.01,7.99,11.99],"texture":"#block","cullface":"Know2Good"},
			"up":{"uv":		[6.01,11.01,7.99,11.99],"texture":"#block","cullface":"Know2Good"},
			"north":{"uv":	[6.01,11.01,7.99,11.99],"texture":"#block","cullface":"Know2Good","rotation":180},
			"south":{"uv":	[6.01,11.01,7.99,11.99],"texture":"#block","cullface":"Know2Good"},
			"west":{"uv":	[6.01,11.01,6.99,11.99],"texture":"#block","cullface":"Know2Good"},
			"east":{"uv":	[7.01,11.01,7.99,11.99],"texture":"#block","cullface":"Know2Good"}
		}
	},
	{
		"type":"cube", //Guard up center-down
		"from":[6,3,7.25],
		"to":[8,4,8.75],
		"rotation": {"origin": [ 8, 1, 8 ], "axis": "y", "angle": 0 },
		"faces": {
			"down":{"uv":	[6.01,12.01,7.99,12.99],"texture":"#block","cullface":"Know2Good"},
			"up":{"uv":		[6.01,12.01,7.99,12.99],"texture":"#block","cullface":"Know2Good"},
			"north":{"uv":	[6.01,12.01,7.99,12.99],"texture":"#block","cullface":"Know2Good","rotation":180},
			"south":{"uv":	[6.01,12.01,7.99,12.99],"texture":"#block","cullface":"Know2Good"},
			"west":{"uv":	[6.01,12.01,6.99,12.99],"texture":"#block","cullface":"Know2Good"},
			"east":{"uv":	[7.01,12.01,7.99,12.99],"texture":"#block","cullface":"Know2Good"}
		}
	},
	{
		"type":"cube", //Guard up center-down
		"from":[8,4,7.25],
		"to":[9,5,8.75],
		"rotation": {"origin": [ 8, 1, 8 ], "axis": "y", "angle": 0 },
		"faces": {
			"down":{"uv":	[8.01,11.01,8.99,11.99],"texture":"#block","cullface":"Know2Good"},
			"up":{"uv":		[8.01,11.01,8.99,11.99],"texture":"#block","cullface":"Know2Good"},
			"north":{"uv":	[8.01,11.01,8.99,11.99],"texture":"#block","cullface":"Know2Good"},
			"south":{"uv":	[8.01,11.01,8.99,11.99],"texture":"#block","cullface":"Know2Good"},
			"west":{"uv":	[8.01,11.01,8.99,11.99],"texture":"#block","cullface":"Know2Good"},
			"east":{"uv":	[8.01,11.01,8.99,11.99],"texture":"#block","cullface":"Know2Good"}
		}
	},
	{
		"type":"cube", //Guard up center-down
		"from":[9,2,7.25],
		"to":[10,4,8.75],
		"rotation": {"origin": [ 8, 1, 8 ], "axis": "y", "angle": 0 },
		"faces": {
			"down":{"uv":	[9.01,13.01,9.99,13.99],"texture":"#block","cullface":"Know2Good"},
			"up":{"uv":		[9.01,12.01,9.99,12.99],"texture":"#block","cullface":"Know2Good"},
			"north":{"uv":	[9.01,12.01,9.99,13.99],"texture":"#block","cullface":"Know2Good"},
			"south":{"uv":	[9.01,12.01,9.99,13.99],"texture":"#block","cullface":"Know2Good"},
			"west":{"uv":	[9.01,12.01,9.99,13.99],"texture":"#block","cullface":"Know2Good"},
			"east":{"uv":	[9.01,12.01,9.99,13.99],"texture":"#block","cullface":"Know2Good"}
		}
	},
	{
		"type":"cube", //Guard up center-down
		"from":[8,2,7.25],
		"to":[9,3,8.75],
		"rotation": {"origin": [ 8, 1, 8 ], "axis": "y", "angle": 0 },
		"faces": {
			"down":{"uv":	[8.01,13.01,8.99,13.99],"texture":"#block","cullface":"Know2Good"},
			"up":{"uv":		[8.01,13.01,8.99,13.99],"texture":"#block","cullface":"Know2Good"},
			"north":{"uv":	[8.01,13.01,8.99,13.99],"texture":"#block","cullface":"Know2Good"},
			"south":{"uv":	[8.01,13.01,8.99,13.99],"texture":"#block","cullface":"Know2Good"},
			"west":{"uv":	[8.01,13.01,8.99,13.99],"texture":"#block","cullface":"Know2Good"},
			"east":{"uv":	[8.01,13.01,8.99,13.99],"texture":"#block","cullface":"Know2Good"}
		}
	},
	{
		"type":"cube", //Guard up center-down
		"from":[8,3,7],
		"to":[9,4,9],
		"rotation": {"origin": [ 8, 1, 8 ], "axis": "y", "angle": 0 },
		"faces": {
			"down":{"uv":	[8.01,12.01,8.99,12.99],"texture":"#block","cullface":"Know2Good"},
			"up":{"uv":		[8.01,12.01,8.99,12.99],"texture":"#block","cullface":"Know2Good"},
			"north":{"uv":	[8.01,12.01,8.99,12.99],"texture":"#block","cullface":"Know2Good"},
			"south":{"uv":	[8.01,12.01,8.99,12.99],"texture":"#block","cullface":"Know2Good"},
			"west":{"uv":	[8.01,12.01,8.99,12.99],"texture":"#block","cullface":"Know2Good"},
			"east":{"uv":	[8.01,12.01,8.99,12.99],"texture":"#block","cullface":"Know2Good"}
		}
	},
	{
		"type":"cube", //Handle center up
		"from":[4,5,7.25],
		"to":[5,6,8.75],
		"rotation": {"origin": [ 8, 1, 8 ], "axis": "y", "angle": 0 },
		"faces": {
			"down":{"uv":	[4.01,10.01,4.99,10.99],"texture":"#block","cullface":"Know2Good"},
			"up":{"uv":		[4.01,10.01,4.99,10.99],"texture":"#block","cullface":"Know2Good"},
			"north":{"uv":	[4.01,10.01,4.99,10.99],"texture":"#block","cullface":"Know2Good"},
			"south":{"uv":	[4.01,10.01,4.99,10.99],"texture":"#block","cullface":"Know2Good"},
			"west":{"uv":	[4.01,10.01,4.99,10.99],"texture":"#block","cullface":"Know2Good"},
			"east":{"uv":	[4.01,10.01,4.99,10.99],"texture":"#block","cullface":"Know2Good"}
		}
	},
	{
		"type":"cube", //Handle center up
		"from":[3,4,7.25],
		"to":[4,5,8.75],
		"rotation": {"origin": [ 8, 1, 8 ], "axis": "y", "angle": 0 },
		"faces": {
			"down":{"uv":	[3.01,11.01,3.99,11.99],"texture":"#block","cullface":"Know2Good"},
			"up":{"uv":		[3.01,11.01,3.99,11.99],"texture":"#block","cullface":"Know2Good"},
			"north":{"uv":	[3.01,11.01,3.99,11.99],"texture":"#block","cullface":"Know2Good"},
			"south":{"uv":	[3.01,11.01,3.99,11.99],"texture":"#block","cullface":"Know2Good"},
			"west":{"uv":	[3.01,11.01,3.99,11.99],"texture":"#block","cullface":"Know2Good"},
			"east":{"uv":	[3.01,11.01,3.99,11.99],"texture":"#block","cullface":"Know2Good"}
		}
	},
	{
		"type":"cube", //Handle center up
		"from":[2,3,7.25],
		"to":[3,4,8.75],
		"rotation": {"origin": [ 8, 1, 8 ], "axis": "y", "angle": 0 },
		"faces": {
			"down":{"uv":	[2.01,12.01,2.99,12.99],"texture":"#block","cullface":"Know2Good"},
			"up":{"uv":		[2.01,12.01,2.99,12.99],"texture":"#block","cullface":"Know2Good"},
			"north":{"uv":	[2.01,12.01,2.99,12.99],"texture":"#block","cullface":"Know2Good"},
			"south":{"uv":	[2.01,12.01,2.99,12.99],"texture":"#block","cullface":"Know2Good"},
			"west":{"uv":	[2.01,12.01,2.99,12.99],"texture":"#block","cullface":"Know2Good"},
			"east":{"uv":	[2.01,12.01,2.99,12.99],"texture":"#block","cullface":"Know2Good"}
		}
	},
	{
		"type":"cube", //Handle center
		"from":[4,4,7],
		"to":[5,5,9],
		"rotation": {"origin": [ 8, 1, 8 ], "axis": "y", "angle": 0 },
		"faces": {
			"down":{"uv":	[4.01,11.01,4.99,11.99],"texture":"#block","cullface":"Know2Good"},
			"up":{"uv":		[4.01,11.01,4.99,11.99],"texture":"#block","cullface":"Know2Good"},
			"north":{"uv":	[4.01,11.01,4.99,11.99],"texture":"#block","cullface":"Know2Good"},
			"south":{"uv":	[4.01,11.01,4.99,11.99],"texture":"#block","cullface":"Know2Good"},
			"west":{"uv":	[4.01,11.01,4.99,11.99],"texture":"#block","cullface":"Know2Good"},
			"east":{"uv":	[4.01,11.01,4.99,11.99],"texture":"#block","cullface":"Know2Good"}
		}
	},
	{
		"type":"cube", //Handle center
		"from":[3,3,7],
		"to":[4,4,9],
		"rotation": {"origin": [ 8, 1, 8 ], "axis": "y", "angle": 0 },
		"faces": {
			"down":{"uv":	[3.01,12.01,3.99,12.99],"texture":"#block","cullface":"Know2Good"},
			"up":{"uv":		[3.01,12.01,3.99,12.99],"texture":"#block","cullface":"Know2Good"},
			"north":{"uv":	[3.01,12.01,3.99,12.99],"texture":"#block","cullface":"Know2Good"},
			"south":{"uv":	[3.01,12.01,3.99,12.99],"texture":"#block","cullface":"Know2Good"},
			"west":{"uv":	[3.01,12.01,3.99,12.99],"texture":"#block","cullface":"Know2Good"},
			"east":{"uv":	[3.01,12.01,3.99,12.99],"texture":"#block","cullface":"Know2Good"}
		}
	},
	{
		"type":"cube", //Handle center
		"from":[2,2,7],
		"to":[3,3,9],
		"rotation": {"origin": [ 8, 1, 8 ], "axis": "y", "angle": 0 },
		"faces": {
			"down":{"uv":	[2.01,13.01,2.99,13.99],"texture":"#block","cullface":"Know2Good"},
			"up":{"uv":		[2.01,13.01,2.99,13.99],"texture":"#block","cullface":"Know2Good"},
			"north":{"uv":	[2.01,13.01,2.99,13.99],"texture":"#block","cullface":"Know2Good"},
			"south":{"uv":	[2.01,13.01,2.99,13.99],"texture":"#block","cullface":"Know2Good"},
			"west":{"uv":	[2.01,13.01,2.99,13.99],"texture":"#block","cullface":"Know2Good"},
			"east":{"uv":	[2.01,13.01,2.99,13.99],"texture":"#block","cullface":"Know2Good"}
		}
	},
	{
		"type":"cube", //Handle center
		"from":[1,1,7],
		"to":[2,2,9],
		"rotation": {"origin": [ 8, 1, 8 ], "axis": "y", "angle": 0 },
		"faces": {
			"down":{"uv":	[1.01,14.01,1.99,14.99],"texture":"#block","cullface":"Know2Good"},
			"up":{"uv":		[1.01,14.01,1.99,14.99],"texture":"#block","cullface":"Know2Good"},
			"north":{"uv":	[1.01,14.01,1.99,14.99],"texture":"#block","cullface":"Know2Good"},
			"south":{"uv":	[1.01,14.01,1.99,14.99],"texture":"#block","cullface":"Know2Good"},
			"west":{"uv":	[1.01,14.01,1.99,14.99],"texture":"#block","cullface":"Know2Good"},
			"east":{"uv":	[1.01,14.01,1.99,14.99],"texture":"#block","cullface":"Know2Good"}
		}
	},
	{
		"type":"cube", //Handle center down
		"from":[5,4,7.25],
		"to":[6,5,8.75],
		"rotation": {"origin": [ 8, 1, 8 ], "axis": "y", "angle": 0 },
		"faces": {
			"down":{"uv":	[5.01,11.01,5.99,11.99],"texture":"#block","cullface":"Know2Good"},
			"up":{"uv":		[5.01,11.01,5.99,11.99],"texture":"#block","cullface":"Know2Good"},
			"north":{"uv":	[5.01,11.01,5.99,11.99],"texture":"#block","cullface":"Know2Good"},
			"south":{"uv":	[5.01,11.01,5.99,11.99],"texture":"#block","cullface":"Know2Good"},
			"west":{"uv":	[5.01,11.01,5.99,11.99],"texture":"#block","cullface":"Know2Good"},
			"east":{"uv":	[5.01,11.01,5.99,11.99],"texture":"#block","cullface":"Know2Good"}
		}
	},
	{
		"type":"cube", //Handle center down
		"from":[4,3,7.25],
		"to":[5,4,8.75],
		"rotation": {"origin": [ 8, 1, 8 ], "axis": "y", "angle": 0 },
		"faces": {
			"down":{"uv":	[4.01,12.01,4.99,12.99],"texture":"#block","cullface":"Know2Good"},
			"up":{"uv":		[4.01,12.01,4.99,12.99],"texture":"#block","cullface":"Know2Good"},
			"north":{"uv":	[4.01,12.01,4.99,12.99],"texture":"#block","cullface":"Know2Good"},
			"south":{"uv":	[4.01,12.01,4.99,12.99],"texture":"#block","cullface":"Know2Good"},
			"west":{"uv":	[4.01,12.01,4.99,12.99],"texture":"#block","cullface":"Know2Good"},
			"east":{"uv":	[4.01,12.01,4.99,12.99],"texture":"#block","cullface":"Know2Good"}
		}
	},
	{
		"type":"cube", //Handle center down
		"from":[3,2,7.25],
		"to":[4,3,8.75],
		"rotation": {"origin": [ 8, 1, 8 ], "axis": "y", "angle": 0 },
		"faces": {
			"down":{"uv":	[3.01,13.01,3.99,13.99],"texture":"#block","cullface":"Know2Good"},
			"up":{"uv":		[3.01,13.01,3.99,13.99],"texture":"#block","cullface":"Know2Good"},
			"north":{"uv":	[3.01,13.01,3.99,13.99],"texture":"#block","cullface":"Know2Good"},
			"south":{"uv":	[3.01,13.01,3.99,13.99],"texture":"#block","cullface":"Know2Good"},
			"west":{"uv":	[3.01,13.01,3.99,13.99],"texture":"#block","cullface":"Know2Good"},
			"east":{"uv":	[3.01,13.01,3.99,13.99],"texture":"#block","cullface":"Know2Good"}
		}
	},
	{
		"type":"cube", //Pommel handle center up to down
		"from":[1,2,7.25],
		"to":[2,3,8.75],
		"rotation": {"origin": [ 8, 1, 8 ], "axis": "y", "angle": 0 },
		"faces": {
			"down":{"uv":	[1.01,13.01,1.99,13.99],"texture":"#block","cullface":"Know2Good"},
			"up":{"uv":		[1.01,13.01,1.99,13.99],"texture":"#block","cullface":"Know2Good"},
			"north":{"uv":	[1.01,13.01,1.99,13.99],"texture":"#block","cullface":"Know2Good"},
			"south":{"uv":	[1.01,13.01,1.99,13.99],"texture":"#block","cullface":"Know2Good"},
			"west":{"uv":	[1.01,13.01,1.99,13.99],"texture":"#block","cullface":"Know2Good"},
			"east":{"uv":	[1.01,13.01,1.99,13.99],"texture":"#block","cullface":"Know2Good"}
		}
	},
	{
		"type":"cube", //Pommel handle center up to down
		"from":[0,2,7.25],
		"to":[1,3,8.75],
		"rotation": {"origin": [ 8, 1, 8 ], "axis": "y", "angle": 0 },
		"faces": {
			"down":{"uv":	[0.01,13.01,0.99,13.99],"texture":"#block","cullface":"Know2Good"},
			"up":{"uv":		[0.01,13.01,0.99,13.99],"texture":"#block","cullface":"Know2Good"},
			"north":{"uv":	[0.01,13.01,0.99,13.99],"texture":"#block","cullface":"Know2Good"},
			"south":{"uv":	[0.01,13.01,0.99,13.99],"texture":"#block","cullface":"Know2Good"},
			"west":{"uv":	[0.01,13.01,0.99,13.99],"texture":"#block","cullface":"Know2Good"},
			"east":{"uv":	[0.01,13.01,0.99,13.99],"texture":"#block","cullface":"Know2Good"}
		}
	},
	{
		"type":"cube", //Pommel handle center up to down
		"from":[0,2,7.25],
		"to":[1,3,8.75],
		"rotation": {"origin": [ 8, 1, 8 ], "axis": "y", "angle": 0 },
		"faces": {
			"down":{"uv":	[0.01,13.01,0.99,13.99],"texture":"#block","cullface":"Know2Good"},
			"up":{"uv":		[0.01,13.01,0.99,13.99],"texture":"#block","cullface":"Know2Good"},
			"north":{"uv":	[0.01,13.01,0.99,13.99],"texture":"#block","cullface":"Know2Good"},
			"south":{"uv":	[0.01,13.01,0.99,13.99],"texture":"#block","cullface":"Know2Good"},
			"west":{"uv":	[0.01,13.01,0.99,13.99],"texture":"#block","cullface":"Know2Good"},
			"east":{"uv":	[0.01,13.01,0.99,13.99],"texture":"#block","cullface":"Know2Good"}
		}
	},
	{
		"type":"cube", //Pommel handle center up to down
		"from":[0,1,7.25],
		"to":[1,2,8.75],
		"rotation": {"origin": [ 8, 1, 8 ], "axis": "y", "angle": 0 },
		"faces": {
			"down":{"uv":	[0.01,14.01,0.99,14.99],"texture":"#block","cullface":"Know2Good"},
			"up":{"uv":		[0.01,14.01,0.99,14.99],"texture":"#block","cullface":"Know2Good"},
			"north":{"uv":	[0.01,14.01,0.99,14.99],"texture":"#block","cullface":"Know2Good"},
			"south":{"uv":	[0.01,14.01,0.99,14.99],"texture":"#block","cullface":"Know2Good"},
			"west":{"uv":	[0.01,14.01,0.99,14.99],"texture":"#block","cullface":"Know2Good"},
			"east":{"uv":	[0.01,14.01,0.99,14.99],"texture":"#block","cullface":"Know2Good"}
		}
	},
	{
		"type":"cube", //Pommel handle center up to down
		"from":[0,0,7.25],
		"to":[1,1,8.75],
		"rotation": {"origin": [ 8, 1, 8 ], "axis": "y", "angle": 0 },
		"faces": {
			"down":{"uv":	[0.01,15.01,0.99,15.99],"texture":"#block","cullface":"Know2Good"},
			"up":{"uv":		[0.01,15.01,0.99,15.99],"texture":"#block","cullface":"Know2Good"},
			"north":{"uv":	[0.01,15.01,0.99,15.99],"texture":"#block","cullface":"Know2Good"},
			"south":{"uv":	[0.01,15.01,0.99,15.99],"texture":"#block","cullface":"Know2Good"},
			"west":{"uv":	[0.01,15.01,0.99,15.99],"texture":"#block","cullface":"Know2Good"},
			"east":{"uv":	[0.01,15.01,0.99,15.99],"texture":"#block","cullface":"Know2Good"}
		}
	},
	{
		"type":"cube", //Pommel handle center up to down
		"from":[1,0,7.25],
		"to":[2,1,8.75],
		"rotation": {"origin": [ 8, 1, 8 ], "axis": "y", "angle": 0 },
		"faces": {
			"down":{"uv":	[1.01,15.01,1.99,15.99],"texture":"#block","cullface":"Know2Good"},
			"up":{"uv":		[1.01,15.01,1.99,15.99],"texture":"#block","cullface":"Know2Good"},
			"north":{"uv":	[1.01,15.01,1.99,15.99],"texture":"#block","cullface":"Know2Good"},
			"south":{"uv":	[1.01,15.01,1.99,15.99],"texture":"#block","cullface":"Know2Good"},
			"west":{"uv":	[1.01,15.01,1.99,15.99],"texture":"#block","cullface":"Know2Good"},
			"east":{"uv":	[1.01,15.01,1.99,15.99],"texture":"#block","cullface":"Know2Good"}
		}
	},
	{
		"type":"cube", //Pommel handle center up to down
		"from":[2,0,7.25],
		"to":[3,1,8.75],
		"rotation": {"origin": [ 8, 1, 8 ], "axis": "y", "angle": 0 },
		"faces": {
			"down":{"uv":	[2.01,15.01,2.99,15.99],"texture":"#block","cullface":"Know2Good"},
			"up":{"uv":		[2.01,15.01,2.99,15.99],"texture":"#block","cullface":"Know2Good"},
			"north":{"uv":	[2.01,15.01,2.99,15.99],"texture":"#block","cullface":"Know2Good"},
			"south":{"uv":	[2.01,15.01,2.99,15.99],"texture":"#block","cullface":"Know2Good"},
			"west":{"uv":	[2.01,15.01,2.99,15.99],"texture":"#block","cullface":"Know2Good"},
			"east":{"uv":	[2.01,15.01,2.99,15.99],"texture":"#block","cullface":"Know2Good"}
		}
	},
	{
		"type":"cube", //Pommel handle center up to down
		"from":[2,1,7.25],
		"to":[3,2,8.75],
		"rotation": {"origin": [ 8, 1, 8 ], "axis": "y", "angle": 0 },
		"faces": {
			"down":{"uv":	[2.01,14.01,2.99,14.99],"texture":"#block","cullface":"Know2Good"},
			"up":{"uv":		[2.01,14.01,2.99,14.99],"texture":"#block","cullface":"Know2Good"},
			"north":{"uv":	[2.01,14.01,2.99,14.99],"texture":"#block","cullface":"Know2Good"},
			"south":{"uv":	[2.01,14.01,2.99,14.99],"texture":"#block","cullface":"Know2Good"},
			"west":{"uv":	[2.01,14.01,2.99,14.99],"texture":"#block","cullface":"Know2Good"},
			"east":{"uv":	[2.01,14.01,2.99,14.99],"texture":"#block","cullface":"Know2Good"}
		}
	}
],
"display": {
    "fixed": {
        "rotation": [ -20, 0, 0 ],
        "translation": [ 0, 0, -2 ],
        "scale": [ 2.5, 2.5, 2.5 ]
    },
    "ground": {
        "rotation": [ 0, 0, 0 ],
        "translation": [ 0, 0, 0 ],
        "scale": [ 2, 2, 2 ]
    },
	"thirdperson": {
		"rotation": [ 180, 86, 310 ],
		"translation": [ 0.15, 0.75, -3.75 ],
		"scale": [ 0.9, 0.9, 0.9 ]
	},
	"firstperson": {
		"rotation": [ 0, 45, 45 ],
		"translation": [ 0, 4, 2 ],
		"scale": [ 1.5, 1.5, 1.5 ]
	},
	"gui": {
		"rotation": [ 130, 110, 250 ],
		"translation": [ 0.5, 0.5, -1 ],
		"scale": [ 1.25, 1.25, 1.25 ]
	}
}
}