{
"__comment":"Made by Know2Good, part of the 'Default 3D™' resource pack || Official download page: http://www.planetminecraft.com/texture_pack/default-3d-2985741/ || © Know2Good. All rights reserved. ",
"__comment":"No UV-bleed, OK coordinate, OK texture, OK cullface",
"textures": {
	"block": "blocks/iron_bars",
	"particle":"blocks/iron_bars"
},
"elements":[
	{
		"type":"cube", //Center
		"from":[7,0,7],
		"to":[9,16,9],
		"rotation": {"origin": [ 8, 1, 8 ], "axis": "y", "angle": 0 },
		"faces": {
			"down":{"uv":	[7.01,14.01,8.99,15.99],"texture":"#block","cullface":"Know2Good"},
			"up":{"uv":		[7.01,0.01,8.99,1.99],"texture":"#block","cullface":"Know2Good"},
			"north":{"uv":	[7.01,0.01,8.99,15.99],"texture":"#block","cullface":"Know2Good"},
			"south":{"uv":	[7.01,0.01,8.99,15.99],"texture":"#block","cullface":"Know2Good"},
			"west":{"uv":	[8.99,0.01,7.01,15.99],"texture":"#block","cullface":"Know2Good"},
			"east":{"uv":	[8.99,0.01,7.01,15.99],"texture":"#block","cullface":"Know2Good"}
		}
	},
	{
		"type":"cube", //East
		"from":[12,0,7],
		"to":[14,16,9],
		"rotation": {"origin": [ 8, 1, 8 ], "axis": "y", "angle": 0 },
		"faces": {
			"down":{"uv":	[2.01,14.01,3.99,15.99],"texture":"#block","cullface":"Know2Good"},
			"up":{"uv":		[2.01,0.01,3.99,1.99],"texture":"#block","cullface":"Know2Good"},
			"north":{"uv":	[2.01,0.01,3.99,15.99],"texture":"#block","cullface":"Know2Good"},
			"south":{"uv":	[2.01,0.01,3.99,15.99],"texture":"#block","cullface":"Know2Good"},
			"west":{"uv":	[3.99,0.01,2.01,15.99],"texture":"#block","cullface":"Know2Good"},
			"east":{"uv":	[3.99,0.01,2.01,15.99],"texture":"#block","cullface":"Know2Good"}
		}
	},
	{
		"type":"cube", //East-center
		"from":[9,12,7.5],
		"to":[12,14,8.5],
		"rotation": {"origin": [ 8, 1, 8 ], "axis": "y", "angle": 0 },
		"faces": {
			"down":{"uv":	[4.01,3.01,6.99,3.99],"texture":"#block","cullface":"Know2Good"},
			"up":{"uv":		[4.01,2.01,6.99,2.99],"texture":"#block","cullface":"Know2Good","rotation":180},
			"north":{"uv":	[4.01,2.01,6.99,3.99],"texture":"#block","cullface":"Know2Good"},
			"south":{"uv":	[6.99,2.01,4.01,3.99],"texture":"#block","cullface":"Know2Good"}
		}
	},
	{
		"type":"cube", //East-front
		"from":[14,7,7.5],
		"to":[16,9,8.5],
		"rotation": {"origin": [ 8, 1, 8 ], "axis": "y", "angle": 0 },
		"faces": {
			"down":{"uv":	[0.01,8.01,1.99,8.99],"texture":"#block","cullface":"Know2Good"},
			"up":{"uv":		[0.01,7.01,1.99,7.99],"texture":"#block","cullface":"Know2Good","rotation":180},
			"north":{"uv":	[0.01,7.01,1.99,8.99],"texture":"#block","cullface":"Know2Good"},
			"south":{"uv":	[1.99,7.01,0.01,8.99],"texture":"#block","cullface":"Know2Good"},
			"east":{"uv":	[0.01,7.01,0.99,8.99],"texture":"#block","cullface":"Know2Good"}
		}
	},
	{
		"type":"cube", //West
		"from":[2,0,7],
		"to":[4,16,9],
		"rotation": {"origin": [ 8, 1, 8 ], "axis": "y", "angle": 0 },
		"faces": {
			"down":{"uv":	[12.01,14.01,13.99,15.99],"texture":"#block","cullface":"Know2Good"},
			"up":{"uv":		[12.01,0.01,13.99,1.99],"texture":"#block","cullface":"Know2Good"},
			"north":{"uv":	[12.01,0.01,13.99,15.99],"texture":"#block","cullface":"Know2Good"},
			"south":{"uv":	[12.01,0.01,13.99,15.99],"texture":"#block","cullface":"Know2Good"},
			"west":{"uv":	[13.99,0.01,12.01,15.99],"texture":"#block","cullface":"Know2Good"},
			"east":{"uv":	[13.99,0.01,12.01,15.99],"texture":"#block","cullface":"Know2Good"}
		}
	},
	{
		"type":"cube", //West-center
		"from":[4,2,7.5],
		"to":[7,4,8.5],
		"rotation": {"origin": [ 8, 1, 8 ], "axis": "y", "angle": 0 },
		"faces": {
			"down":{"uv":	[9.01,13.01,11.99,13.99],"texture":"#block","cullface":"Know2Good"},
			"up":{"uv":		[9.01,12.01,11.99,12.99],"texture":"#block","cullface":"Know2Good","rotation":180},
			"north":{"uv":	[9.01,12.01,11.99,13.99],"texture":"#block","cullface":"Know2Good"},
			"south":{"uv":	[11.99,12.01,9.01,13.99],"texture":"#block","cullface":"Know2Good"}
		}
	},
	{
		"type":"cube", //West-front
		"from":[0,7,7.5],
		"to":[2,9,8.5],
		"rotation": {"origin": [ 8, 1, 8 ], "axis": "y", "angle": 0 },
		"faces": {
			"down":{"uv":	[14.01,8.01,15.99,8.99],"texture":"#block","cullface":"Know2Good"},
			"up":{"uv":		[14.01,7.01,15.99,7.99],"texture":"#block","cullface":"Know2Good","rotation":180},
			"north":{"uv":	[14.01,7.01,15.99,8.99],"texture":"#block","cullface":"Know2Good"},
			"south":{"uv":	[15.99,7.01,14.01,8.99],"texture":"#block","cullface":"Know2Good"},
			"west":{"uv":	[15.01,7.01,15.99,8.99],"texture":"#block","cullface":"Know2Good"}
		}
	}
],
"display": {
    "fixed": {
        "rotation": [ -20, 0, 0 ],
        "translation": [ 0, -0.6, -2 ],
        "scale": [ 2, 2, 2 ]
    },
    "ground": {
        "rotation": [ 0, 0, 0 ],
        "translation": [ 0, 0, 0 ],
        "scale": [ 1.5, 1.5, 1.5 ]
    },
	"thirdperson": {
		"rotation": [ 0, 90, 90 ],
		"translation": [ 0, 2.25, -0.5 ],
		"scale": [ 0.5, 0.5, 0.5 ]
	},
	"firstperson": {
		"rotation": [ 0, 90, 0 ],
		"translation": [ -3, 1, 0 ],
		"scale": [ 1, 1, 1 ]
	},
	"gui": {
		"rotation": [ 0, 0, 0 ],
		"translation": [ 0, -0.5, 0 ],
		"scale": [ 1.25, 1.25, 1.25 ]
	}
}
}