{
"__comment":"Made by Know2Good, part of the 'Default 3D™' resource pack || Official download page: http://www.planetminecraft.com/texture_pack/default-3d-2985741/ || © Know2Good. All rights reserved. ",
"textures": {
    "texture": "custom/iron",
	"fluid": "blocks/lava_still",
    "particle": "custom/iron"
},
"elements":[
	{
		"type":"cube", //Bottom center
		"from":[5,0,5],
		"to":[11,1,11],
		"rotation": {"origin": [ 8, 1, 8 ], "axis": "y", "angle": 0 },
		"faces": {
			"down":{"uv":	[5.01,10.99,10.99,5.01],"texture":"#texture","cullface":"Know2Good"},
			"up":{"uv":		[5.01,5.01,10.99,10.99],"texture":"#texture","cullface":"Know2Good"},
			"north":{"uv":	[5.01,5.01,10.99,5.99],"texture":"#texture","cullface":"Know2Good","rotation":180},
			"south":{"uv":	[5.01,10.01,10.99,10.99],"texture":"#texture","cullface":"Know2Good"},
			"west":{"uv":	[5.01,5.01,5.99,10.99],"texture":"#texture","cullface":"Know2Good","rotation":270},
			"east":{"uv":	[10.01,5.01,10.99,10.99],"texture":"#texture","cullface":"Know2Good","rotation":90}
		}
	},
	{
		"type":"cube", //North bottom
		"from":[5,1,4],
		"to":[11,3,5],
		"rotation": {"origin": [ 8, 1, 8 ], "axis": "y", "angle": 0 },
		"faces": {
			"down":{"uv":	[5.01,14.01,10.99,14.99],"texture":"#texture","cullface":"Know2Good"},
			"up":{"uv":		[5.01,13.01,10.99,13.99],"texture":"#texture","cullface":"Know2Good"},
			"north":{"uv":	[10.99,13.01,5.01,14.99],"texture":"#texture","cullface":"Know2Good"},
			"south":{"uv":	[5.01,13.01,10.99,14.99],"texture":"#texture","cullface":"Know2Good"},
			"west":{"uv":	[5.01,13.01,5.99,14.99],"texture":"#texture","cullface":"Know2Good"},
			"east":{"uv":	[10.01,13.01,10.99,14.99],"texture":"#texture","cullface":"Know2Good"}
		}
	},
	{
		"type":"cube", //North middle
		"from":[5,3,3],
		"to":[11,6,4],
		"rotation": {"origin": [ 8, 1, 8 ], "axis": "y", "angle": 0 },
		"faces": {
			"down":{"uv":	[5.01,12.01,10.99,12.99],"texture":"#texture","cullface":"Know2Good"},
			"up":{"uv":		[5.01,10.01,10.99,10.99],"texture":"#texture","cullface":"Know2Good"},
			"north":{"uv":	[10.99,10.01,5.01,12.99],"texture":"#texture","cullface":"Know2Good"},
			"south":{"uv":	[5.01,10.01,10.99,12.99],"texture":"#texture","cullface":"Know2Good"},
			"west":{"uv":	[5.01,10.01,5.99,12.99],"texture":"#texture","cullface":"Know2Good"},
			"east":{"uv":	[10.01,10.01,10.99,1.99],"texture":"#texture","cullface":"Know2Good"}
		}
	},
	{
		"type":"cube", //North top
		"from":[5,6,2],
		"to":[11,10,3],
		"rotation": {"origin": [ 8, 1, 8 ], "axis": "y", "angle": 0 },
		"faces": {
			"down":{"uv":	[5.01,9.01,10.99,9.99],"texture":"#texture","cullface":"Know2Good"},
			"up":{"uv":		[5.01,6.01,10.99,6.99],"texture":"#texture","cullface":"Know2Good"},
			"north":{"uv":	[10.99,6.01,5.01,9.99],"texture":"#texture","cullface":"Know2Good"},
			"south":{"uv":	[5.01,6.01,10.99,9.99],"texture":"#texture","cullface":"Know2Good"},
			"west":{"uv":	[5.01,6.01,5.99,9.99],"texture":"#texture","cullface":"Know2Good"},
			"east":{"uv":	[10.01,6.01,10.99,9.99],"texture":"#texture","cullface":"Know2Good"}
		}
	},
	{
		"type":"cube", //North top top
		"from":[5,10,1],
		"to":[11,11,2],
		"rotation": {"origin": [ 8, 1, 8 ], "axis": "y", "angle": 0 },
		"faces": {
			"down":{"uv":	[5.01,5.01,10.99,5.99],"texture":"#texture","cullface":"Know2Good"},
			"up":{"uv":		[5.01,5.01,10.99,5.99],"texture":"#texture","cullface":"Know2Good"},
			"north":{"uv":	[10.99,5.01,5.01,5.99],"texture":"#texture","cullface":"Know2Good"},
			"south":{"uv":	[5.01,5.01,10.99,5.99],"texture":"#texture","cullface":"Know2Good"},
			"west":{"uv":	[5.01,5.01,5.99,5.99],"texture":"#texture","cullface":"Know2Good"},
			"east":{"uv":	[10.01,5.01,10.99,5.99],"texture":"#texture","cullface":"Know2Good"}
		}
	},
	{
		"type":"cube", //North top top north
		"from":[11,10,2],
		"to":[12,11,3],
		"rotation": {"origin": [ 8, 1, 8 ], "axis": "y", "angle": 0 },
		"faces": {
			"down":{"uv":	[11.01,5.01,11.99,5.99],"texture":"#texture","cullface":"Know2Good"},
			"up":{"uv":		[11.01,5.01,11.99,5.99],"texture":"#texture","cullface":"Know2Good"},
			"north":{"uv":	[11.01,5.01,11.99,5.99],"texture":"#texture","cullface":"Know2Good"},
			"south":{"uv":	[11.01,5.01,11.99,5.99],"texture":"#texture","cullface":"Know2Good"},
			"west":{"uv":	[11.01,5.01,11.99,5.99],"texture":"#texture","cullface":"Know2Good"},
			"east":{"uv":	[11.01,5.01,11.99,5.99],"texture":"#texture","cullface":"Know2Good"}
		}
	},
	{
		"type":"cube", //North top top north east
		"from":[12,10,3],
		"to":[13,11,4],
		"rotation": {"origin": [ 8, 1, 8 ], "axis": "y", "angle": 0 },
		"faces": {
			"down":{"uv":	[12.01,5.01,12.99,5.99],"texture":"#texture","cullface":"Know2Good"},
			"up":{"uv":		[12.01,5.01,12.99,5.99],"texture":"#texture","cullface":"Know2Good"},
			"north":{"uv":	[12.01,5.01,12.99,5.99],"texture":"#texture","cullface":"Know2Good"},
			"south":{"uv":	[12.01,5.01,12.99,5.99],"texture":"#texture","cullface":"Know2Good"},
			"west":{"uv":	[12.01,5.01,12.99,5.99],"texture":"#texture","cullface":"Know2Good"},
			"east":{"uv":	[12.01,5.01,12.99,5.99],"texture":"#texture","cullface":"Know2Good"}
		}
	},
	{
		"type":"cube", //North top top east
		"from":[13,10,4],
		"to":[14,11,5],
		"rotation": {"origin": [ 8, 1, 8 ], "axis": "y", "angle": 0 },
		"faces": {
			"down":{"uv":	[13.01,5.01,13.99,5.99],"texture":"#texture","cullface":"Know2Good"},
			"up":{"uv":		[13.01,5.01,13.99,5.99],"texture":"#texture","cullface":"Know2Good"},
			"north":{"uv":	[13.01,5.01,13.99,5.99],"texture":"#texture","cullface":"Know2Good"},
			"south":{"uv":	[13.01,5.01,13.99,5.99],"texture":"#texture","cullface":"Know2Good"},
			"west":{"uv":	[13.01,5.01,13.99,5.99],"texture":"#texture","cullface":"Know2Good"},
			"east":{"uv":	[13.01,5.01,13.99,5.99],"texture":"#texture","cullface":"Know2Good"}
		}
	},
	{
		"type":"cube", //East bottom
		"from":[11,1,5],
		"to":[12,3,11],
		"rotation": {"origin": [ 8, 1, 8 ], "axis": "y", "angle": 0 },
		"faces": {
			"down":{"uv":	[5.01,14.01,10.99,14.99],"texture":"#texture","cullface":"Know2Good","rotation":270},
			"up":{"uv":		[5.01,13.01,10.99,13.99],"texture":"#texture","cullface":"Know2Good","rotation":90},
			"north":{"uv":	[5.01,13.01,5.99,14.99],"texture":"#texture","cullface":"Know2Good"},
			"south":{"uv":	[10.01,13.01,10.99,14.99],"texture":"#texture","cullface":"Know2Good"},
			"west":{"uv":	[5.01,13.01,10.99,14.99],"texture":"#texture","cullface":"Know2Good"},
			"east":{"uv":	[10.99,13.01,5.01,15.99],"texture":"#texture","cullface":"Know2Good"}
		}
	},
	{
		"type":"cube", //East middle
		"from":[12,3,5],
		"to":[13,6,11],
		"rotation": {"origin": [ 8, 1, 8 ], "axis": "y", "angle": 0 },
		"faces": {
			"down":{"uv":	[5.01,12.01,10.99,12.99],"texture":"#texture","cullface":"Know2Good","rotation":270},
			"up":{"uv":		[5.01,10.01,10.99,10.99],"texture":"#texture","cullface":"Know2Good","rotation":90},
			"north":{"uv":	[5.01,10.01,5.99,12.99],"texture":"#texture","cullface":"Know2Good"},
			"south":{"uv":	[10.01,10.01,10.99,12.99],"texture":"#texture","cullface":"Know2Good"},
			"west":{"uv":	[5.01,10.01,10.99,12.99],"texture":"#texture","cullface":"Know2Good"},
			"east":{"uv":	[10.99,10.01,5.01,12.99],"texture":"#texture","cullface":"Know2Good"}
		}
	},
	{
		"type":"cube", //East top
		"from":[13,6,5],
		"to":[14,10,11],
		"rotation": {"origin": [ 8, 1, 8 ], "axis": "y", "angle": 0 },
		"faces": {
			"down":{"uv":	[5.01,9.01,10.99,9.99],"texture":"#texture","cullface":"Know2Good","rotation":270},
			"up":{"uv":		[5.01,6.01,10.99,6.99],"texture":"#texture","cullface":"Know2Good","rotation":90},
			"north":{"uv":	[5.01,6.01,5.99,9.99],"texture":"#texture","cullface":"Know2Good"},
			"south":{"uv":	[10.01,6.01,10.99,9.99],"texture":"#texture","cullface":"Know2Good"},
			"west":{"uv":	[5.01,6.01,10.99,9.99],"texture":"#texture","cullface":"Know2Good"},
			"east":{"uv":	[10.99,6.01,5.01,9.99],"texture":"#texture","cullface":"Know2Good"}
		}
	},
	{
		"type":"cube", //East top top
		"from":[14,10,5],
		"to":[15,11,11],
		"rotation": {"origin": [ 8, 1, 8 ], "axis": "y", "angle": 0 },
		"faces": {
			"down":{"uv":	[5.01,5.01,10.99,5.99],"texture":"#texture","cullface":"Know2Good","rotation":270},
			"up":{"uv":		[5.01,5.01,10.99,5.99],"texture":"#texture","cullface":"Know2Good","rotation":90},
			"north":{"uv":	[5.01,5.01,5.99,5.99],"texture":"#texture","cullface":"Know2Good"},
			"south":{"uv":	[10.01,5.01,10.99,5.99],"texture":"#texture","cullface":"Know2Good"},
			"west":{"uv":	[5.01,5.01,10.99,5.99],"texture":"#texture","cullface":"Know2Good"},
			"east":{"uv":	[10.99,5.01,5.01,5.99],"texture":"#texture","cullface":"Know2Good"}
		}
	},
	{
		"type":"cube", //East top top east
		"from":[13,10,11],
		"to":[14,11,12],
		"rotation": {"origin": [ 8, 1, 8 ], "axis": "y", "angle": 0 },
		"faces": {
			"down":{"uv":	[11.01,5.01,11.99,5.99],"texture":"#texture","cullface":"Know2Good"},
			"up":{"uv":		[11.01,5.01,11.99,5.99],"texture":"#texture","cullface":"Know2Good"},
			"north":{"uv":	[11.01,5.01,11.99,5.99],"texture":"#texture","cullface":"Know2Good"},
			"south":{"uv":	[11.01,5.01,11.99,5.99],"texture":"#texture","cullface":"Know2Good"},
			"west":{"uv":	[11.01,5.01,11.99,5.99],"texture":"#texture","cullface":"Know2Good"},
			"east":{"uv":	[11.01,5.01,11.99,5.99],"texture":"#texture","cullface":"Know2Good"}
		}
	},
	{
		"type":"cube", //East top top south east
		"from":[12,10,12],
		"to":[13,11,13],
		"rotation": {"origin": [ 8, 1, 8 ], "axis": "y", "angle": 0 },
		"faces": {
			"down":{"uv":	[12.01,5.01,12.99,5.99],"texture":"#texture","cullface":"Know2Good"},
			"up":{"uv":		[12.01,5.01,12.99,5.99],"texture":"#texture","cullface":"Know2Good"},
			"north":{"uv":	[12.01,5.01,12.99,5.99],"texture":"#texture","cullface":"Know2Good"},
			"south":{"uv":	[12.01,5.01,12.99,5.99],"texture":"#texture","cullface":"Know2Good"},
			"west":{"uv":	[12.01,5.01,12.99,5.99],"texture":"#texture","cullface":"Know2Good"},
			"east":{"uv":	[12.01,5.01,12.99,5.99],"texture":"#texture","cullface":"Know2Good"}
		}
	},
	{
		"type":"cube", //East top top south
		"from":[11,10,13],
		"to":[12,11,14],
		"rotation": {"origin": [ 8, 1, 8 ], "axis": "y", "angle": 0 },
		"faces": {
			"down":{"uv":	[13.01,5.01,13.99,5.99],"texture":"#texture","cullface":"Know2Good"},
			"up":{"uv":		[13.01,5.01,13.99,5.99],"texture":"#texture","cullface":"Know2Good"},
			"north":{"uv":	[13.01,5.01,13.99,5.99],"texture":"#texture","cullface":"Know2Good"},
			"south":{"uv":	[13.01,5.01,13.99,5.99],"texture":"#texture","cullface":"Know2Good"},
			"west":{"uv":	[13.01,5.01,13.99,5.99],"texture":"#texture","cullface":"Know2Good"},
			"east":{"uv":	[13.01,5.01,13.99,5.99],"texture":"#texture","cullface":"Know2Good"}
		}
	},
	{
		"type":"cube", //South bottom
		"from":[5,1,11],
		"to":[11,3,12],
		"rotation": {"origin": [ 8, 1, 8 ], "axis": "y", "angle": 0 },
		"faces": {
			"down":{"uv":	[5.01,14.01,10.99,14.99],"texture":"#texture","cullface":"Know2Good","rotation":180},
			"up":{"uv":		[5.01,13.01,10.99,13.99],"texture":"#texture","cullface":"Know2Good","rotation":180},
			"north":{"uv":	[5.01,13.01,10.99,14.99],"texture":"#texture","cullface":"Know2Good"},
			"south":{"uv":	[10.99,13.01,5.01,14.99],"texture":"#texture","cullface":"Know2Good"},
			"west":{"uv":	[10.01,13.01,10.99,14.99],"texture":"#texture","cullface":"Know2Good"},
			"east":{"uv":	[5.01,13.01,5.99,14.99],"texture":"#texture","cullface":"Know2Good"}
		}
	},
	{
		"type":"cube", //South middle
		"from":[5,3,12],
		"to":[11,6,13],
		"rotation": {"origin": [ 8, 1, 8 ], "axis": "y", "angle": 0 },
		"faces": {
			"down":{"uv":	[5.01,12.01,10.99,12.99],"texture":"#texture","cullface":"Know2Good","rotation":180},
			"up":{"uv":		[5.01,10.01,10.99,10.99],"texture":"#texture","cullface":"Know2Good","rotation":180},
			"north":{"uv":	[5.01,10.01,10.99,12.99],"texture":"#texture","cullface":"Know2Good"},
			"south":{"uv":	[10.99,10.01,5.01,12.99],"texture":"#texture","cullface":"Know2Good"},
			"west":{"uv":	[10.01,10.01,10.99,12.99],"texture":"#texture","cullface":"Know2Good"},
			"east":{"uv":	[5.01,10.01,5.99,12.99],"texture":"#texture","cullface":"Know2Good"}
		}
	},
	{
		"type":"cube", //South top
		"from":[5,6,13],
		"to":[11,10,14],
		"rotation": {"origin": [ 8, 1, 8 ], "axis": "y", "angle": 0 },
		"faces": {
			"down":{"uv":	[5.01,9.01,10.99,9.99],"texture":"#texture","cullface":"Know2Good","rotation":180},
			"up":{"uv":		[5.01,6.01,10.99,6.99],"texture":"#texture","cullface":"Know2Good","rotation":180},
			"north":{"uv":	[5.01,6.01,10.99,9.99],"texture":"#texture","cullface":"Know2Good"},
			"south":{"uv":	[10.99,6.01,5.01,9.99],"texture":"#texture","cullface":"Know2Good"},
			"west":{"uv":	[10.01,6.01,10.99,9.99],"texture":"#texture","cullface":"Know2Good"},
			"east":{"uv":	[5.01,6.01,5.99,9.99],"texture":"#texture","cullface":"Know2Good"}
		}
	},
	{
		"type":"cube", //South top top
		"from":[5,10,14],
		"to":[11,11,15],
		"rotation": {"origin": [ 8, 1, 8 ], "axis": "y", "angle": 0 },
		"faces": {
			"down":{"uv":	[5.01,5.01,10.99,5.99],"texture":"#texture","cullface":"Know2Good","rotation":180},
			"up":{"uv":		[5.01,5.01,10.99,5.99],"texture":"#texture","cullface":"Know2Good","rotation":180},
			"north":{"uv":	[5.01,5.01,10.99,5.99],"texture":"#texture","cullface":"Know2Good"},
			"south":{"uv":	[10.99,5.01,5.01,5.99],"texture":"#texture","cullface":"Know2Good"},
			"west":{"uv":	[10.01,5.01,10.99,5.99],"texture":"#texture","cullface":"Know2Good"},
			"east":{"uv":	[5.01,5.01,5.99,5.99],"texture":"#texture","cullface":"Know2Good"}
		}
	},
	{
		"type":"cube", //South top top south
		"from":[4,10,13],
		"to":[5,11,14],
		"rotation": {"origin": [ 8, 1, 8 ], "axis": "y", "angle": 0 },
		"faces": {
			"down":{"uv":	[11.01,5.01,11.99,5.99],"texture":"#texture","cullface":"Know2Good"},
			"up":{"uv":		[11.01,5.01,11.99,5.99],"texture":"#texture","cullface":"Know2Good"},
			"north":{"uv":	[11.01,5.01,11.99,5.99],"texture":"#texture","cullface":"Know2Good"},
			"south":{"uv":	[11.01,5.01,11.99,5.99],"texture":"#texture","cullface":"Know2Good"},
			"west":{"uv":	[11.01,5.01,11.99,5.99],"texture":"#texture","cullface":"Know2Good"},
			"east":{"uv":	[11.01,5.01,11.99,5.99],"texture":"#texture","cullface":"Know2Good"}
		}
	},
	{
		"type":"cube", //South top top south west
		"from":[3,10,12],
		"to":[4,11,13],
		"rotation": {"origin": [ 8, 1, 8 ], "axis": "y", "angle": 0 },
		"faces": {
			"down":{"uv":	[12.01,5.01,12.99,5.99],"texture":"#texture","cullface":"Know2Good"},
			"up":{"uv":		[12.01,5.01,12.99,5.99],"texture":"#texture","cullface":"Know2Good"},
			"north":{"uv":	[12.01,5.01,12.99,5.99],"texture":"#texture","cullface":"Know2Good"},
			"south":{"uv":	[12.01,5.01,12.99,5.99],"texture":"#texture","cullface":"Know2Good"},
			"west":{"uv":	[12.01,5.01,12.99,5.99],"texture":"#texture","cullface":"Know2Good"},
			"east":{"uv":	[12.01,5.01,12.99,5.99],"texture":"#texture","cullface":"Know2Good"}
		}
	},
	{
		"type":"cube", //South top top west
		"from":[2,10,11],
		"to":[3,11,12],
		"rotation": {"origin": [ 8, 1, 8 ], "axis": "y", "angle": 0 },
		"faces": {
			"down":{"uv":	[13.01,5.01,13.99,5.99],"texture":"#texture","cullface":"Know2Good"},
			"up":{"uv":		[13.01,5.01,13.99,5.99],"texture":"#texture","cullface":"Know2Good"},
			"north":{"uv":	[13.01,5.01,13.99,5.99],"texture":"#texture","cullface":"Know2Good"},
			"south":{"uv":	[13.01,5.01,13.99,5.99],"texture":"#texture","cullface":"Know2Good"},
			"west":{"uv":	[13.01,5.01,13.99,5.99],"texture":"#texture","cullface":"Know2Good"},
			"east":{"uv":	[13.01,5.01,13.99,5.99],"texture":"#texture","cullface":"Know2Good"}
		}
	},
	{
		"type":"cube", //West bottom
		"from":[4,1,5],
		"to":[5,3,11],
		"rotation": {"origin": [ 8, 1, 8 ], "axis": "y", "angle": 0 },
		"faces": {
			"down":{"uv":	[5.01,14.01,10.99,14.99],"texture":"#texture","cullface":"Know2Good","rotation":90},
			"up":{"uv":		[5.01,13.01,10.99,13.99],"texture":"#texture","cullface":"Know2Good","rotation":270},
			"north":{"uv":	[10.01,13.01,10.99,14.99],"texture":"#texture","cullface":"Know2Good"},
			"south":{"uv":	[5.01,13.01,5.99,14.99],"texture":"#texture","cullface":"Know2Good"},
			"west":{"uv":	[10.99,13.01,5.01,14.99],"texture":"#texture","cullface":"Know2Good"},
			"east":{"uv":	[5.01,13.01,10.99,14.99],"texture":"#texture","cullface":"Know2Good"}
		}
	},
	{
		"type":"cube", //West middle
		"from":[3,3,5],
		"to":[4,6,11],
		"rotation": {"origin": [ 8, 1, 8 ], "axis": "y", "angle": 0 },
		"faces": {
			"down":{"uv":	[5.01,12.01,10.99,12.99],"texture":"#texture","cullface":"Know2Good","rotation":90},
			"up":{"uv":		[5.01,10.01,10.99,10.99],"texture":"#texture","cullface":"Know2Good","rotation":270},
			"north":{"uv":	[10.01,10.01,10.99,12.99],"texture":"#texture","cullface":"Know2Good"},
			"south":{"uv":	[5.01,10.01,5.99,12.99],"texture":"#texture","cullface":"Know2Good"},
			"west":{"uv":	[10.99,10.01,5.01,12.99],"texture":"#texture","cullface":"Know2Good"},
			"east":{"uv":	[5.01,10.01,10.99,12.99],"texture":"#texture","cullface":"Know2Good"}
		}
	},
	{
		"type":"cube", //West top
		"from":[2,6,5],
		"to":[3,10,11],
		"rotation": {"origin": [ 8, 1, 8 ], "axis": "y", "angle": 0 },
		"faces": {
			"down":{"uv":	[5.01,9.01,10.99,9.99],"texture":"#texture","cullface":"Know2Good","rotation":90},
			"up":{"uv":		[5.01,6.01,10.99,6.99],"texture":"#texture","cullface":"Know2Good","rotation":270},
			"north":{"uv":	[10.01,6.01,10.99,9.99],"texture":"#texture","cullface":"Know2Good"},
			"south":{"uv":	[5.01,6.01,5.99,9.99],"texture":"#texture","cullface":"Know2Good"},
			"west":{"uv":	[10.99,6.01,5.01,9.99],"texture":"#texture","cullface":"Know2Good"},
			"east":{"uv":	[5.01,6.01,10.99,9.99],"texture":"#texture","cullface":"Know2Good"}
		}
	},
	{
		"type":"cube", //West top top
		"from":[1,10,5],
		"to":[2,11,11],
		"rotation": {"origin": [ 8, 1, 8 ], "axis": "y", "angle": 0 },
		"faces": {
			"down":{"uv":	[5.01,5.01,10.99,5.99],"texture":"#texture","cullface":"Know2Good","rotation":90},
			"up":{"uv":		[5.01,5.01,10.99,5.99],"texture":"#texture","cullface":"Know2Good","rotation":270},
			"north":{"uv":	[10.01,5.01,10.99,5.99],"texture":"#texture","cullface":"Know2Good"},
			"south":{"uv":	[5.01,5.01,5.99,5.99],"texture":"#texture","cullface":"Know2Good"},
			"west":{"uv":	[10.99,5.01,5.01,5.99],"texture":"#texture","cullface":"Know2Good"},
			"east":{"uv":	[5.01,5.01,10.99,5.99],"texture":"#texture","cullface":"Know2Good"}
		}
	},
	{
		"type":"cube", //West top top west
		"from":[2,10,4],
		"to":[3,11,5],
		"rotation": {"origin": [ 8, 1, 8 ], "axis": "y", "angle": 0 },
		"faces": {
			"down":{"uv":	[11.01,5.01,11.99,5.99],"texture":"#texture","cullface":"Know2Good"},
			"up":{"uv":		[11.01,5.01,11.99,5.99],"texture":"#texture","cullface":"Know2Good"},
			"north":{"uv":	[11.01,5.01,11.99,5.99],"texture":"#texture","cullface":"Know2Good"},
			"south":{"uv":	[11.01,5.01,11.99,5.99],"texture":"#texture","cullface":"Know2Good"},
			"west":{"uv":	[11.01,5.01,11.99,5.99],"texture":"#texture","cullface":"Know2Good"},
			"east":{"uv":	[11.01,5.01,11.99,5.99],"texture":"#texture","cullface":"Know2Good"}
		}
	},
	{
		"type":"cube", //West top top north west
		"from":[3,10,3],
		"to":[4,11,4],
		"rotation": {"origin": [ 8, 1, 8 ], "axis": "y", "angle": 0 },
		"faces": {
			"down":{"uv":	[12.01,5.01,12.99,5.99],"texture":"#texture","cullface":"Know2Good"},
			"up":{"uv":		[12.01,5.01,12.99,5.99],"texture":"#texture","cullface":"Know2Good"},
			"north":{"uv":	[12.01,5.01,12.99,5.99],"texture":"#texture","cullface":"Know2Good"},
			"south":{"uv":	[12.01,5.01,12.99,5.99],"texture":"#texture","cullface":"Know2Good"},
			"west":{"uv":	[12.01,5.01,12.99,5.99],"texture":"#texture","cullface":"Know2Good"},
			"east":{"uv":	[12.01,5.01,12.99,5.99],"texture":"#texture","cullface":"Know2Good"}
		}
	},
	{
		"type":"cube", //West top top north
		"from":[4,10,2],
		"to":[5,11,3],
		"rotation": {"origin": [ 8, 1, 8 ], "axis": "y", "angle": 0 },
		"faces": {
			"down":{"uv":	[13.01,5.01,13.99,5.99],"texture":"#texture","cullface":"Know2Good"},
			"up":{"uv":		[13.01,5.01,13.99,5.99],"texture":"#texture","cullface":"Know2Good"},
			"north":{"uv":	[13.01,5.01,13.99,5.99],"texture":"#texture","cullface":"Know2Good"},
			"south":{"uv":	[13.01,5.01,13.99,5.99],"texture":"#texture","cullface":"Know2Good"},
			"west":{"uv":	[13.01,5.01,13.99,5.99],"texture":"#texture","cullface":"Know2Good"},
			"east":{"uv":	[13.01,5.01,13.99,5.99],"texture":"#texture","cullface":"Know2Good"}
		}
	},
	{
		"type":"cube", //North-east middle
		"from":[11,3,4],
		"to":[12,6,5],
		"rotation": {"origin": [ 8, 1, 8 ], "axis": "y", "angle": 0 },
		"faces": {
			"down":{"uv":	[11.01,12.01,11.99,12.99],"texture":"#texture","cullface":"Know2Good"},
			"up":{"uv":		[11.01,10.01,11.99,10.99],"texture":"#texture","cullface":"Know2Good"},
			"north":{"uv":	[11.01,10.01,11.99,12.99],"texture":"#texture","cullface":"Know2Good"},
			"south":{"uv":	[11.01,10.01,11.99,12.99],"texture":"#texture","cullface":"Know2Good"},
			"west":{"uv":	[11.01,10.01,11.99,12.99],"texture":"#texture","cullface":"Know2Good"},
			"east":{"uv":	[11.01,10.01,11.99,12.99],"texture":"#texture","cullface":"Know2Good"}
		}
	},
	{
		"type":"cube", //North-east north top
		"from":[11,6,3],
		"to":[12,10,4],
		"rotation": {"origin": [ 8, 1, 8 ], "axis": "y", "angle": 0 },
		"faces": {
			"down":{"uv":	[11.01,9.01,11.99,9.99],"texture":"#texture","cullface":"Know2Good"},
			"up":{"uv":		[11.01,6.01,11.99,6.99],"texture":"#texture","cullface":"Know2Good"},
			"north":{"uv":	[11.01,6.01,11.99,9.99],"texture":"#texture","cullface":"Know2Good"},
			"south":{"uv":	[11.01,6.01,11.99,9.99],"texture":"#texture","cullface":"Know2Good"},
			"west":{"uv":	[11.01,6.01,11.99,9.99],"texture":"#texture","cullface":"Know2Good"},
			"east":{"uv":	[11.01,6.01,11.99,9.99],"texture":"#texture","cullface":"Know2Good"}
		}
	},
	{
		"type":"cube", //North-east east top
		"from":[12,6,4],
		"to":[13,10,5],
		"rotation": {"origin": [ 8, 1, 8 ], "axis": "y", "angle": 0 },
		"faces": {
			"down":{"uv":	[12.01,9.01,12.99,9.99],"texture":"#texture","cullface":"Know2Good"},
			"up":{"uv":		[12.01,6.01,12.99,6.99],"texture":"#texture","cullface":"Know2Good"},
			"north":{"uv":	[12.01,6.01,12.99,9.99],"texture":"#texture","cullface":"Know2Good"},
			"south":{"uv":	[12.01,6.01,12.99,9.99],"texture":"#texture","cullface":"Know2Good"},
			"west":{"uv":	[12.01,6.01,12.99,9.99],"texture":"#texture","cullface":"Know2Good"},
			"east":{"uv":	[12.01,6.01,12.99,9.99],"texture":"#texture","cullface":"Know2Good"}
		}
	},
	{
		"type":"cube", //South-east middle
		"from":[11,3,11],
		"to":[12,6,12],
		"rotation": {"origin": [ 8, 1, 8 ], "axis": "y", "angle": 0 },
		"faces": {
			"down":{"uv":	[11.01,12.01,11.99,12.99],"texture":"#texture","cullface":"Know2Good"},
			"up":{"uv":		[11.01,10.01,11.99,10.99],"texture":"#texture","cullface":"Know2Good"},
			"north":{"uv":	[11.01,10.01,11.99,12.99],"texture":"#texture","cullface":"Know2Good"},
			"south":{"uv":	[11.01,10.01,11.99,12.99],"texture":"#texture","cullface":"Know2Good"},
			"west":{"uv":	[11.01,10.01,11.99,12.99],"texture":"#texture","cullface":"Know2Good"},
			"east":{"uv":	[11.01,10.01,11.99,12.99],"texture":"#texture","cullface":"Know2Good"}
		}
	},
	{
		"type":"cube", //South-east east top
		"from":[12,6,11],
		"to":[13,10,12],
		"rotation": {"origin": [ 8, 1, 8 ], "axis": "y", "angle": 0 },
		"faces": {
			"down":{"uv":	[11.01,9.01,11.99,9.99],"texture":"#texture","cullface":"Know2Good"},
			"up":{"uv":		[11.01,6.01,11.99,6.99],"texture":"#texture","cullface":"Know2Good"},
			"north":{"uv":	[11.01,6.01,11.99,9.99],"texture":"#texture","cullface":"Know2Good"},
			"south":{"uv":	[11.01,6.01,11.99,9.99],"texture":"#texture","cullface":"Know2Good"},
			"west":{"uv":	[11.01,6.01,11.99,9.99],"texture":"#texture","cullface":"Know2Good"},
			"east":{"uv":	[11.01,6.01,11.99,9.99],"texture":"#texture","cullface":"Know2Good"}
		}
	},
	{
		"type":"cube", //South-east south top
		"from":[11,6,12],
		"to":[12,10,13],
		"rotation": {"origin": [ 8, 1, 8 ], "axis": "y", "angle": 0 },
		"faces": {
			"down":{"uv":	[12.01,9.01,12.99,9.99],"texture":"#texture","cullface":"Know2Good"},
			"up":{"uv":		[12.01,6.01,12.99,6.99],"texture":"#texture","cullface":"Know2Good"},
			"north":{"uv":	[12.01,6.01,12.99,9.99],"texture":"#texture","cullface":"Know2Good"},
			"south":{"uv":	[12.01,6.01,12.99,9.99],"texture":"#texture","cullface":"Know2Good"},
			"west":{"uv":	[12.01,6.01,12.99,9.99],"texture":"#texture","cullface":"Know2Good"},
			"east":{"uv":	[12.01,6.01,12.99,9.99],"texture":"#texture","cullface":"Know2Good"}
		}
	},
	{
		"type":"cube", //South-west middle
		"from":[4,3,11],
		"to":[5,6,12],
		"rotation": {"origin": [ 8, 1, 8 ], "axis": "y", "angle": 0 },
		"faces": {
			"down":{"uv":	[11.01,12.01,11.99,12.99],"texture":"#texture","cullface":"Know2Good"},
			"up":{"uv":		[11.01,10.01,11.99,10.99],"texture":"#texture","cullface":"Know2Good"},
			"north":{"uv":	[11.01,10.01,11.99,12.99],"texture":"#texture","cullface":"Know2Good"},
			"south":{"uv":	[11.01,10.01,11.99,12.99],"texture":"#texture","cullface":"Know2Good"},
			"west":{"uv":	[11.01,10.01,11.99,12.99],"texture":"#texture","cullface":"Know2Good"},
			"east":{"uv":	[11.01,10.01,11.99,12.99],"texture":"#texture","cullface":"Know2Good"}
		}
	},
	{
		"type":"cube", //South-west south top
		"from":[4,6,12],
		"to":[5,10,13],
		"rotation": {"origin": [ 8, 1, 8 ], "axis": "y", "angle": 0 },
		"faces": {
			"down":{"uv":	[11.01,9.01,11.99,9.99],"texture":"#texture","cullface":"Know2Good"},
			"up":{"uv":		[11.01,6.01,11.99,6.99],"texture":"#texture","cullface":"Know2Good"},
			"north":{"uv":	[11.01,6.01,11.99,9.99],"texture":"#texture","cullface":"Know2Good"},
			"south":{"uv":	[11.01,6.01,11.99,9.99],"texture":"#texture","cullface":"Know2Good"},
			"west":{"uv":	[11.01,6.01,11.99,9.99],"texture":"#texture","cullface":"Know2Good"},
			"east":{"uv":	[11.01,6.01,11.99,9.99],"texture":"#texture","cullface":"Know2Good"}
		}
	},
	{
		"type":"cube", //South-west wet top
		"from":[3,6,11],
		"to":[4,10,12],
		"rotation": {"origin": [ 8, 1, 8 ], "axis": "y", "angle": 0 },
		"faces": {
			"down":{"uv":	[12.01,9.01,12.99,9.99],"texture":"#texture","cullface":"Know2Good"},
			"up":{"uv":		[12.01,6.01,12.99,6.99],"texture":"#texture","cullface":"Know2Good"},
			"north":{"uv":	[12.01,6.01,12.99,9.99],"texture":"#texture","cullface":"Know2Good"},
			"south":{"uv":	[12.01,6.01,12.99,9.99],"texture":"#texture","cullface":"Know2Good"},
			"west":{"uv":	[12.01,6.01,12.99,9.99],"texture":"#texture","cullface":"Know2Good"},
			"east":{"uv":	[12.01,6.01,12.99,9.99],"texture":"#texture","cullface":"Know2Good"}
		}
	},
	{
		"type":"cube", //North-west middle
		"from":[4,3,4],
		"to":[5,6,5],
		"rotation": {"origin": [ 8, 1, 8 ], "axis": "y", "angle": 0 },
		"faces": {
			"down":{"uv":	[11.01,12.01,11.99,12.99],"texture":"#texture","cullface":"Know2Good"},
			"up":{"uv":		[11.01,10.01,11.99,10.99],"texture":"#texture","cullface":"Know2Good"},
			"north":{"uv":	[11.01,10.01,11.99,12.99],"texture":"#texture","cullface":"Know2Good"},
			"south":{"uv":	[11.01,10.01,11.99,12.99],"texture":"#texture","cullface":"Know2Good"},
			"west":{"uv":	[11.01,10.01,11.99,12.99],"texture":"#texture","cullface":"Know2Good"},
			"east":{"uv":	[11.01,10.01,11.99,12.99],"texture":"#texture","cullface":"Know2Good"}
		}
	},
	{
		"type":"cube", //North-west west top
		"from":[3,6,4],
		"to":[4,10,5],
		"rotation": {"origin": [ 8, 1, 8 ], "axis": "y", "angle": 0 },
		"faces": {
			"down":{"uv":	[11.01,9.01,11.99,9.99],"texture":"#texture","cullface":"Know2Good"},
			"up":{"uv":		[11.01,6.01,11.99,6.99],"texture":"#texture","cullface":"Know2Good"},
			"north":{"uv":	[11.01,6.01,11.99,9.99],"texture":"#texture","cullface":"Know2Good"},
			"south":{"uv":	[11.01,6.01,11.99,9.99],"texture":"#texture","cullface":"Know2Good"},
			"west":{"uv":	[11.01,6.01,11.99,9.99],"texture":"#texture","cullface":"Know2Good"},
			"east":{"uv":	[11.01,6.01,11.99,9.99],"texture":"#texture","cullface":"Know2Good"}
		}
	},
	{
		"type":"cube", //North-west north top
		"from":[4,6,3],
		"to":[5,10,4],
		"rotation": {"origin": [ 8, 1, 8 ], "axis": "y", "angle": 0 },
		"faces": {
			"down":{"uv":	[12.01,9.01,12.99,9.99],"texture":"#texture","cullface":"Know2Good"},
			"up":{"uv":		[12.01,6.01,12.99,6.99],"texture":"#texture","cullface":"Know2Good"},
			"north":{"uv":	[12.01,6.01,12.99,9.99],"texture":"#texture","cullface":"Know2Good"},
			"south":{"uv":	[12.01,6.01,12.99,9.99],"texture":"#texture","cullface":"Know2Good"},
			"west":{"uv":	[12.01,6.01,12.99,9.99],"texture":"#texture","cullface":"Know2Good"},
			"east":{"uv":	[12.01,6.01,12.99,9.99],"texture":"#texture","cullface":"Know2Good"}
		}
	},
	{
		"type":"cube", //North-west north top
		"from":[4,6,3],
		"to":[5,10,4],
		"rotation": {"origin": [ 8, 1, 8 ], "axis": "y", "angle": 0 },
		"faces": {
			"down":{"uv":	[12.01,9.01,12.99,9.99],"texture":"#texture","cullface":"Know2Good"},
			"up":{"uv":		[12.01,6.01,12.99,6.99],"texture":"#texture","cullface":"Know2Good"},
			"north":{"uv":	[12.01,6.01,12.99,9.99],"texture":"#texture","cullface":"Know2Good"},
			"south":{"uv":	[12.01,6.01,12.99,9.99],"texture":"#texture","cullface":"Know2Good"},
			"west":{"uv":	[12.01,6.01,12.99,9.99],"texture":"#texture","cullface":"Know2Good"},
			"east":{"uv":	[12.01,6.01,12.99,9.99],"texture":"#texture","cullface":"Know2Good"}
		}
	},
	{
		"type":"cube", //Fluid north south
		"from":[4,9.5,3],
		"to":[12,9.5,13],
		"rotation": {"origin": [ 8, 1, 8 ], "axis": "y", "angle": 0 },
		"faces": {
			"up":{"uv":		[4.01,3.01,11.99,12.99],"texture":"#fluid","cullface":"Know2Good"}
		}
	},
	{
		"type":"cube", //Fluid west east
		"from":[3,9.5,4],
		"to":[13,9.5,12],
		"rotation": {"origin": [ 8, 1, 8 ], "axis": "y", "angle": 0 },
		"faces": {
			"up":{"uv":		[3.01,4.01,12.99,11.99],"texture":"#fluid","cullface":"Know2Good"}
		}
	}
],
"display": {
    "fixed": {
        "rotation": [ -20, 0, 0 ],
        "translation": [ 0, 1, 0 ],
        "scale": [ 2, 2, 2 ]
    },
    "ground": {
        "rotation": [ 0, 0, 0 ],
        "translation": [ 0, 0, 0 ],
        "scale": [ 2, 2, 2 ]
    },
	"thirdperson": {
		"rotation": [ 0, 90, -151 ],
		"translation": [ 0, 1, -3 ],
		"scale": [ 0.5, 0.5, 0.5 ]
	},
	"firstperson": {
		"rotation": [ 0, 90, 0 ],
		"translation": [ 0, 0, 0 ],
		"scale": [ 1.25, 1.25, 1.25 ]
	},
	"gui": {
		"rotation": [ 0, 0, 0 ],
		"translation": [ 0, 0.5, 0 ],
		"scale": [ 1.2, 1.2, 1.2 ]
	}
}
}