{
"__comment":"Made by Know2Good, part of the 'Default 3D™' resource pack || Official download page: http://www.planetminecraft.com/texture_pack/default-3d-2985741/ || © Know2Good. All rights reserved. ",
"textures": {
	"block": "blocks/reeds",
	"particle":"blocks/reeds"
},
"elements":[
	{
		"type":"cube", //First reed
		"from":[1,-2,1],
		"to":[3,14,3],
		"rotation": {"origin": [ 8, 1, 8 ], "axis": "y", "angle": 0 },
		"faces": {
			"down":{"uv":[1,2,3,4],"texture":"#block","cullface":"down","tintindex":0},
			"up":{"uv":[3,2,1,4],"texture":"#block","cullface":"Know2Good","tintindex":0},
			"north":{"uv":[1,0,3,16],"texture":"#block","cullface":"Know2Good","tintindex":0},
			"south":{"uv":[1,0,3,16],"texture":"#block","cullface":"Know2Good","tintindex":0},
			"west":{"uv":[3,0,1,16],"texture":"#block","cullface":"Know2Good","tintindex":0},
			"east":{"uv":[3,0,1,16],"texture":"#block","cullface":"Know2Good","tintindex":0}
		}
	},
	{
		"type":"cube", //Second reed
		"from":[12,-4,2],
		"to":[13,12,4],
		"rotation": {"origin": [ 8, 1, 8 ], "axis": "y", "angle": 0 },
		"faces": {
			"down":{"uv":[1,2,2,4],"texture":"#block","cullface":"down","tintindex":0},
			"up":{"uv":[13,0,15,1],"texture":"#block","cullface":"Know2Good","rotation":90,"tintindex":0},
			"north":{"uv":[13,0,14,16],"texture":"#block","cullface":"Know2Good","tintindex":0},
			"south":{"uv":[14,0,15,16],"texture":"#block","cullface":"Know2Good","tintindex":0},
			"west":{"uv":[13,0,15,16],"texture":"#block","cullface":"Know2Good","tintindex":0},
			"east":{"uv":[15,0,13,16],"texture":"#block","cullface":"Know2Good","tintindex":0}
		}
	},
	{
		"type":"cube", //Third reed
		"from":[7,-2,4],
		"to":[9,14,6],
		"rotation": {"origin": [ 8, 1, 8 ], "axis": "y", "angle": 0 },
		"faces": {
			"down":{"uv":[1,2,3,4],"texture":"#block","cullface":"down","tintindex":0},
			"up":{"uv":[3,2,1,4],"texture":"#block","cullface":"Know2Good","tintindex":0},
			"north":{"uv":[5,0,7,16],"texture":"#block","cullface":"Know2Good","tintindex":0},
			"south":{"uv":[5,0,7,16],"texture":"#block","cullface":"Know2Good","tintindex":0},
			"west":{"uv":[7,0,5,16],"texture":"#block","cullface":"Know2Good","tintindex":0},
			"east":{"uv":[7,0,5,16],"texture":"#block","cullface":"Know2Good","tintindex":0}
		}
	},
	{
		"type":"cube", //Fourth reed
		"from":[3,0,5],
		"to":[4,16,7],
		"rotation": {"origin": [ 8, 1, 8 ], "axis": "y", "angle": 0 },
		"faces": {
			"down":{"uv":[2,2,3,4],"texture":"#block","cullface":"down","tintindex":0},
			"up":{"uv":[5,0,7,1],"texture":"#block","cullface":"Know2Good","rotation":90,"tintindex":0},
			"north":{"uv":[5,0,6,16],"texture":"#block","cullface":"Know2Good","tintindex":0},
			"south":{"uv":[6,0,7,16],"texture":"#block","cullface":"Know2Good","tintindex":0},
			"west":{"uv":[5,0,7,16],"texture":"#block","cullface":"Know2Good","tintindex":0},
			"east":{"uv":[7,0,5,16],"texture":"#block","cullface":"Know2Good","tintindex":0}
		}
	},
	{
		"type":"cube", //Fifth reed
		"from":[13,0,7],
		"to":[15,16,9],
		"rotation": {"origin": [ 8, 1, 8 ], "axis": "y", "angle": 0 },
		"faces": {
			"down":{"uv":[1,2,3,4],"texture":"#block","cullface":"down","tintindex":0},
			"up":{"uv":[3,2,1,4],"texture":"#block","cullface":"Know2Good","tintindex":0},
			"north":{"uv":[9,0,11,16],"texture":"#block","cullface":"Know2Good","tintindex":0},
			"south":{"uv":[9,0,11,16],"texture":"#block","cullface":"Know2Good","tintindex":0},
			"west":{"uv":[11,0,9,16],"texture":"#block","cullface":"Know2Good","tintindex":0},
			"east":{"uv":[11,0,9,16],"texture":"#block","cullface":"Know2Good","tintindex":0}
		}
	},
	{
		"type":"cube", //Sixth reed
		"from":[9,-2,9],
		"to":[11,14,10],
		"rotation": {"origin": [ 8, 1, 8 ], "axis": "y", "angle": 0 },
		"faces": {
			"down":{"uv":[2,2,3,4],"texture":"#block","cullface":"down","tintindex":0},
			"up":{"uv":[13,0,15,1],"texture":"#block","cullface":"Know2Good","tintindex":0},
			"north":{"uv":[15,0,13,16],"texture":"#block","cullface":"Know2Good","tintindex":0},
			"south":{"uv":[13,0,15,16],"texture":"#block","cullface":"Know2Good","tintindex":0},
			"west":{"uv":[13,0,14,16],"texture":"#block","cullface":"Know2Good","tintindex":0},
			"east":{"uv":[14,0,15,16],"texture":"#block","cullface":"Know2Good","tintindex":0}
		}
	},
	{
		"type":"cube", //Seventh reed
		"from":[4,-4,10],
		"to":[6,12,12],
		"rotation": {"origin": [ 8, 1, 8 ], "axis": "y", "angle": 0 },
		"faces": {
			"down":{"uv":[1,2,3,4],"texture":"#block","cullface":"down","tintindex":0},
			"up":{"uv":[3,2,1,4],"texture":"#block","cullface":"Know2Good","tintindex":0},
			"north":{"uv":[13,0,15,16],"texture":"#block","cullface":"Know2Good","tintindex":0},
			"south":{"uv":[13,0,15,16],"texture":"#block","cullface":"Know2Good","tintindex":0},
			"west":{"uv":[15,0,13,16],"texture":"#block","cullface":"Know2Good","tintindex":0},
			"east":{"uv":[15,0,13,16],"texture":"#block","cullface":"Know2Good","tintindex":0}
		}
	},
	{
		"type":"cube", //Eight reed
		"from":[13,-3,11],
		"to":[14,13,13],
		"rotation": {"origin": [ 8, 1, 8 ], "axis": "y", "angle": 0 },
		"faces": {
			"down":{"uv":[2,2,3,4],"texture":"#block","cullface":"down","tintindex":0},
			"up":{"uv":[1,0,3,1],"texture":"#block","cullface":"Know2Good","rotation":90,"tintindex":0},
			"north":{"uv":[1,0,2,16],"texture":"#block","cullface":"Know2Good","tintindex":0},
			"south":{"uv":[2,0,3,16],"texture":"#block","cullface":"Know2Good","tintindex":0},
			"west":{"uv":[1,0,3,16],"texture":"#block","cullface":"Know2Good","tintindex":0},
			"east":{"uv":[3,0,1,16],"texture":"#block","cullface":"Know2Good","tintindex":0}
		}
	},
	{
		"type":"cube", //Ninth reed
		"from":[5,-1,13],
		"to":[7,15,14],
		"rotation": {"origin": [ 8, 1, 8 ], "axis": "y", "angle": 0 },
		"faces": {
			"down":{"uv":[1,2,2,4],"texture":"#block","cullface":"down","tintindex":0},
			"up":{"uv":[9,0,11,1],"texture":"#block","cullface":"Know2Good","tintindex":0},
			"north":{"uv":[11,0,9,16],"texture":"#block","cullface":"Know2Good","tintindex":0},
			"south":{"uv":[9,0,11,16],"texture":"#block","cullface":"Know2Good","tintindex":0},
			"west":{"uv":[9,0,10,16],"texture":"#block","cullface":"Know2Good","tintindex":0},
			"east":{"uv":[10,0,11,16],"texture":"#block","cullface":"Know2Good","tintindex":0}
		}
	},
	{
		"type":"cube", //Tenth reed
		"from":[10,-1,13],
		"to":[12,15,15],
		"rotation": {"origin": [ 8, 1, 8 ], "axis": "y", "angle": 0 },
		"faces": {
			"down":{"uv":[1,2,3,4],"texture":"#block","cullface":"down","tintindex":0},
			"up":{"uv":[3,2,1,4],"texture":"#block","cullface":"Know2Good","tintindex":0},
			"north":{"uv":[5,0,7,16],"texture":"#block","cullface":"Know2Good","tintindex":0},
			"south":{"uv":[5,0,7,16],"texture":"#block","cullface":"Know2Good","tintindex":0},
			"west":{"uv":[7,0,5,16],"texture":"#block","cullface":"Know2Good","tintindex":0},
			"east":{"uv":[7,0,5,16],"texture":"#block","cullface":"Know2Good","tintindex":0}
		}
	}
],
"display": {
	"thirdperson": {
		"rotation": [ 45, 90, 270 ],
		"translation": [ 0.1, 0.5, -3.5 ],
		"scale": [ 0.30, 0.50, 0.25 ]
	},
	"firstperson": {
		"rotation": [ 0, 0, 0 ],
		"translation": [ 1, 2, 1.5 ],
		"scale": [ 1, 1, 1 ]
	},
	"gui": {
		"rotation": [ 0, 0, 0 ],
		"translation": [ 0, 1, 0 ],
		"scale": [ 1, 1, 1 ]
	}
}
}