{
"__comment":"Made by Know2Good, part of the 'Default 3D™' resource pack || Official download page: http://www.planetminecraft.com/texture_pack/default-3d-2985741/ || © Know2Good. All rights reserved. ",
"__comment":"No UV-bleed, OK coordinate, OK texture, OK cullface",
"ambientocclusion": false,
"textures": {
	"blockTop": "blocks/door_spruce_upper",
	"blockBottom": "blocks/door_spruce_lower",
	"particle":"blocks/door_spruce_lower"
},
"elements":[
	{
		"type":"cube", //The inner block
		"from":[0.75,16,1],
		"to":[2.25,31.998,16],
		"rotation": {"origin": [ 8, 1, 8 ], "axis": "y", "angle": 0 },
		"faces": {
			"up":{"uv":		[1.01,0.01,15.99,0.99],"texture":"#blockTop","cullface":"Know2Good","rotation":90},
			"south":{"uv":	[15.01,0.01,15.99,15.99],"texture":"#blockTop","cullface":"Know2Good"},
			"west":{"uv":	[1.01,0.01,15.99,15.99],"texture":"#blockTop","cullface":"Know2Good"},
			"east":{"uv":	[15.99,0.01,1.01,15.99],"texture":"#blockTop","cullface":"Know2Good"}
		}
	},
	{
		"type":"cube", //Bottom hinge
		"from":[-0.25,16,-0.25],
		"to":[3.25,17.002,1],
		"rotation": {"origin": [ 8, 1, 8 ], "axis": "y", "angle": 0 },
		"faces": {
			"up":{"uv":		[0.01,15.01,0.99,15.99],"texture":"#blockTop","cullface":"Know2Good","rotation":90},
			"down":{"uv":	[0.01,15.01,0.99,15.99],"texture":"#blockTop","cullface":"Know2Good","rotation":270},
			"north":{"uv":	[0.01,15.01,0.99,15.99],"texture":"#blockTop","cullface":"Know2Good"},
			"south":{"uv":	[0.01,15.01,0.99,15.99],"texture":"#blockTop","cullface":"Know2Good"},
			"west":{"uv":	[0.01,15.01,0.99,15.99],"texture":"#blockTop","cullface":"Know2Good"},
			"east":{"uv":	[0.99,15.01,0.01,15.99],"texture":"#blockTop","cullface":"Know2Good"}
		}
	},
	{
		"type":"cube", //Top hinge
		"from":[-0.25,26,-0.25],
		"to":[3.25,28.002,1],
		"rotation": {"origin": [ 8, 1, 8 ], "axis": "y", "angle": 0 },
		"faces": {
			"up":{"uv":		[0.01,4.01,0.99,4.99],"texture":"#blockTop","cullface":"Know2Good","rotation":90},
			"down":{"uv":	[0.01,5.01,0.99,5.99],"texture":"#blockTop","cullface":"Know2Good","rotation":270},
			"north":{"uv":	[0.01,4.01,0.99,5.99],"texture":"#blockTop","cullface":"Know2Good"},
			"south":{"uv":	[0.01,4.01,0.99,5.99],"texture":"#blockTop","cullface":"Know2Good"},
			"west":{"uv":	[0.01,4.01,0.99,5.99],"texture":"#blockTop","cullface":"Know2Good"},
			"east":{"uv":	[0.99,4.01,0.01,5.99],"texture":"#blockTop","cullface":"Know2Good"}
		}
	},
	{
		"type":"cube", //Middle hinge side
		"from":[1,16.001,0],
		"to":[2,32,1],
		"rotation": {"origin": [ 8, 1, 8 ], "axis": "y", "angle": 0 },
		"faces": {
			"up":{"uv":		[1.01,0.01,1.99,0.99],"texture":"#blockTop","cullface":"Know2Good"},
			"north":{"uv":	[1.01,0.01,1.99,15.99],"texture":"#blockTop","cullface":"Know2Good"}
		}
	},
	{
		"type":"cube", //Hinge side (east)
		"from":[2,16,0],
		"to":[3,32,3],
		"rotation": {"origin": [ 8, 1, 8 ], "axis": "y", "angle": 0 },
		"faces": {
			"up":{"uv":		[0.01,0.01,2.99,0.99],"texture":"#blockTop","cullface":"Know2Good","rotation":90},
			"north":{"uv":	[0.01,0.01,0.99,15.99],"texture":"#blockTop","cullface":"Know2Good"},
			"south":{"uv":	[2.01,0.01,2.99,15.99],"texture":"#blockTop","cullface":"Know2Good"},
			"east":{"uv":	[2.99,0.01,0.01,15.99],"texture":"#blockTop","cullface":"Know2Good"}
		}
	},
	{
		"type":"cube", //Hinge side (west)
		"from":[0,16,0],
		"to":[1,32,3],
		"rotation": {"origin": [ 8, 1, 8 ], "axis": "y", "angle": 0 },
		"faces": {
			"up":{"uv":		[0.01,0.01,2.99,0.99],"texture":"#blockTop","cullface":"Know2Good","rotation":90},
			"north":{"uv":	[0.01,0.01,0.99,15.99],"texture":"#blockTop","cullface":"Know2Good"},
			"south":{"uv":	[2.01,0.01,2.99,15.99],"texture":"#blockTop","cullface":"Know2Good"},
			"west":{"uv":	[0.01,0.01,2.99,15.99],"texture":"#blockTop","cullface":"Know2Good"}
		}
	},
	{
		"type":"cube", //First vertical log
		"from":[0,16,4],
		"to":[3,32,6],
		"rotation": {"origin": [ 8, 1, 8 ], "axis": "y", "angle": 0 },
		"faces": {
			"up":{"uv":		[4.01,0.01,5.99,0.99],"texture":"#blockTop","cullface":"Know2Good","rotation":90},
			"north":{"uv":	[4.01,0.01,4.99,15.99],"texture":"#blockTop","cullface":"Know2Good"},
			"south":{"uv":	[5.01,0.01,5.99,15.99],"texture":"#blockTop","cullface":"Know2Good"},
			"west":{"uv":	[4.01,0.01,5.99,15.99],"texture":"#blockTop","cullface":"Know2Good"},
			"east":{"uv":	[5.99,0.01,4.01,15.99],"texture":"#blockTop","cullface":"Know2Good"}
		}
	},
	{
		"type":"cube", //Second vertical log
		"from":[0,16,7],
		"to":[3,32,9],
		"rotation": {"origin": [ 8, 1, 8 ], "axis": "y", "angle": 0 },
		"faces": {
			"up":{"uv":		[7.01,0.01,8.99,0.99],"texture":"#blockTop","cullface":"Know2Good","rotation":90},
			"north":{"uv":	[7.01,0.01,7.99,15.99],"texture":"#blockTop","cullface":"Know2Good"},
			"south":{"uv":	[8.01,0.01,8.99,15.99],"texture":"#blockTop","cullface":"Know2Good"},
			"west":{"uv":	[7.01,0.01,8.99,15.99],"texture":"#blockTop","cullface":"Know2Good"},
			"east":{"uv":	[8.99,0.01,7.01,15.99],"texture":"#blockTop","cullface":"Know2Good"}
		}
	},
	{
		"type":"cube", //Third vertical log
		"from":[0,16,10],
		"to":[3,32,12],
		"rotation": {"origin": [ 8, 1, 8 ], "axis": "y", "angle": 0 },
		"faces": {
			"up":{"uv":		[10.01,0.01,11.99,0.99],"texture":"#blockTop","cullface":"Know2Good","rotation":90},
			"north":{"uv":	[10.01,0.01,10.99,15.99],"texture":"#blockTop","cullface":"Know2Good"},
			"south":{"uv":	[11.01,0.01,11.99,15.99],"texture":"#blockTop","cullface":"Know2Good"},
			"west":{"uv":	[10.01,0.01,11.99,15.99],"texture":"#blockTop","cullface":"Know2Good"},
			"east":{"uv":	[11.99,0.01,10.01,15.99],"texture":"#blockTop","cullface":"Know2Good"}
		}
	},
	{
		"type":"cube", //Fourth vertical log
		"from":[0,16,13],
		"to":[3,32,15],
		"rotation": {"origin": [ 8, 1, 8 ], "axis": "y", "angle": 0 },
		"faces": {
			"up":{"uv":		[13.01,0.01,14.99,0.99],"texture":"#blockTop","cullface":"Know2Good","rotation":90},
			"north":{"uv":	[13.01,0.01,13.99,15.99],"texture":"#blockTop","cullface":"Know2Good"},
			"south":{"uv":	[14.01,0.01,14.99,15.99],"texture":"#blockTop","cullface":"Know2Good"},
			"west":{"uv":	[13.01,0.01,14.99,15.99],"texture":"#blockTop","cullface":"Know2Good"},
			"east":{"uv":	[14.99,0.01,13.01,15.99],"texture":"#blockTop","cullface":"Know2Good"}
		}
	},
	{
		"type":"cube", //Metal safety 1.1
		"from":[-0.2,16,-0.2],
		"to":[3.2,17,3.2],
		"rotation": {"origin": [ 8, 1, 8 ], "axis": "y", "angle": 0 },
		"faces": {
			"up":{"uv":		[0.01,15.01,2.99,15.99],"texture":"#blockTop","cullface":"Know2Good","rotation":90},
			"down":{"uv":	[0.01,15.01,2.99,15.99],"texture":"#blockTop","cullface":"Know2Good","rotation":270},
			"north":{"uv":	[0.01,15.01,0.99,15.99],"texture":"#blockTop","cullface":"Know2Good"},
			"south":{"uv":	[2.01,15.01,2.99,15.99],"texture":"#blockTop","cullface":"Know2Good"},
			"west":{"uv":	[0.01,15.01,2.99,15.99],"texture":"#blockTop","cullface":"Know2Good"},
			"east":{"uv":	[2.99,15.01,0.01,15.99],"texture":"#blockTop","cullface":"Know2Good"}
		}
	},
	{
		"type":"cube", //Metal safety 2.1
		"from":[-0.2,16,3.8],
		"to":[3.2,17,6.2],
		"rotation": {"origin": [ 8, 1, 8 ], "axis": "y", "angle": 0 },
		"faces": {
			"up":{"uv":		[4.01,15.01,5.99,15.99],"texture":"#blockTop","cullface":"Know2Good","rotation":90},
			"down":{"uv":	[4.01,15.01,5.99,15.99],"texture":"#blockTop","cullface":"Know2Good","rotation":270},
			"north":{"uv":	[4.01,15.01,4.99,15.99],"texture":"#blockTop","cullface":"Know2Good"},
			"south":{"uv":	[5.01,15.01,5.99,15.99],"texture":"#blockTop","cullface":"Know2Good"},
			"west":{"uv":	[4.01,15.01,5.99,15.99],"texture":"#blockTop","cullface":"Know2Good"},
			"east":{"uv":	[5.99,15.01,4.01,15.99],"texture":"#blockTop","cullface":"Know2Good"}
		}
	},
	{
		"type":"cube", //Metal safety 3.1
		"from":[-0.2,16,6.8],
		"to":[3.2,17,9.2],
		"rotation": {"origin": [ 8, 1, 8 ], "axis": "y", "angle": 0 },
		"faces": {
			"up":{"uv":		[7.01,15.01,8.99,15.99],"texture":"#blockTop","cullface":"Know2Good","rotation":90},
			"down":{"uv":	[7.01,15.01,8.99,15.99],"texture":"#blockTop","cullface":"Know2Good","rotation":270},
			"north":{"uv":	[7.01,15.01,7.99,15.99],"texture":"#blockTop","cullface":"Know2Good"},
			"south":{"uv":	[8.01,15.01,8.99,15.99],"texture":"#blockTop","cullface":"Know2Good"},
			"west":{"uv":	[7.01,15.01,8.99,15.99],"texture":"#blockTop","cullface":"Know2Good"},
			"east":{"uv":	[8.99,15.01,7.01,15.99],"texture":"#blockTop","cullface":"Know2Good"}
		}
	},
	{
		"type":"cube", //Metal safety 4.1
		"from":[-0.2,16,9.8],
		"to":[3.2,17,12.2],
		"rotation": {"origin": [ 8, 1, 8 ], "axis": "y", "angle": 0 },
		"faces": {
			"up":{"uv":		[10.01,15.01,11.99,15.99],"texture":"#blockTop","cullface":"Know2Good","rotation":90},
			"down":{"uv":	[10.01,15.01,11.99,15.99],"texture":"#blockTop","cullface":"Know2Good","rotation":270},
			"north":{"uv":	[10.01,15.01,10.99,15.99],"texture":"#blockTop","cullface":"Know2Good"},
			"south":{"uv":	[11.01,15.01,11.99,15.99],"texture":"#blockTop","cullface":"Know2Good"},
			"west":{"uv":	[10.01,15.01,11.99,15.99],"texture":"#blockTop","cullface":"Know2Good"},
			"east":{"uv":	[11.99,15.01,10.01,15.99],"texture":"#blockTop","cullface":"Know2Good"}
		}
	},
	{
		"type":"cube", //Metal safety 5.1
		"from":[-0.2,16,12.8],
		"to":[3.2,17,15.2],
		"rotation": {"origin": [ 8, 1, 8 ], "axis": "y", "angle": 0 },
		"faces": {
			"up":{"uv":		[13.01,15.01,14.99,15.99],"texture":"#blockTop","cullface":"Know2Good","rotation":90},
			"down":{"uv":	[13.01,15.01,14.99,15.99],"texture":"#blockTop","cullface":"Know2Good","rotation":270},
			"north":{"uv":	[13.01,15.01,13.99,15.99],"texture":"#blockTop","cullface":"Know2Good"},
			"south":{"uv":	[14.01,15.01,14.99,15.99],"texture":"#blockTop","cullface":"Know2Good"},
			"west":{"uv":	[13.01,15.01,14.99,15.99],"texture":"#blockTop","cullface":"Know2Good"},
			"east":{"uv":	[14.99,15.01,13.01,15.99],"texture":"#blockTop","cullface":"Know2Good"}
		}
	},
	{
		"type":"cube", //Metal safety 1.2
		"from":[-0.2,27,-0.2],
		"to":[3.2,28,3.2],
		"rotation": {"origin": [ 8, 1, 8 ], "axis": "y", "angle": 0 },
		"faces": {
			"up":{"uv":		[0.01,4.01,2.99,4.99],"texture":"#blockTop","cullface":"Know2Good","rotation":90},
			"down":{"uv":	[0.01,4.01,2.99,4.99],"texture":"#blockTop","cullface":"Know2Good","rotation":270},
			"north":{"uv":	[0.01,4.01,0.99,4.99],"texture":"#blockTop","cullface":"Know2Good"},
			"south":{"uv":	[2.01,4.01,2.99,4.99],"texture":"#blockTop","cullface":"Know2Good"},
			"west":{"uv":	[0.01,4.01,2.99,4.99],"texture":"#blockTop","cullface":"Know2Good"},
			"east":{"uv":	[2.99,4.01,0.01,4.99],"texture":"#blockTop","cullface":"Know2Good"}
		}
	},
	{
		"type":"cube", //Metal safety 2.2
		"from":[-0.2,28,3.8],
		"to":[3.2,28,6.2],
		"rotation": {"origin": [ 8, 1, 8 ], "axis": "y", "angle": 0 },
		"faces": {
			"up":{"uv":		[4.01,4.01,5.99,4.99],"texture":"#blockTop","cullface":"Know2Good","rotation":90},
			"down":{"uv":	[4.01,4.01,5.99,4.99],"texture":"#blockTop","cullface":"Know2Good","rotation":270},
			"north":{"uv":	[4.01,4.01,4.99,4.99],"texture":"#blockTop","cullface":"Know2Good"},
			"south":{"uv":	[5.01,4.01,5.99,4.99],"texture":"#blockTop","cullface":"Know2Good"},
			"west":{"uv":	[4.01,4.01,5.99,4.99],"texture":"#blockTop","cullface":"Know2Good"},
			"east":{"uv":	[5.99,4.01,4.01,4.99],"texture":"#blockTop","cullface":"Know2Good"}
		}
	},
	{
		"type":"cube", //Metal safety 3.2
		"from":[-0.2,27,6.8],
		"to":[3.2,28,9.2],
		"rotation": {"origin": [ 8, 1, 8 ], "axis": "y", "angle": 0 },
		"faces": {
			"up":{"uv":		[7.01,4.01,8.99,4.99],"texture":"#blockTop","cullface":"Know2Good","rotation":90},
			"down":{"uv":	[7.01,4.01,8.99,4.99],"texture":"#blockTop","cullface":"Know2Good","rotation":270},
			"north":{"uv":	[7.01,4.01,7.99,4.99],"texture":"#blockTop","cullface":"Know2Good"},
			"south":{"uv":	[8.01,4.01,8.99,4.99],"texture":"#blockTop","cullface":"Know2Good"},
			"west":{"uv":	[7.01,4.01,8.99,4.99],"texture":"#blockTop","cullface":"Know2Good"},
			"east":{"uv":	[8.99,4.01,7.01,4.99],"texture":"#blockTop","cullface":"Know2Good"}
		}
	},
	{
		"type":"cube", //Metal safety 4.2
		"from":[-0.2,27,9.8],
		"to":[3.2,28,12.2],
		"rotation": {"origin": [ 8, 1, 8 ], "axis": "y", "angle": 0 },
		"faces": {
			"up":{"uv":		[10.01,4.01,11.99,4.99],"texture":"#blockTop","cullface":"Know2Good","rotation":90},
			"down":{"uv":	[10.01,4.01,11.99,4.99],"texture":"#blockTop","cullface":"Know2Good","rotation":270},
			"north":{"uv":	[10.01,4.01,10.99,4.99],"texture":"#blockTop","cullface":"Know2Good"},
			"south":{"uv":	[11.01,4.01,11.99,4.99],"texture":"#blockTop","cullface":"Know2Good"},
			"west":{"uv":	[10.01,4.01,11.99,4.99],"texture":"#blockTop","cullface":"Know2Good"},
			"east":{"uv":	[11.99,4.01,10.01,4.99],"texture":"#blockTop","cullface":"Know2Good"}
		}
	},
	{
		"type":"cube", //Metal safety 5.2
		"from":[-0.2,27,12.8],
		"to":[3.2,28,15.2],
		"rotation": {"origin": [ 8, 1, 8 ], "axis": "y", "angle": 0 },
		"faces": {
			"up":{"uv":		[13.01,4.01,14.99,4.99],"texture":"#blockTop","cullface":"Know2Good","rotation":90},
			"down":{"uv":	[13.01,4.01,14.99,4.99],"texture":"#blockTop","cullface":"Know2Good","rotation":270},
			"north":{"uv":	[13.01,4.01,13.99,4.99],"texture":"#blockTop","cullface":"Know2Good"},
			"south":{"uv":	[14.01,4.01,14.99,4.99],"texture":"#blockTop","cullface":"Know2Good"},
			"west":{"uv":	[13.01,4.01,14.99,4.99],"texture":"#blockTop","cullface":"Know2Good"},
			"east":{"uv":	[14.99,4.01,13.01,4.99],"texture":"#blockTop","cullface":"Know2Good"}
		}
	},
	{
		"type":"cube", //The inner block
		"from":[0.75,0,1],
		"to":[2.25,16,16],
		"rotation": {"origin": [ 8, 1, 8 ], "axis": "y", "angle": 0 },
		"faces": {
			"down":{"uv":	[1.01,15.01,15.99,15.99],"texture":"#blockBottom","cullface":"Know2Good","rotation":270},
			"south":{"uv":	[15.01,0.01,15.99,15.99],"texture":"#blockBottom","cullface":"Know2Good"},
			"west":{"uv":	[1.01,0.01,15.99,15.99],"texture":"#blockBottom","cullface":"Know2Good"},
			"east":{"uv":	[15.99,0.01,1.01,15.99],"texture":"#blockBottom","cullface":"Know2Good"}
		}
	},
	{
		"type":"cube", //Bottom hinge
		"from":[-0.25,4,-0.25],
		"to":[3.25,6.002,1],
		"rotation": {"origin": [ 8, 1, 8 ], "axis": "y", "angle": 0 },
		"faces": {
			"up":{"uv":		[0.01,10.01,0.99,10.99],"texture":"#blockBottom","cullface":"Know2Good","rotation":90},
			"down":{"uv":	[0.01,11.01,0.99,11.99],"texture":"#blockBottom","cullface":"Know2Good","rotation":270},
			"north":{"uv":	[0.01,10.01,0.99,11.99],"texture":"#blockBottom","cullface":"Know2Good"},
			"south":{"uv":	[0.01,10.01,0.99,11.99],"texture":"#blockBottom","cullface":"Know2Good"},
			"west":{"uv":	[0.01,10.01,0.99,11.99],"texture":"#blockBottom","cullface":"Know2Good"},
			"east":{"uv":	[0.99,10.01,0.01,11.99],"texture":"#blockBottom","cullface":"Know2Good"}
		}
	},
	{
		"type":"cube", //Top hinge
		"from":[-0.25,15,-0.25],
		"to":[3.25,16,1],
		"rotation": {"origin": [ 8, 1, 8 ], "axis": "y", "angle": 0 },
		"faces": {
			"up":{"uv":		[0.01,0.01,0.99,0.99],"texture":"#blockBottom","cullface":"Know2Good","rotation":90},
			"down":{"uv":	[0.01,0.01,0.99,0.99],"texture":"#blockBottom","cullface":"Know2Good","rotation":270},
			"north":{"uv":	[0.01,0.01,0.99,0.99],"texture":"#blockBottom","cullface":"Know2Good"},
			"south":{"uv":	[0.01,0.01,0.99,0.99],"texture":"#blockBottom","cullface":"Know2Good"},
			"west":{"uv":	[0.01,0.01,0.99,0.99],"texture":"#blockBottom","cullface":"Know2Good"},
			"east":{"uv":	[0.99,0.01,0.01,0.99],"texture":"#blockBottom","cullface":"Know2Good"}
		}
	},
	{
		"type":"cube", //Middle hinge side
		"from":[1,0,0],
		"to":[2,16,1],
		"rotation": {"origin": [ 8, 1, 8 ], "axis": "y", "angle": 0 },
		"faces": {
			"down":{"uv":	[1.01,15.01,0.99,15.99],"texture":"#blockBottom","cullface":"Know2Good","rotation":270},
			"north":{"uv":	[1.01,0.01,0.99,15.99],"texture":"#blockBottom","cullface":"Know2Good"}
		}
	},
	{
		"type":"cube", //Hinge side (east)
		"from":[2,0,0],
		"to":[3,16,3],
		"rotation": {"origin": [ 8, 1, 8 ], "axis": "y", "angle": 0 },
		"faces": {
			"down":{"uv":	[0.01,15.01,2.99,15.99],"texture":"#blockBottom","cullface":"Know2Good","rotation":270},
			"north":{"uv":	[0.01,0.01,0.99,15.99],"texture":"#blockBottom","cullface":"Know2Good"},
			"south":{"uv":	[2.01,0.01,2.99,15.99],"texture":"#blockBottom","cullface":"Know2Good"},
			"east":{"uv":	[2.99,0.01,0.01,15.99],"texture":"#blockBottom","cullface":"Know2Good"}
		}
	},
	{
		"type":"cube", //Hinge side (west)
		"from":[0,0,0],
		"to":[1,16,3],
		"rotation": {"origin": [ 8, 1, 8 ], "axis": "y", "angle": 0 },
		"faces": {
			"down":{"uv":	[0.01,15.01,2.99,15.99],"texture":"#blockBottom","cullface":"Know2Good","rotation":270},
			"north":{"uv":	[0.01,0.01,0.99,15.99],"texture":"#blockBottom","cullface":"Know2Good"},
			"south":{"uv":	[2.01,0.01,2.99,15.99],"texture":"#blockBottom","cullface":"Know2Good"},
			"west":{"uv":	[0.01,0.01,2.99,15.99],"texture":"#blockBottom","cullface":"Know2Good"}
		}
	},
	{
		"type":"cube", //First vertical log
		"from":[0,0.002,4],
		"to":[3,16,6],
		"rotation": {"origin": [ 8, 1, 8 ], "axis": "y", "angle": 0 },
		"faces": {
			"down":{"uv":	[4.01,15.01,5.99,15.99],"texture":"#blockBottom","cullface":"Know2Good","rotation":270},
			"north":{"uv":	[4.01,0.01,4.99,15.99],"texture":"#blockBottom","cullface":"Know2Good"},
			"south":{"uv":	[5.01,0.01,5.99,15.99],"texture":"#blockBottom","cullface":"Know2Good"},
			"west":{"uv":	[4.01,0.01,5.99,15.99],"texture":"#blockBottom","cullface":"Know2Good"},
			"east":{"uv":	[5.99,0.01,4.01,15.99],"texture":"#blockBottom","cullface":"Know2Good"}
		}
	},
	{
		"type":"cube", //Second vertical log
		"from":[0,0.002,7],
		"to":[3,16,9],
		"rotation": {"origin": [ 8, 1, 8 ], "axis": "y", "angle": 0 },
		"faces": {
			"down":{"uv":	[7.01,15.01,8.99,15.99],"texture":"#blockBottom","cullface":"Know2Good","rotation":270},
			"north":{"uv":	[7.01,0.01,7.99,15.99],"texture":"#blockBottom","cullface":"Know2Good"},
			"south":{"uv":	[8.01,0.01,8.99,15.99],"texture":"#blockBottom","cullface":"Know2Good"},
			"west":{"uv":	[7.01,0.01,8.99,15.99],"texture":"#blockBottom","cullface":"Know2Good"},
			"east":{"uv":	[8.99,0.01,7.01,15.99],"texture":"#blockBottom","cullface":"Know2Good"}
		}
	},
	{
		"type":"cube", //Third vertical log
		"from":[0,0.002,10],
		"to":[3,16,12],
		"rotation": {"origin": [ 8, 1, 8 ], "axis": "y", "angle": 0 },
		"faces": {
			"down":{"uv":	[10.01,15.01,11.99,15.99],"texture":"#blockBottom","cullface":"Know2Good","rotation":270},
			"north":{"uv":	[10.01,0.01,10.99,15.99],"texture":"#blockBottom","cullface":"Know2Good"},
			"south":{"uv":	[11.01,0.01,11.99,15.99],"texture":"#blockBottom","cullface":"Know2Good"},
			"west":{"uv":	[10.01,0.01,11.99,15.99],"texture":"#blockBottom","cullface":"Know2Good"},
			"east":{"uv":	[11.99,0.01,10.01,15.99],"texture":"#blockBottom","cullface":"Know2Good"}
		}
	},
	{
		"type":"cube", //Fourth vertical log
		"from":[0,0.002,13],
		"to":[3,16,15],
		"rotation": {"origin": [ 8, 1, 8 ], "axis": "y", "angle": 0 },
		"faces": {
			"down":{"uv":	[13.01,15.01,14.99,15.99],"texture":"#blockBottom","cullface":"Know2Good","rotation":270},
			"north":{"uv":	[13.01,0.01,13.99,15.99],"texture":"#blockBottom","cullface":"Know2Good"},
			"south":{"uv":	[14.01,0.01,14.99,15.99],"texture":"#blockBottom","cullface":"Know2Good"},
			"west":{"uv":	[13.01,0.01,14.99,15.99],"texture":"#blockBottom","cullface":"Know2Good"},
			"east":{"uv":	[14.99,0.01,13.01,15.99],"texture":"#blockBottom","cullface":"Know2Good"}
		}
	},
	{
		"type":"cube", //Prevent handle 1
		"from":[0.749,0,12],
		"to":[2.251,16.02,13],
		"rotation": {"origin": [ 8, 1, 8 ], "axis": "y", "angle": 0 },
		"faces": {
			"west":{"uv":	[3.01,0.01,3.99,15.99],"texture":"#blockBottom","cullface":"Know2Good"},
			"east":{"uv":	[3.01,0.01,3.99,15.99],"texture":"#blockBottom","cullface":"Know2Good"}
		}
	},
	{
		"type":"cube", //Prevent handle 2
		"from":[0,11.98,11.999],
		"to":[3,13.02,12.001],
		"rotation": {"origin": [ 8, 1, 8 ], "axis": "y", "angle": 0 },
		"faces": {
			"south":{"uv":	[10.01,4.01,10.99,4.99],"texture":"#blockBottom","cullface":"Know2Good"}
		}
	},
	{
		"type":"cube", //Prevent handle 3
		"from":[0,14.98,11.999],
		"to":[3,16.02,12.001],
		"rotation": {"origin": [ 8, 1, 8 ], "axis": "y", "angle": 0 },
		"faces": {
			"south":{"uv":	[10.01,4.01,10.99,4.99],"texture":"#blockBottom","cullface":"Know2Good"}
		}
	},
	{
		"type":"cube", //Prevent handle 4
		"from":[0,12.98,12.999],
		"to":[3,15.01,13.001],
		"rotation": {"origin": [ 8, 1, 8 ], "axis": "y", "angle": 0 },
		"faces": {
			"north":{"uv":	[14.01,1.01,14.99,2.99],"texture":"#blockBottom","cullface":"Know2Good"}
		}
	},
	{
		"type":"cube", //Prevent handle 5
		"from":[0,12.98,9.999],
		"to":[3,15.02,10.001],
		"rotation": {"origin": [ 8, 1, 8 ], "axis": "y", "angle": 0 },
		"faces": {
			"north":{"uv":	[8.01,3.01,8.99,4.99],"texture":"#blockBottom","cullface":"Know2Good"}
		}
	},
	{
		"type":"cube", //Handle top west
		"from":[-0.5,15,11],
		"to":[0,16,13],
		"rotation": {"origin": [ 8, 1, 8 ], "axis": "y", "angle": 0 },
		"faces": {
			"up":{"uv":		[11.01,0.01,12.99,0.99],"texture":"#blockBottom","cullface":"Know2Good","rotation":90},
			"down":{"uv":	[11.01,0.01,12.99,0.99],"texture":"#blockBottom","cullface":"Know2Good","rotation":270},
			"north":{"uv":	[11.01,0.01,11.99,0.99],"texture":"#blockBottom","cullface":"Know2Good"},
			"south":{"uv":	[12.01,0.01,12.99,0.99],"texture":"#blockBottom","cullface":"Know2Good"},
			"west":{"uv":	[11.01,0.01,12.99,0.99],"texture":"#blockBottom","cullface":"Know2Good"},
			"east":{"uv":	[12.99,0.01,11.01,0.99],"texture":"#blockBottom","cullface":"Know2Good"}
		}
	},
	{
		"type":"cube", //Handle bottom west
		"from":[-0.5,12,11],
		"to":[0,13,13],
		"rotation": {"origin": [ 8, 1, 8 ], "axis": "y", "angle": 0 },
		"faces": {
			"up":{"uv":		[11.01,3.01,12.99,3.99],"texture":"#blockBottom","cullface":"Know2Good","rotation":90},
			"down":{"uv":	[11.01,3.01,12.99,3.99],"texture":"#blockBottom","cullface":"Know2Good","rotation":270},
			"north":{"uv":	[11.01,3.01,11.99,3.99],"texture":"#blockBottom","cullface":"Know2Good"},
			"south":{"uv":	[12.01,3.01,12.99,3.99],"texture":"#blockBottom","cullface":"Know2Good"},
			"west":{"uv":	[11.01,3.01,12.99,3.99],"texture":"#blockBottom","cullface":"Know2Good"},
			"east":{"uv":	[12.99,3.01,11.01,3.99],"texture":"#blockBottom","cullface":"Know2Good"}
		}
	},
	{
		"type":"cube", //Handle right west
		"from":[-0.5,13,13],
		"to":[0,15,14],
		"rotation": {"origin": [ 8, 1, 8 ], "axis": "y", "angle": 0 },
		"faces": {
			"up":{"uv":		[13.01,1.01,13.99,1.99],"texture":"#blockBottom","cullface":"Know2Good","rotation":90},
			"down":{"uv":	[13.01,2.01,13.99,2.99],"texture":"#blockBottom","cullface":"Know2Good","rotation":270},
			"north":{"uv":	[13.01,1.01,13.99,2.99],"texture":"#blockBottom","cullface":"Know2Good"},
			"south":{"uv":	[13.01,1.01,13.99,2.99],"texture":"#blockBottom","cullface":"Know2Good"},
			"west":{"uv":	[13.01,1.01,13.99,2.99],"texture":"#blockBottom","cullface":"Know2Good"},
			"east":{"uv":	[13.99,1.01,13.01,2.99],"texture":"#blockBottom","cullface":"Know2Good"}
		}
	},
	{
		"type":"cube", //Handle left west
		"from":[-0.5,13,10],
		"to":[0,15,11],
		"rotation": {"origin": [ 8, 1, 8 ], "axis": "y", "angle": 0 },
		"faces": {
			"up":{"uv":		[10.01,1.01,10.99,1.99],"texture":"#blockBottom","cullface":"Know2Good","rotation":90},
			"down":{"uv":	[10.01,2.01,10.99,2.99],"texture":"#blockBottom","cullface":"Know2Good","rotation":270},
			"north":{"uv":	[10.01,1.01,10.99,2.99],"texture":"#blockBottom","cullface":"Know2Good"},
			"south":{"uv":	[10.01,1.01,10.99,2.99],"texture":"#blockBottom","cullface":"Know2Good"},
			"west":{"uv":	[10.01,1.01,10.99,2.99],"texture":"#blockBottom","cullface":"Know2Good"},
			"east":{"uv":	[10.99,1.01,10.01,2.99],"texture":"#blockBottom","cullface":"Know2Good"}
		}
	},
	{
		"type":"cube", //Handle top east
		"from":[3,15,11],
		"to":[3.5,16,13],
		"rotation": {"origin": [ 8, 1, 8 ], "axis": "y", "angle": 0 },
		"faces": {
			"up":{"uv":		[11.01,0.01,12.99,0.99],"texture":"#blockBottom","cullface":"Know2Good","rotation":90},
			"down":{"uv":	[11.01,0.01,12.99,0.99],"texture":"#blockBottom","cullface":"Know2Good","rotation":270},
			"north":{"uv":	[11.01,0.01,11.99,0.99],"texture":"#blockBottom","cullface":"Know2Good"},
			"south":{"uv":	[12.01,0.01,12.99,0.99],"texture":"#blockBottom","cullface":"Know2Good"},
			"west":{"uv":	[11.01,0.01,12.99,0.99],"texture":"#blockBottom","cullface":"Know2Good"},
			"east":{"uv":	[12.99,0.01,11.01,0.99],"texture":"#blockBottom","cullface":"Know2Good"}
		}
	},
	{
		"type":"cube", //Handle bottom east
		"from":[3,12,11],
		"to":[3.5,13,13],
		"rotation": {"origin": [ 8, 1, 8 ], "axis": "y", "angle": 0 },
		"faces": {
			"up":{"uv":		[11.01,3.01,12.99,3.99],"texture":"#blockBottom","cullface":"Know2Good","rotation":90},
			"down":{"uv":	[11.01,3.01,12.99,3.99],"texture":"#blockBottom","cullface":"Know2Good","rotation":270},
			"north":{"uv":	[11.01,3.01,11.99,3.99],"texture":"#blockBottom","cullface":"Know2Good"},
			"south":{"uv":	[12.01,3.01,12.99,3.99],"texture":"#blockBottom","cullface":"Know2Good"},
			"west":{"uv":	[11.01,3.01,12.99,3.99],"texture":"#blockBottom","cullface":"Know2Good"},
			"east":{"uv":	[12.99,3.01,11.01,3.99],"texture":"#blockBottom","cullface":"Know2Good"}
		}
	},
	{
		"type":"cube", //Handle right east
		"from":[3,13,13],
		"to":[3.5,15,14],
		"rotation": {"origin": [ 8, 1, 8 ], "axis": "y", "angle": 0 },
		"faces": {
			"up":{"uv":		[13.01,1.01,13.99,1.99],"texture":"#blockBottom","cullface":"Know2Good","rotation":90},
			"down":{"uv":	[13.01,2.01,13.99,2.99],"texture":"#blockBottom","cullface":"Know2Good","rotation":270},
			"north":{"uv":	[13.01,1.01,13.99,2.99],"texture":"#blockBottom","cullface":"Know2Good"},
			"south":{"uv":	[13.01,1.01,13.99,2.99],"texture":"#blockBottom","cullface":"Know2Good"},
			"west":{"uv":	[13.01,1.01,13.99,2.99],"texture":"#blockBottom","cullface":"Know2Good"},
			"east":{"uv":	[13.99,1.01,13.01,2.99],"texture":"#blockBottom","cullface":"Know2Good"}
		}
	},
	{
		"type":"cube", //Handle left east
		"from":[3,13,10],
		"to":[3.5,15,11],
		"rotation": {"origin": [ 8, 1, 8 ], "axis": "y", "angle": 0 },
		"faces": {
			"up":{"uv":		[10.01,1,10.99,1.99],"texture":"#blockBottom","cullface":"Know2Good","rotation":90},
			"down":{"uv":	[10.01,2,10.99,2.99],"texture":"#blockBottom","cullface":"Know2Good","rotation":270},
			"north":{"uv":	[10.01,1,10.99,2.99],"texture":"#blockBottom","cullface":"Know2Good"},
			"south":{"uv":	[10.01,1,10.99,2.99],"texture":"#blockBottom","cullface":"Know2Good"},
			"west":{"uv":	[10.01,1,10.99,2.99],"texture":"#blockBottom","cullface":"Know2Good"},
			"east":{"uv":	[10.99,1.01,10.01,2.99],"texture":"#blockBottom","cullface":"Know2Good"}
		}
	},
	{
		"type":"cube", //Metal safety 1
		"from":[-0.2,5,-0.2],
		"to":[3.2,6,3.2],
		"rotation": {"origin": [ 8, 1, 8 ], "axis": "y", "angle": 0 },
		"faces": {
			"up":{"uv":		[0.01,10.01,2.99,10.99],"texture":"#blockBottom","cullface":"Know2Good","rotation":90},
			"down":{"uv":	[0.01,10.01,2.99,10.99],"texture":"#blockBottom","cullface":"Know2Good","rotation":270},
			"north":{"uv":	[0.01,10.01,0.99,10.99],"texture":"#blockBottom","cullface":"Know2Good"},
			"south":{"uv":	[2.01,10.01,2.99,10.99],"texture":"#blockBottom","cullface":"Know2Good"},
			"west":{"uv":	[0.01,10.01,2.99,10.99],"texture":"#blockBottom","cullface":"Know2Good"},
			"east":{"uv":	[2.99,10.01,0.01,10.99],"texture":"#blockBottom","cullface":"Know2Good"}
		}
	},
	{
		"type":"cube", //Metal safety 2
		"from":[-0.2,5,3.8],
		"to":[3.2,6,6.2],
		"rotation": {"origin": [ 8, 1, 8 ], "axis": "y", "angle": 0 },
		"faces": {
			"up":{"uv":		[4.01,10.01,5.99,10.99],"texture":"#blockBottom","cullface":"Know2Good","rotation":90},
			"down":{"uv":	[4.01,10.01,5.99,10.99],"texture":"#blockBottom","cullface":"Know2Good","rotation":270},
			"north":{"uv":	[4.01,10.01,4.99,10.99],"texture":"#blockBottom","cullface":"Know2Good"},
			"south":{"uv":	[5.01,10.01,5.99,10.99],"texture":"#blockBottom","cullface":"Know2Good"},
			"west":{"uv":	[4.01,10.01,5.99,10.99],"texture":"#blockBottom","cullface":"Know2Good"},
			"east":{"uv":	[5.99,10.01,4.01,10.99],"texture":"#blockBottom","cullface":"Know2Good"}
		}
	},
	{
		"type":"cube", //Metal safety 3
		"from":[-0.2,5,6.8],
		"to":[3.2,6,9.2],
		"rotation": {"origin": [ 8, 1, 8 ], "axis": "y", "angle": 0 },
		"faces": {
			"up":{"uv":		[7.01,10.01,8.99,10.99],"texture":"#blockBottom","cullface":"Know2Good","rotation":90},
			"down":{"uv":	[7.01,10.01,8.99,10.99],"texture":"#blockBottom","cullface":"Know2Good","rotation":270},
			"north":{"uv":	[7.01,10.01,7.99,10.99],"texture":"#blockBottom","cullface":"Know2Good"},
			"south":{"uv":	[8.01,10.01,8.99,10.99],"texture":"#blockBottom","cullface":"Know2Good"},
			"west":{"uv":	[7.01,10.01,8.99,10.99],"texture":"#blockBottom","cullface":"Know2Good"},
			"east":{"uv":	[8.99,10.01,7.01,10.99],"texture":"#blockBottom","cullface":"Know2Good"}
		}
	},
	{
		"type":"cube", //Metal safety 4
		"from":[-0.2,5,9.8],
		"to":[3.2,6,12.2],
		"rotation": {"origin": [ 8, 1, 8 ], "axis": "y", "angle": 0 },
		"faces": {
			"up":{"uv":		[10.01,10.01,11.99,10.99],"texture":"#blockBottom","cullface":"Know2Good","rotation":90},
			"down":{"uv":	[10.01,10.01,11.99,10.99],"texture":"#blockBottom","cullface":"Know2Good","rotation":270},
			"north":{"uv":	[10.01,10.01,10.99,10.99],"texture":"#blockBottom","cullface":"Know2Good"},
			"south":{"uv":	[11.01,10.01,11.99,10.99],"texture":"#blockBottom","cullface":"Know2Good"},
			"west":{"uv":	[10.01,10.01,11.99,10.99],"texture":"#blockBottom","cullface":"Know2Good"},
			"east":{"uv":	[11.99,10.01,10.01,10.99],"texture":"#blockBottom","cullface":"Know2Good"}
		}
	},
	{
		"type":"cube", //Metal safety 5
		"from":[-0.2,5,12.8],
		"to":[3.2,6,15.2],
		"rotation": {"origin": [ 8, 1, 8 ], "axis": "y", "angle": 0 },
		"faces": {
			"up":{"uv":		[13.01,10.01,14.99,10.99],"texture":"#blockBottom","cullface":"Know2Good","rotation":90},
			"down":{"uv":	[13.01,10.01,14.99,10.99],"texture":"#blockBottom","cullface":"Know2Good","rotation":270},
			"north":{"uv":	[13.01,10.01,13.99,10.99],"texture":"#blockBottom","cullface":"Know2Good"},
			"south":{"uv":	[14.01,10.01,14.99,10.99],"texture":"#blockBottom","cullface":"Know2Good"},
			"west":{"uv":	[13.01,10.01,14.99,10.99],"texture":"#blockBottom","cullface":"Know2Good"},
			"east":{"uv":	[14.99,10.01,13.01,10.99],"texture":"#blockBottom","cullface":"Know2Good"}
		}
	}
],
"display": {
    "fixed": {
        "rotation": [ 0, -90, 20 ],
        "translation": [ 0, -3.25, 2 ],
        "scale": [ 1, 1, 1 ]
    },
    "ground": {
        "rotation": [ 0, 0, 0 ],
        "translation": [ 0, 0, 0 ],
        "scale": [ 1.2, 1.2, 1.2 ]
    },
	"thirdperson": {
		"rotation": [ -90, 0, 0 ],
		"translation": [ 1.4, 2.55, 0 ],
		"scale": [ 0.4, 0.4, 0.4 ]
	},
	"firstperson": {
		"rotation": [ 0, 0, 0 ],
		"translation": [ 0, 0, 0 ],
		"scale": [ 0.75, 0.75, 0.75 ]
	},
	"gui": {
		"rotation": [ 0, 265, 0 ],
		"translation": [ 3, -0.25, -1 ],
		"scale": [ 0.90, 0.70, 0.90 ]
	}
}
}