{
"__comment":"Made by Know2Good, part of the 'Default 3D™' resource pack || Official download page: http://www.planetminecraft.com/texture_pack/default-3d-2985741/ || © Know2Good. All rights reserved. ",
"__comment":"No UV-bleed, OK coordinate, OK texture, OK cullface",

"textures": {
	"block": 	"items/stone_hoe",
	"particle":	"items/stone_hoe"
},
"elements":[
	{
		"type":"cube", //Head middle
		"from":[11,10,7],
		"to":[12,11,9],
		"rotation": {"origin": [ 8, 1, 8 ], "axis": "y", "angle": 0 },
		"faces": {
			"down":{"uv":	[11.01,5.01,11.99,5.99],"texture":"#block","cullface":"Know2Good"},
			"up":{"uv":		[11.01,5.01,11.99,5.99],"texture":"#block","cullface":"Know2Good"},
			"north":{"uv":	[11.01,5.01,11.99,5.99],"texture":"#block","cullface":"Know2Good"},
			"south":{"uv":	[11.01,5.01,11.99,5.99],"texture":"#block","cullface":"Know2Good"},
			"west":{"uv":	[11.01,5.01,11.99,5.99],"texture":"#block","cullface":"Know2Good"},
			"east":{"uv":	[11.01,5.01,11.99,5.99],"texture":"#block","cullface":"Know2Good"}
		}
	},
	{
		"type":"cube", //Head back
		"from":[12,10,7],
		"to":[13,11,9],
		"rotation": {"origin": [ 8, 1, 8 ], "axis": "y", "angle": 0 },
		"faces": {
			"down":{"uv":	[12.01,5.01,12.99,5.99],"texture":"#block","cullface":"Know2Good"},
			"up":{"uv":		[12.01,5.01,12.99,5.99],"texture":"#block","cullface":"Know2Good"},
			"north":{"uv":	[12.01,5.01,12.99,5.99],"texture":"#block","cullface":"Know2Good"},
			"south":{"uv":	[12.01,5.01,12.99,5.99],"texture":"#block","cullface":"Know2Good"},
			"west":{"uv":	[12.01,5.01,12.99,5.99],"texture":"#block","cullface":"Know2Good"},
			"east":{"uv":	[12.01,5.01,12.99,5.99],"texture":"#block","cullface":"Know2Good"}
		}
	},
	{
		"type":"cube", //Head back edge
		"from":[13,10,7.25],
		"to":[14,11,8.75],
		"rotation": {"origin": [ 8, 1, 8 ], "axis": "y", "angle": 0 },
		"faces": {
			"down":{"uv":	[13.01,5.01,13.99,5.99],"texture":"#block","cullface":"Know2Good"},
			"up":{"uv":		[13.01,5.01,13.99,5.99],"texture":"#block","cullface":"Know2Good"},
			"north":{"uv":	[13.01,5.01,13.99,5.99],"texture":"#block","cullface":"Know2Good"},
			"south":{"uv":	[13.01,5.01,13.99,5.99],"texture":"#block","cullface":"Know2Good"},
			"west":{"uv":	[13.01,5.01,13.99,5.99],"texture":"#block","cullface":"Know2Good"},
			"east":{"uv":	[13.01,5.01,13.99,5.99],"texture":"#block","cullface":"Know2Good"}
		}
	},
	{
		"type":"cube", //Head back edge
		"from":[12,9,7.25],
		"to":[13,10,8.75],
		"rotation": {"origin": [ 8, 1, 8 ], "axis": "y", "angle": 0 },
		"faces": {
			"down":{"uv":	[12.01,6.01,12.99,6.99],"texture":"#block","cullface":"Know2Good"},
			"up":{"uv":		[12.01,6.01,12.99,6.99],"texture":"#block","cullface":"Know2Good"},
			"north":{"uv":	[12.01,6.01,12.99,6.99],"texture":"#block","cullface":"Know2Good"},
			"south":{"uv":	[12.01,6.01,12.99,6.99],"texture":"#block","cullface":"Know2Good"},
			"west":{"uv":	[12.01,6.01,12.99,6.99],"texture":"#block","cullface":"Know2Good"},
			"east":{"uv":	[12.01,6.01,12.99,6.99],"texture":"#block","cullface":"Know2Good"}
		}
	},
	{
		"type":"cube", //Head front
		"from":[11,11,7],
		"to":[12,12,9],
		"rotation": {"origin": [ 8, 1, 8 ], "axis": "y", "angle": 0 },
		"faces": {
			"down":{"uv":	[11.01,4.01,11.99,4.99],"texture":"#block","cullface":"Know2Good"},
			"up":{"uv":		[11.01,4.01,11.99,4.99],"texture":"#block","cullface":"Know2Good"},
			"north":{"uv":	[11.01,4.01,11.99,4.99],"texture":"#block","cullface":"Know2Good"},
			"south":{"uv":	[11.01,4.01,11.99,4.99],"texture":"#block","cullface":"Know2Good"},
			"west":{"uv":	[11.01,4.01,11.99,4.99],"texture":"#block","cullface":"Know2Good"},
			"east":{"uv":	[11.01,4.01,11.99,4.99],"texture":"#block","cullface":"Know2Good"}
		}
	},
	{
		"type":"cube", //Head front
		"from":[10,11,7],
		"to":[11,12,9],
		"rotation": {"origin": [ 8, 1, 8 ], "axis": "y", "angle": 0 },
		"faces": {
			"down":{"uv":	[10.01,4.01,10.99,4.99],"texture":"#block","cullface":"Know2Good"},
			"up":{"uv":		[10.01,4.01,10.99,4.99],"texture":"#block","cullface":"Know2Good"},
			"north":{"uv":	[10.01,4.01,10.99,4.99],"texture":"#block","cullface":"Know2Good"},
			"south":{"uv":	[10.01,4.01,10.99,4.99],"texture":"#block","cullface":"Know2Good"},
			"west":{"uv":	[10.01,4.01,10.99,4.99],"texture":"#block","cullface":"Know2Good"},
			"east":{"uv":	[10.01,4.01,10.99,4.99],"texture":"#block","cullface":"Know2Good"}
		}
	},
	{
		"type":"cube", //Head front
		"from":[10,12,6.75],
		"to":[11,13,9.25],
		"rotation": {"origin": [ 8, 1, 8 ], "axis": "y", "angle": 0 },
		"faces": {
			"down":{"uv":	[10.01,3.01,10.99,3.99],"texture":"#block","cullface":"Know2Good"},
			"up":{"uv":		[10.01,3.01,10.99,3.99],"texture":"#block","cullface":"Know2Good"},
			"north":{"uv":	[10.01,3.01,10.99,3.99],"texture":"#block","cullface":"Know2Good"},
			"south":{"uv":	[10.01,3.01,10.99,3.99],"texture":"#block","cullface":"Know2Good"},
			"west":{"uv":	[10.01,3.01,10.99,3.99],"texture":"#block","cullface":"Know2Good"},
			"east":{"uv":	[10.01,3.01,10.99,3.99],"texture":"#block","cullface":"Know2Good"}
		}
	},
	{
		"type":"cube", //Head front
		"from":[9,12,6.75],
		"to":[10,13,9.25],
		"rotation": {"origin": [ 8, 1, 8 ], "axis": "y", "angle": 0 },
		"faces": {
			"down":{"uv":	[9.01,3.01,9.99,3.99],"texture":"#block","cullface":"Know2Good"},
			"up":{"uv":		[9.01,3.01,9.99,3.99],"texture":"#block","cullface":"Know2Good"},
			"north":{"uv":	[9.01,3.01,9.99,3.99],"texture":"#block","cullface":"Know2Good"},
			"south":{"uv":	[9.01,3.01,9.99,3.99],"texture":"#block","cullface":"Know2Good"},
			"west":{"uv":	[9.01,3.01,9.99,3.99],"texture":"#block","cullface":"Know2Good"},
			"east":{"uv":	[9.01,3.01,9.99,3.99],"texture":"#block","cullface":"Know2Good"}
		}
	},
	{
		"type":"cube", //Head front
		"from":[9,13,6.5],
		"to":[10,14,9.5],
		"rotation": {"origin": [ 8, 1, 8 ], "axis": "y", "angle": 0 },
		"faces": {
			"down":{"uv":	[9.01,2.01,9.99,2.99],"texture":"#block","cullface":"Know2Good"},
			"up":{"uv":		[9.01,2.01,9.99,2.99],"texture":"#block","cullface":"Know2Good"},
			"north":{"uv":	[9.01,2.01,9.99,2.99],"texture":"#block","cullface":"Know2Good"},
			"south":{"uv":	[9.01,2.01,9.99,2.99],"texture":"#block","cullface":"Know2Good"},
			"west":{"uv":	[9.01,2.01,9.99,2.99],"texture":"#block","cullface":"Know2Good"},
			"east":{"uv":	[9.01,2.01,9.99,2.99],"texture":"#block","cullface":"Know2Good"}
		}
	},
	{
		"type":"cube", //Head front
		"from":[8,13,6.5],
		"to":[9,14,9.5],
		"rotation": {"origin": [ 8, 1, 8 ], "axis": "y", "angle": 0 },
		"faces": {
			"down":{"uv":	[8.01,2.01,8.99,2.99],"texture":"#block","cullface":"Know2Good"},
			"up":{"uv":		[8.01,2.01,8.99,2.99],"texture":"#block","cullface":"Know2Good"},
			"north":{"uv":	[8.01,2.01,8.99,2.99],"texture":"#block","cullface":"Know2Good"},
			"south":{"uv":	[8.01,2.01,8.99,2.99],"texture":"#block","cullface":"Know2Good"},
			"west":{"uv":	[8.01,2.01,8.99,2.99],"texture":"#block","cullface":"Know2Good"},
			"east":{"uv":	[8.01,2.01,8.99,2.99],"texture":"#block","cullface":"Know2Good"}
		}
	},
	{
		"type":"cube", //Head front
		"from":[7,13,6.5],
		"to":[8,14,9.5],
		"rotation": {"origin": [ 8, 1, 8 ], "axis": "y", "angle": 0 },
		"faces": {
			"down":{"uv":	[7.01,2.01,7.99,2.99],"texture":"#block","cullface":"Know2Good"},
			"up":{"uv":		[7.01,2.01,7.99,2.99],"texture":"#block","cullface":"Know2Good"},
			"north":{"uv":	[7.01,2.01,7.99,2.99],"texture":"#block","cullface":"Know2Good"},
			"south":{"uv":	[7.01,2.01,7.99,2.99],"texture":"#block","cullface":"Know2Good"},
			"west":{"uv":	[7.01,2.01,7.99,2.99],"texture":"#block","cullface":"Know2Good"},
			"east":{"uv":	[7.01,2.01,7.99,2.99],"texture":"#block","cullface":"Know2Good"}
		}
	},
	{
		"type":"cube", //Head front edge
		"from":[11,12,7.25],
		"to":[12,13,8.75],
		"rotation": {"origin": [ 8, 1, 8 ], "axis": "y", "angle": 0 },
		"faces": {
			"down":{"uv":	[11.01,3.01,11.99,3.99],"texture":"#block","cullface":"Know2Good"},
			"up":{"uv":		[11.01,3.01,11.99,3.99],"texture":"#block","cullface":"Know2Good"},
			"north":{"uv":	[11.01,3.01,11.99,3.99],"texture":"#block","cullface":"Know2Good"},
			"south":{"uv":	[11.01,3.01,11.99,3.99],"texture":"#block","cullface":"Know2Good"},
			"west":{"uv":	[11.01,3.01,11.99,3.99],"texture":"#block","cullface":"Know2Good"},
			"east":{"uv":	[11.01,3.01,11.99,3.99],"texture":"#block","cullface":"Know2Good"}
		}
	},
	{
		"type":"cube", //Head front edge
		"from":[10,13,7],
		"to":[11,14,9],
		"rotation": {"origin": [ 8, 1, 8 ], "axis": "y", "angle": 0 },
		"faces": {
			"down":{"uv":	[10.01,2.01,10.99,2.99],"texture":"#block","cullface":"Know2Good"},
			"up":{"uv":		[10.01,2.01,10.99,2.99],"texture":"#block","cullface":"Know2Good"},
			"north":{"uv":	[10.01,2.01,10.99,2.99],"texture":"#block","cullface":"Know2Good"},
			"south":{"uv":	[10.01,2.01,10.99,2.99],"texture":"#block","cullface":"Know2Good"},
			"west":{"uv":	[10.01,2.01,10.99,2.99],"texture":"#block","cullface":"Know2Good"},
			"east":{"uv":	[10.01,2.01,10.99,2.99],"texture":"#block","cullface":"Know2Good"}
		}
	},
	{
		"type":"cube", //Head front edge
		"from":[9,11,7.25],
		"to":[10,12,8.75],
		"rotation": {"origin": [ 8, 1, 8 ], "axis": "y", "angle": 0 },
		"faces": {
			"down":{"uv":	[9.01,4.01,9.99,4.99],"texture":"#block","cullface":"Know2Good"},
			"up":{"uv":		[9.01,4.01,9.99,4.99],"texture":"#block","cullface":"Know2Good"},
			"north":{"uv":	[9.01,4.01,9.99,4.99],"texture":"#block","cullface":"Know2Good"},
			"south":{"uv":	[9.01,4.01,9.99,4.99],"texture":"#block","cullface":"Know2Good"},
			"west":{"uv":	[9.01,4.01,9.99,4.99],"texture":"#block","cullface":"Know2Good"},
			"east":{"uv":	[9.01,4.01,9.99,4.99],"texture":"#block","cullface":"Know2Good"}
		}
	},
	{
		"type":"cube", //Head front edge
		"from":[8,12,7],
		"to":[9,13,9],
		"rotation": {"origin": [ 8, 1, 8 ], "axis": "y", "angle": 0 },
		"faces": {
			"down":{"uv":	[8.01,3.01,8.99,3.99],"texture":"#block","cullface":"Know2Good"},
			"up":{"uv":		[8.01,3.01,8.99,3.99],"texture":"#block","cullface":"Know2Good"},
			"north":{"uv":	[8.01,3.01,8.99,3.99],"texture":"#block","cullface":"Know2Good"},
			"south":{"uv":	[8.01,3.01,8.99,3.99],"texture":"#block","cullface":"Know2Good"},
			"west":{"uv":	[8.01,3.01,8.99,3.99],"texture":"#block","cullface":"Know2Good"},
			"east":{"uv":	[8.01,3.01,8.99,3.99],"texture":"#block","cullface":"Know2Good"}
		}
	},
	{
		"type":"cube", //Head front edge
		"from":[7,12,7],
		"to":[8,13,9],
		"rotation": {"origin": [ 8, 1, 8 ], "axis": "y", "angle": 0 },
		"faces": {
			"down":{"uv":	[7.01,3.01,7.99,3.99],"texture":"#block","cullface":"Know2Good"},
			"up":{"uv":		[7.01,3.01,7.99,3.99],"texture":"#block","cullface":"Know2Good"},
			"north":{"uv":	[7.01,3.01,7.99,3.99],"texture":"#block","cullface":"Know2Good"},
			"south":{"uv":	[7.01,3.01,7.99,3.99],"texture":"#block","cullface":"Know2Good"},
			"west":{"uv":	[7.01,3.01,7.99,3.99],"texture":"#block","cullface":"Know2Good"},
			"east":{"uv":	[7.01,3.01,7.99,3.99],"texture":"#block","cullface":"Know2Good"}
		}
	},
	{
		"type":"cube", //Head front edge
		"from":[6,13,6.75],
		"to":[7,14,9.25],
		"rotation": {"origin": [ 8, 1, 8 ], "axis": "y", "angle": 0 },
		"faces": {
			"down":{"uv":	[6.01,2.01,6.99,2.99],"texture":"#block","cullface":"Know2Good"},
			"up":{"uv":		[6.01,2.01,6.99,2.99],"texture":"#block","cullface":"Know2Good"},
			"north":{"uv":	[6.01,2.01,6.99,2.99],"texture":"#block","cullface":"Know2Good"},
			"south":{"uv":	[6.01,2.01,6.99,2.99],"texture":"#block","cullface":"Know2Good"},
			"west":{"uv":	[6.01,2.01,6.99,2.99],"texture":"#block","cullface":"Know2Good"},
			"east":{"uv":	[6.01,2.01,6.99,2.99],"texture":"#block","cullface":"Know2Good"}
		}
	},
	{
		"type":"cube", //Head front edge
		"from":[9,14,6.75],
		"to":[10,15,9.25],
		"rotation": {"origin": [ 8, 1, 8 ], "axis": "y", "angle": 0 },
		"faces": {
			"down":{"uv":	[9.01,1.01,9.99,1.99],"texture":"#block","cullface":"Know2Good"},
			"up":{"uv":		[9.01,1.01,9.99,1.99],"texture":"#block","cullface":"Know2Good"},
			"north":{"uv":	[9.01,1.01,9.99,1.99],"texture":"#block","cullface":"Know2Good"},
			"south":{"uv":	[9.01,1.01,9.99,1.99],"texture":"#block","cullface":"Know2Good"},
			"west":{"uv":	[9.01,1.01,9.99,1.99],"texture":"#block","cullface":"Know2Good"},
			"east":{"uv":	[9.01,1.01,9.99,1.99],"texture":"#block","cullface":"Know2Good"}
		}
	},
	{
		"type":"cube", //Head front edge 
		"from":[8,14,6.75],
		"to":[9,15,9.25],
		"rotation": {"origin": [ 8, 1, 8 ], "axis": "y", "angle": 0 },
		"faces": {
			"down":{"uv":	[8.01,1.01,8.99,1.99],"texture":"#block","cullface":"Know2Good"},
			"up":{"uv":		[8.01,1.01,8.99,1.99],"texture":"#block","cullface":"Know2Good"},
			"north":{"uv":	[8.01,1.01,8.99,1.99],"texture":"#block","cullface":"Know2Good"},
			"south":{"uv":	[8.01,1.01,8.99,1.99],"texture":"#block","cullface":"Know2Good"},
			"west":{"uv":	[8.01,1.01,8.99,1.99],"texture":"#block","cullface":"Know2Good"},
			"east":{"uv":	[8.01,1.01,8.99,1.99],"texture":"#block","cullface":"Know2Good"}
		}
	},
	{
		"type":"cube", //Head front edge
		"from":[7,14,6.75],
		"to":[8,15,9.25],
		"rotation": {"origin": [ 8, 1, 8 ], "axis": "y", "angle": 0 },
		"faces": {
			"down":{"uv":	[7.01,1.01,7.99,1.99],"texture":"#block","cullface":"Know2Good"},
			"up":{"uv":		[7.01,1.01,7.99,1.99],"texture":"#block","cullface":"Know2Good"},
			"north":{"uv":	[7.01,1.01,7.99,1.99],"texture":"#block","cullface":"Know2Good"},
			"south":{"uv":	[7.01,1.01,7.99,1.99],"texture":"#block","cullface":"Know2Good"},
			"west":{"uv":	[7.01,1.01,7.99,1.99],"texture":"#block","cullface":"Know2Good"},
			"east":{"uv":	[7.01,1.01,7.99,1.99],"texture":"#block","cullface":"Know2Good"}
		}
	},
	{
		"type":"cube", //Handle top to bottom middle
		"from":[13,12,7.75],
		"to":[14,13,8.25],
		"rotation": {"origin": [ 8, 1, 8 ], "axis": "y", "angle": 0 },
		"faces": {
			"down":{"uv":	[13.01,3.01,13.99,3.99],"texture":"#block","cullface":"Know2Good"},
			"up":{"uv":		[13.01,3.01,13.99,3.99],"texture":"#block","cullface":"Know2Good"},
			"north":{"uv":	[13.01,3.01,13.99,3.99],"texture":"#block","cullface":"Know2Good"},
			"south":{"uv":	[13.01,3.01,13.99,3.99],"texture":"#block","cullface":"Know2Good"},
			"west":{"uv":	[13.01,3.01,13.99,3.99],"texture":"#block","cullface":"Know2Good"},
			"east":{"uv":	[13.01,3.01,13.99,3.99],"texture":"#block","cullface":"Know2Good"}
		}
	},
	{
		"type":"cube", //Handle top to bottom middle
		"from":[12,11,7.25],
		"to":[13,12,8.75],
		"rotation": {"origin": [ 8, 1, 8 ], "axis": "y", "angle": 0 },
		"faces": {
			"down":{"uv":	[12.01,4.01,12.99,4.99],"texture":"#block","cullface":"Know2Good"},
			"up":{"uv":		[12.01,4.01,12.99,4.99],"texture":"#block","cullface":"Know2Good"},
			"north":{"uv":	[12.01,4.01,12.99,4.99],"texture":"#block","cullface":"Know2Good"},
			"south":{"uv":	[12.01,4.01,12.99,4.99],"texture":"#block","cullface":"Know2Good"},
			"west":{"uv":	[12.01,4.01,12.99,4.99],"texture":"#block","cullface":"Know2Good"},
			"east":{"uv":	[12.01,4.01,12.99,4.99],"texture":"#block","cullface":"Know2Good"}
		}
	},
	{
		"type":"cube", //Handle top to bottom middle
		"from":[10,9,7.25],
		"to":[11,10,8.75],
		"rotation": {"origin": [ 8, 1, 8 ], "axis": "y", "angle": 0 },
		"faces": {
			"down":{"uv":	[10.01,6.01,10.99,6.99],"texture":"#block","cullface":"Know2Good"},
			"up":{"uv":		[10.01,6.01,10.99,6.99],"texture":"#block","cullface":"Know2Good"},
			"north":{"uv":	[10.01,6.01,10.99,6.99],"texture":"#block","cullface":"Know2Good"},
			"south":{"uv":	[10.01,6.01,10.99,6.99],"texture":"#block","cullface":"Know2Good"},
			"west":{"uv":	[10.01,6.01,10.99,6.99],"texture":"#block","cullface":"Know2Good"},
			"east":{"uv":	[10.01,6.01,10.99,6.99],"texture":"#block","cullface":"Know2Good"}
		}
	},
	{
		"type":"cube", //Handle top to bottom middle
		"from":[9,8,7.25],
		"to":[10,9,8.75],
		"rotation": {"origin": [ 8, 1, 8 ], "axis": "y", "angle": 0 },
		"faces": {
			"down":{"uv":	[9.01,7.01,9.99,7.99],"texture":"#block","cullface":"Know2Good"},
			"up":{"uv":		[9.01,7.01,9.99,7.99],"texture":"#block","cullface":"Know2Good"},
			"north":{"uv":	[9.01,7.01,9.99,7.99],"texture":"#block","cullface":"Know2Good"},
			"south":{"uv":	[9.01,7.01,9.99,7.99],"texture":"#block","cullface":"Know2Good"},
			"west":{"uv":	[9.01,7.01,9.99,7.99],"texture":"#block","cullface":"Know2Good"},
			"east":{"uv":	[9.01,7.01,9.99,7.99],"texture":"#block","cullface":"Know2Good"}
		}
	},
	{
		"type":"cube", //Handle top to bottom middle
		"from":[8,7,7.25],
		"to":[9,8,8.75],
		"rotation": {"origin": [ 8, 1, 8 ], "axis": "y", "angle": 0 },
		"faces": {
			"down":{"uv":	[8.01,8.01,8.99,8.99],"texture":"#block","cullface":"Know2Good"},
			"up":{"uv":		[8.01,8.01,8.99,8.99],"texture":"#block","cullface":"Know2Good"},
			"north":{"uv":	[8.01,8.01,8.99,8.99],"texture":"#block","cullface":"Know2Good"},
			"south":{"uv":	[8.01,8.01,8.99,8.99],"texture":"#block","cullface":"Know2Good"},
			"west":{"uv":	[8.01,8.01,8.99,8.99],"texture":"#block","cullface":"Know2Good"},
			"east":{"uv":	[8.01,8.01,8.99,8.99],"texture":"#block","cullface":"Know2Good"}
		}
	},
	{
		"type":"cube", //Handle top to bottom middle
		"from":[7,6,7.25],
		"to":[8,7,8.75],
		"rotation": {"origin": [ 8, 1, 8 ], "axis": "y", "angle": 0 },
		"faces": {
			"down":{"uv":	[7.01,9.01,7.99,9.99],"texture":"#block","cullface":"Know2Good"},
			"up":{"uv":		[7.01,9.01,7.99,9.99],"texture":"#block","cullface":"Know2Good"},
			"north":{"uv":	[7.01,9.01,7.99,9.99],"texture":"#block","cullface":"Know2Good"},
			"south":{"uv":	[7.01,9.01,7.99,9.99],"texture":"#block","cullface":"Know2Good"},
			"west":{"uv":	[7.01,9.01,7.99,9.99],"texture":"#block","cullface":"Know2Good"},
			"east":{"uv":	[7.01,9.01,7.99,9.99],"texture":"#block","cullface":"Know2Good"}
		}
	},
	{
		"type":"cube", //Handle top to bottom middle
		"from":[6,5,7.25],
		"to":[7,6,8.75],
		"rotation": {"origin": [ 8, 1, 8 ], "axis": "y", "angle": 0 },
		"faces": {
			"down":{"uv":	[6.01,10.01,6.99,10.99],"texture":"#block","cullface":"Know2Good"},
			"up":{"uv":		[6.01,10.01,6.99,10.99],"texture":"#block","cullface":"Know2Good"},
			"north":{"uv":	[6.01,10.01,6.99,10.99],"texture":"#block","cullface":"Know2Good"},
			"south":{"uv":	[6.01,10.01,6.99,10.99],"texture":"#block","cullface":"Know2Good"},
			"west":{"uv":	[6.01,10.01,6.99,10.99],"texture":"#block","cullface":"Know2Good"},
			"east":{"uv":	[6.01,10.01,6.99,10.99],"texture":"#block","cullface":"Know2Good"}
		}
	},
	{
		"type":"cube", //Handle top to bottom middle
		"from":[5,4,7.25],
		"to":[6,5,8.75],
		"rotation": {"origin": [ 8, 1, 8 ], "axis": "y", "angle": 0 },
		"faces": {
			"down":{"uv":	[5.01,11.01,5.99,11.99],"texture":"#block","cullface":"Know2Good"},
			"up":{"uv":		[5.01,11.01,5.99,11.99],"texture":"#block","cullface":"Know2Good"},
			"north":{"uv":	[5.01,11.01,5.99,11.99],"texture":"#block","cullface":"Know2Good"},
			"south":{"uv":	[5.01,11.01,5.99,11.99],"texture":"#block","cullface":"Know2Good"},
			"west":{"uv":	[5.01,11.01,5.99,11.99],"texture":"#block","cullface":"Know2Good"},
			"east":{"uv":	[5.01,11.01,5.99,11.99],"texture":"#block","cullface":"Know2Good"}
		}
	},
	{
		"type":"cube", //Handle top to bottom middle
		"from":[4,3,7.25],
		"to":[5,4,8.75],
		"rotation": {"origin": [ 8, 1, 8 ], "axis": "y", "angle": 0 },
		"faces": {
			"down":{"uv":	[4.01,12.01,4.99,12.99],"texture":"#block","cullface":"Know2Good"},
			"up":{"uv":		[4.01,12.01,4.99,12.99],"texture":"#block","cullface":"Know2Good"},
			"north":{"uv":	[4.01,12.01,4.99,12.99],"texture":"#block","cullface":"Know2Good"},
			"south":{"uv":	[4.01,12.01,4.99,12.99],"texture":"#block","cullface":"Know2Good"},
			"west":{"uv":	[4.01,12.01,4.99,12.99],"texture":"#block","cullface":"Know2Good"},
			"east":{"uv":	[4.01,12.01,4.99,12.99],"texture":"#block","cullface":"Know2Good"}
		}
	},
	{
		"type":"cube", //Handle top to bottom middle
		"from":[3,2,7.25],
		"to":[4,3,8.75],
		"rotation": {"origin": [ 8, 1, 8 ], "axis": "y", "angle": 0 },
		"faces": {
			"down":{"uv":	[3.01,13.01,3.99,13.99],"texture":"#block","cullface":"Know2Good"},
			"up":{"uv":		[3.01,13.01,3.99,13.99],"texture":"#block","cullface":"Know2Good"},
			"north":{"uv":	[3.01,13.01,3.99,13.99],"texture":"#block","cullface":"Know2Good"},
			"south":{"uv":	[3.01,13.01,3.99,13.99],"texture":"#block","cullface":"Know2Good"},
			"west":{"uv":	[3.01,13.01,3.99,13.99],"texture":"#block","cullface":"Know2Good"},
			"east":{"uv":	[3.01,13.01,3.99,13.99],"texture":"#block","cullface":"Know2Good"}
		}
	},
	{
		"type":"cube", //Handle top to bottom middle
		"from":[2,1,7.25],
		"to":[3,2,8.75],
		"rotation": {"origin": [ 8, 1, 8 ], "axis": "y", "angle": 0 },
		"faces": {
			"down":{"uv":	[2.01,14.01,2.99,14.99],"texture":"#block","cullface":"Know2Good"},
			"up":{"uv":		[2.01,14.01,2.99,14.99],"texture":"#block","cullface":"Know2Good"},
			"north":{"uv":	[2.01,14.01,2.99,14.99],"texture":"#block","cullface":"Know2Good"},
			"south":{"uv":	[2.01,14.01,2.99,14.99],"texture":"#block","cullface":"Know2Good"},
			"west":{"uv":	[2.01,14.01,2.99,14.99],"texture":"#block","cullface":"Know2Good"},
			"east":{"uv":	[2.01,14.01,2.99,14.99],"texture":"#block","cullface":"Know2Good"}
		}
	},
	{
		"type":"cube", //Handle top to bottom top
		"from":[12,12,7.5],
		"to":[13,13,8.5],
		"rotation": {"origin": [ 8, 1, 8 ], "axis": "y", "angle": 0 },
		"faces": {
			"down":{"uv":	[12.01,3.01,12.99,3.99],"texture":"#block","cullface":"Know2Good"},
			"up":{"uv":		[12.01,3.01,12.99,3.99],"texture":"#block","cullface":"Know2Good"},
			"north":{"uv":	[12.01,3.01,12.99,3.99],"texture":"#block","cullface":"Know2Good"},
			"south":{"uv":	[12.01,3.01,12.99,3.99],"texture":"#block","cullface":"Know2Good"},
			"west":{"uv":	[12.01,3.01,12.99,3.99],"texture":"#block","cullface":"Know2Good"},
			"east":{"uv":	[12.01,3.01,12.99,3.99],"texture":"#block","cullface":"Know2Good"}
		}
	},
	{
		"type":"cube", //Handle top to bottom top
		"from":[10,10,7.5],
		"to":[11,11,8.5],
		"rotation": {"origin": [ 8, 1, 8 ], "axis": "y", "angle": 0 },
		"faces": {
			"down":{"uv":	[10.01,5.01,10.99,5.99],"texture":"#block","cullface":"Know2Good"},
			"up":{"uv":		[10.01,5.01,10.99,5.99],"texture":"#block","cullface":"Know2Good"},
			"north":{"uv":	[10.01,5.01,10.99,5.99],"texture":"#block","cullface":"Know2Good"},
			"south":{"uv":	[10.01,5.01,10.99,5.99],"texture":"#block","cullface":"Know2Good"},
			"west":{"uv":	[10.01,5.01,10.99,5.99],"texture":"#block","cullface":"Know2Good"},
			"east":{"uv":	[10.01,5.01,10.99,5.99],"texture":"#block","cullface":"Know2Good"}
		}
	},
	{
		"type":"cube", //Handle top to bottom top
		"from":[9,9,7.5],
		"to":[10,10,8.5],
		"rotation": {"origin": [ 8, 1, 8 ], "axis": "y", "angle": 0 },
		"faces": {
			"down":{"uv":	[9.01,6.01,9.99,6.99],"texture":"#block","cullface":"Know2Good"},
			"up":{"uv":		[9.01,6.01,9.99,6.99],"texture":"#block","cullface":"Know2Good"},
			"north":{"uv":	[9.01,6.01,9.99,6.99],"texture":"#block","cullface":"Know2Good"},
			"south":{"uv":	[9.01,6.01,9.99,6.99],"texture":"#block","cullface":"Know2Good"},
			"west":{"uv":	[9.01,6.01,9.99,6.99],"texture":"#block","cullface":"Know2Good"},
			"east":{"uv":	[9.01,6.01,9.99,6.99],"texture":"#block","cullface":"Know2Good"}
		}
	},
	{
		"type":"cube", //Handle top to bottom top
		"from":[8,8,7.5],
		"to":[9,9,8.5],
		"rotation": {"origin": [ 8, 1, 8 ], "axis": "y", "angle": 0 },
		"faces": {
			"down":{"uv":	[8.01,7.01,8.99,7.99],"texture":"#block","cullface":"Know2Good"},
			"up":{"uv":		[8.01,7.01,8.99,7.99],"texture":"#block","cullface":"Know2Good"},
			"north":{"uv":	[8.01,7.01,8.99,7.99],"texture":"#block","cullface":"Know2Good"},
			"south":{"uv":	[8.01,7.01,8.99,7.99],"texture":"#block","cullface":"Know2Good"},
			"west":{"uv":	[8.01,7.01,8.99,7.99],"texture":"#block","cullface":"Know2Good"},
			"east":{"uv":	[8.01,7.01,8.99,7.99],"texture":"#block","cullface":"Know2Good"}
		}
	},
	{
		"type":"cube", //Handle top to bottom top
		"from":[7,7,7.5],
		"to":[8,8,8.5],
		"rotation": {"origin": [ 8, 1, 8 ], "axis": "y", "angle": 0 },
		"faces": {
			"down":{"uv":	[7.01,8.01,7.99,8.99],"texture":"#block","cullface":"Know2Good"},
			"up":{"uv":		[7.01,8.01,7.99,8.99],"texture":"#block","cullface":"Know2Good"},
			"north":{"uv":	[7.01,8.01,7.99,8.99],"texture":"#block","cullface":"Know2Good"},
			"south":{"uv":	[7.01,8.01,7.99,8.99],"texture":"#block","cullface":"Know2Good"},
			"west":{"uv":	[7.01,8.01,7.99,8.99],"texture":"#block","cullface":"Know2Good"},
			"east":{"uv":	[7.01,8.01,7.99,8.99],"texture":"#block","cullface":"Know2Good"}
		}
	},
	{
		"type":"cube", //Handle top to bottom top
		"from":[6,6,7.5],
		"to":[7,7,8.5],
		"rotation": {"origin": [ 8, 1, 8 ], "axis": "y", "angle": 0 },
		"faces": {
			"down":{"uv":	[6.01,9.01,6.99,9.99],"texture":"#block","cullface":"Know2Good"},
			"up":{"uv":		[6.01,9.01,6.99,9.99],"texture":"#block","cullface":"Know2Good"},
			"north":{"uv":	[6.01,9.01,6.99,9.99],"texture":"#block","cullface":"Know2Good"},
			"south":{"uv":	[6.01,9.01,6.99,9.99],"texture":"#block","cullface":"Know2Good"},
			"west":{"uv":	[6.01,9.01,6.99,9.99],"texture":"#block","cullface":"Know2Good"},
			"east":{"uv":	[6.01,9.01,6.99,9.99],"texture":"#block","cullface":"Know2Good"}
		}
	},
	{
		"type":"cube", //Handle top to bottom top
		"from":[5,5,7.5],
		"to":[6,6,8.5],
		"rotation": {"origin": [ 8, 1, 8 ], "axis": "y", "angle": 0 },
		"faces": {
			"down":{"uv":	[5.01,10.01,5.99,10.99],"texture":"#block","cullface":"Know2Good"},
			"up":{"uv":		[5.01,10.01,5.99,10.99],"texture":"#block","cullface":"Know2Good"},
			"north":{"uv":	[5.01,10.01,5.99,10.99],"texture":"#block","cullface":"Know2Good"},
			"south":{"uv":	[5.01,10.01,5.99,10.99],"texture":"#block","cullface":"Know2Good"},
			"west":{"uv":	[5.01,10.01,5.99,10.99],"texture":"#block","cullface":"Know2Good"},
			"east":{"uv":	[5.01,10.01,5.99,10.99],"texture":"#block","cullface":"Know2Good"}
		}
	},
	{
		"type":"cube", //Handle top to bottom top
		"from":[4,4,7.5],
		"to":[5,5,8.5],
		"rotation": {"origin": [ 8, 1, 8 ], "axis": "y", "angle": 0 },
		"faces": {
			"down":{"uv":	[4.01,11.01,4.99,11.99],"texture":"#block","cullface":"Know2Good"},
			"up":{"uv":		[4.01,11.01,4.99,11.99],"texture":"#block","cullface":"Know2Good"},
			"north":{"uv":	[4.01,11.01,4.99,11.99],"texture":"#block","cullface":"Know2Good"},
			"south":{"uv":	[4.01,11.01,4.99,11.99],"texture":"#block","cullface":"Know2Good"},
			"west":{"uv":	[4.01,11.01,4.99,11.99],"texture":"#block","cullface":"Know2Good"},
			"east":{"uv":	[4.01,11.01,4.99,11.99],"texture":"#block","cullface":"Know2Good"}
		}
	},
	{
		"type":"cube", //Handle top to bottom top
		"from":[3,3,7.5],
		"to":[4,4,8.5],
		"rotation": {"origin": [ 8, 1, 8 ], "axis": "y", "angle": 0 },
		"faces": {
			"down":{"uv":	[3.01,12.01,3.99,12.99],"texture":"#block","cullface":"Know2Good"},
			"up":{"uv":		[3.01,12.01,3.99,12.99],"texture":"#block","cullface":"Know2Good"},
			"north":{"uv":	[3.01,12.01,3.99,12.99],"texture":"#block","cullface":"Know2Good"},
			"south":{"uv":	[3.01,12.01,3.99,12.99],"texture":"#block","cullface":"Know2Good"},
			"west":{"uv":	[3.01,12.01,3.99,12.99],"texture":"#block","cullface":"Know2Good"},
			"east":{"uv":	[3.01,12.01,3.99,12.99],"texture":"#block","cullface":"Know2Good"}
		}
	},
	{
		"type":"cube", //Handle top to bottom top
		"from":[2,2,7.5],
		"to":[3,3,8.5],
		"rotation": {"origin": [ 8, 1, 8 ], "axis": "y", "angle": 0 },
		"faces": {
			"down":{"uv":	[2.01,13.01,2.99,13.99],"texture":"#block","cullface":"Know2Good"},
			"up":{"uv":		[2.01,13.01,2.99,13.99],"texture":"#block","cullface":"Know2Good"},
			"north":{"uv":	[2.01,13.01,2.99,13.99],"texture":"#block","cullface":"Know2Good"},
			"south":{"uv":	[2.01,13.01,2.99,13.99],"texture":"#block","cullface":"Know2Good"},
			"west":{"uv":	[2.01,13.01,2.99,13.99],"texture":"#block","cullface":"Know2Good"},
			"east":{"uv":	[2.01,13.01,2.99,13.99],"texture":"#block","cullface":"Know2Good"}
		}
	},
	{
		"type":"cube", //Handle top to bottom bottom
		"from":[13,11,7.5],
		"to":[14,12,8.5],
		"rotation": {"origin": [ 8, 1, 8 ], "axis": "y", "angle": 0 },
		"faces": {
			"down":{"uv":	[13.01,4.01,13.99,4.99],"texture":"#block","cullface":"Know2Good"},
			"up":{"uv":		[13.01,4.01,13.99,4.99],"texture":"#block","cullface":"Know2Good"},
			"north":{"uv":	[13.01,4.01,13.99,4.99],"texture":"#block","cullface":"Know2Good"},
			"south":{"uv":	[13.01,4.01,13.99,4.99],"texture":"#block","cullface":"Know2Good"},
			"west":{"uv":	[13.01,4.01,13.99,4.99],"texture":"#block","cullface":"Know2Good"},
			"east":{"uv":	[13.01,4.01,13.99,4.99],"texture":"#block","cullface":"Know2Good"}
		}
	},
	{
		"type":"cube", //Handle top to bottom bottom
		"from":[11,9,7.5],
		"to":[12,10,8.5],
		"rotation": {"origin": [ 8, 1, 8 ], "axis": "y", "angle": 0 },
		"faces": {
			"down":{"uv":	[11.01,6.01,11.99,6.99],"texture":"#block","cullface":"Know2Good"},
			"up":{"uv":		[11.01,6.01,11.99,6.99],"texture":"#block","cullface":"Know2Good"},
			"north":{"uv":	[11.01,6.01,11.99,6.99],"texture":"#block","cullface":"Know2Good"},
			"south":{"uv":	[11.01,6.01,11.99,6.99],"texture":"#block","cullface":"Know2Good"},
			"west":{"uv":	[11.01,6.01,11.99,6.99],"texture":"#block","cullface":"Know2Good"},
			"east":{"uv":	[11.01,6.01,11.99,6.99],"texture":"#block","cullface":"Know2Good"}
		}
	},
	{
		"type":"cube", //Handle top to bottom bottom
		"from":[10,8,7.5],
		"to":[11,9,8.5],
		"rotation": {"origin": [ 8, 1, 8 ], "axis": "y", "angle": 0 },
		"faces": {
			"down":{"uv":	[10.01,7.01,10.99,7.99],"texture":"#block","cullface":"Know2Good"},
			"up":{"uv":		[10.01,7.01,10.99,7.99],"texture":"#block","cullface":"Know2Good"},
			"north":{"uv":	[10.01,7.01,10.99,7.99],"texture":"#block","cullface":"Know2Good"},
			"south":{"uv":	[10.01,7.01,10.99,7.99],"texture":"#block","cullface":"Know2Good"},
			"west":{"uv":	[10.01,7.01,10.99,7.99],"texture":"#block","cullface":"Know2Good"},
			"east":{"uv":	[10.01,7.01,10.99,7.99],"texture":"#block","cullface":"Know2Good"}
		}
	},
	{
		"type":"cube", //Handle top to bottom bottom
		"from":[9,7,7.5],
		"to":[10,8,8.5],
		"rotation": {"origin": [ 8, 1, 8 ], "axis": "y", "angle": 0 },
		"faces": {
			"down":{"uv":	[9.01,8.01,9.99,8.99],"texture":"#block","cullface":"Know2Good"},
			"up":{"uv":		[9.01,8.01,9.99,8.99],"texture":"#block","cullface":"Know2Good"},
			"north":{"uv":	[9.01,8.01,9.99,8.99],"texture":"#block","cullface":"Know2Good"},
			"south":{"uv":	[9.01,8.01,9.99,8.99],"texture":"#block","cullface":"Know2Good"},
			"west":{"uv":	[9.01,8.01,9.99,8.99],"texture":"#block","cullface":"Know2Good"},
			"east":{"uv":	[9.01,8.01,9.99,8.99],"texture":"#block","cullface":"Know2Good"}
		}
	},
	{
		"type":"cube", //Handle top to bottom bottom
		"from":[8,6,7.5],
		"to":[9,7,8.5],
		"rotation": {"origin": [ 8, 1, 8 ], "axis": "y", "angle": 0 },
		"faces": {
			"down":{"uv":	[8.01,9.01,8.99,9.99],"texture":"#block","cullface":"Know2Good"},
			"up":{"uv":		[8.01,9.01,8.99,9.99],"texture":"#block","cullface":"Know2Good"},
			"north":{"uv":	[8.01,9.01,8.99,9.99],"texture":"#block","cullface":"Know2Good"},
			"south":{"uv":	[8.01,9.01,8.99,9.99],"texture":"#block","cullface":"Know2Good"},
			"west":{"uv":	[8.01,9.01,8.99,9.99],"texture":"#block","cullface":"Know2Good"},
			"east":{"uv":	[8.01,9.01,8.99,9.99],"texture":"#block","cullface":"Know2Good"}
		}
	},
	{
		"type":"cube", //Handle top to bottom bottom
		"from":[7,5,7.5],
		"to":[8,6,8.5],
		"rotation": {"origin": [ 8, 1, 8 ], "axis": "y", "angle": 0 },
		"faces": {
			"down":{"uv":	[7.01,10.01,7.99,10.99],"texture":"#block","cullface":"Know2Good"},
			"up":{"uv":		[7.01,10.01,7.99,10.99],"texture":"#block","cullface":"Know2Good"},
			"north":{"uv":	[7.01,10.01,7.99,10.99],"texture":"#block","cullface":"Know2Good"},
			"south":{"uv":	[7.01,10.01,7.99,10.99],"texture":"#block","cullface":"Know2Good"},
			"west":{"uv":	[7.01,10.01,7.99,10.99],"texture":"#block","cullface":"Know2Good"},
			"east":{"uv":	[7.01,10.01,7.99,10.99],"texture":"#block","cullface":"Know2Good"}
		}
	},
	{
		"type":"cube", //Handle top to bottom bottom
		"from":[6,4,7.5],
		"to":[7,5,8.5],
		"rotation": {"origin": [ 8, 1, 8 ], "axis": "y", "angle": 0 },
		"faces": {
			"down":{"uv":	[6.01,11.01,6.99,11.99],"texture":"#block","cullface":"Know2Good"},
			"up":{"uv":		[6.01,11.01,6.99,11.99],"texture":"#block","cullface":"Know2Good"},
			"north":{"uv":	[6.01,11.01,6.99,11.99],"texture":"#block","cullface":"Know2Good"},
			"south":{"uv":	[6.01,11.01,6.99,11.99],"texture":"#block","cullface":"Know2Good"},
			"west":{"uv":	[6.01,11.01,6.99,11.99],"texture":"#block","cullface":"Know2Good"},
			"east":{"uv":	[6.01,11.01,6.99,11.99],"texture":"#block","cullface":"Know2Good"}
		}
	},
	{
		"type":"cube", //Handle top to bottom bottom
		"from":[5,3,7.5],
		"to":[6,4,8.5],
		"rotation": {"origin": [ 8, 1, 8 ], "axis": "y", "angle": 0 },
		"faces": {
			"down":{"uv":	[5.01,12.01,5.99,12.99],"texture":"#block","cullface":"Know2Good"},
			"up":{"uv":		[5.01,12.01,5.99,12.99],"texture":"#block","cullface":"Know2Good"},
			"north":{"uv":	[5.01,12.01,5.99,12.99],"texture":"#block","cullface":"Know2Good"},
			"south":{"uv":	[5.01,12.01,5.99,12.99],"texture":"#block","cullface":"Know2Good"},
			"west":{"uv":	[5.01,12.01,5.99,12.99],"texture":"#block","cullface":"Know2Good"},
			"east":{"uv":	[5.01,12.01,5.99,12.99],"texture":"#block","cullface":"Know2Good"}
		}
	},
	{
		"type":"cube", //Handle top to bottom bottom
		"from":[4,2,7.5],
		"to":[5,3,8.5],
		"rotation": {"origin": [ 8, 1, 8 ], "axis": "y", "angle": 0 },
		"faces": {
			"down":{"uv":	[4.01,13.01,4.99,13.99],"texture":"#block","cullface":"Know2Good"},
			"up":{"uv":		[4.01,13.01,4.99,13.99],"texture":"#block","cullface":"Know2Good"},
			"north":{"uv":	[4.01,13.01,4.99,13.99],"texture":"#block","cullface":"Know2Good"},
			"south":{"uv":	[4.01,13.01,4.99,13.99],"texture":"#block","cullface":"Know2Good"},
			"west":{"uv":	[4.01,13.01,4.99,13.99],"texture":"#block","cullface":"Know2Good"},
			"east":{"uv":	[4.01,13.01,4.99,13.99],"texture":"#block","cullface":"Know2Good"}
		}
	},
	{
		"type":"cube", //Handle top to bottom bottom
		"from":[3,1,7.5],
		"to":[4,2,8.5],
		"rotation": {"origin": [ 8, 1, 8 ], "axis": "y", "angle": 0 },
		"faces": {
			"down":{"uv":	[3.01,14.01,3.99,14.99],"texture":"#block","cullface":"Know2Good"},
			"up":{"uv":		[3.01,14.01,3.99,14.99],"texture":"#block","cullface":"Know2Good"},
			"north":{"uv":	[3.01,14.01,3.99,14.99],"texture":"#block","cullface":"Know2Good"},
			"south":{"uv":	[3.01,14.01,3.99,14.99],"texture":"#block","cullface":"Know2Good"},
			"west":{"uv":	[3.01,14.01,3.99,14.99],"texture":"#block","cullface":"Know2Good"},
			"east":{"uv":	[3.01,14.01,3.99,14.99],"texture":"#block","cullface":"Know2Good"}
		}
	},
	{
		"type":"cube", //Handle top to bottom bottom
		"from":[3,1,7.5],
		"to":[4,2,8.5],
		"rotation": {"origin": [ 8, 1, 8 ], "axis": "y", "angle": 0 },
		"faces": {
			"down":{"uv":	[3.01,14.01,3.99,14.99],"texture":"#block","cullface":"Know2Good"},
			"up":{"uv":		[3.01,14.01,3.99,14.99],"texture":"#block","cullface":"Know2Good"},
			"north":{"uv":	[3.01,14.01,3.99,14.99],"texture":"#block","cullface":"Know2Good"},
			"south":{"uv":	[3.01,14.01,3.99,14.99],"texture":"#block","cullface":"Know2Good"},
			"west":{"uv":	[3.01,14.01,3.99,14.99],"texture":"#block","cullface":"Know2Good"},
			"east":{"uv":	[3.01,14.01,3.99,14.99],"texture":"#block","cullface":"Know2Good"}
		}
	}
],
"display": {
    "fixed": {
        "rotation": [ -20, 0, 0 ],
        "translation": [ -0.5, 0.25, -2 ],
        "scale": [ 2.5, 2.5, 2.5 ]
    },
    "ground": {
        "rotation": [ 0, 0, 0 ],
        "translation": [ 0, 0, 0 ],
        "scale": [ 2, 2, 2 ]
    },
	"thirdperson": {
		"rotation": [ 0, 86, 310 ],
		"translation": [ 0.15, 0.75, -4 ],
		"scale": [ 0.9, 0.9, 0.9 ]
	},
	"firstperson": {
		"rotation": [ 0, 225, 45 ],
		"translation": [ 0, 4, 2 ],
		"scale": [ 1.5, 1.5, 1.5 ]
	},
	"gui": {
		"rotation": [ 130, 110, 250 ],
		"translation": [ 0, -0.2, 0 ],
		"scale": [ 1.5, 1.5, 1.5 ]
	}
}
}