{
"__comment":"Made by Know2Good, part of the 'Default 3D™' resource pack || Official download page: http://www.planetminecraft.com/texture_pack/default-3d-2985741/ || © Know2Good. All rights reserved. ",
"__comment":"No UV-bleed, OK coordinate, OK texture, OK cullface",
"textures": {
	"block": "items/wheat",
	"particle":"items/wheat"
},
"elements": [
	{
		"__comment":"Wheat bottom left to top right",
		"from": [1,0,7.50],
		"to": [2,1,8.50],
		"rotation": {"origin": [ 8, 1, 8 ], "axis": "y", "angle": 0 },
		"faces": {
			"down":{"uv":	[1.01,15.01,1.99,15.99],"texture":"#block","cullface":"Know2Good"},
			"up":{"uv":		[1.01,15.01,1.99,15.99],"texture":"#block","cullface":"Know2Good"},
			"north":{"uv":	[1.01,15.01,1.99,15.99],"texture":"#block","cullface":"Know2Good"},
			"south":{"uv":	[1.01,15.01,1.99,15.99],"texture":"#block","cullface":"Know2Good"},
			"west":{"uv":	[1.01,15.01,1.99,15.99],"texture":"#block","cullface":"Know2Good"},
			"east":{"uv":	[1.01,15.01,1.99,15.99],"texture":"#block","cullface":"Know2Good"}
		}
	},
	{
		"__comment":"Wheat bottom left to top right",
		"from": [4,0,7.50],
		"to": [5,1,8.50],
		"rotation": {"origin": [ 8, 1, 8 ], "axis": "y", "angle": 0 },
		"faces": {
			"down":{"uv":	[4.01,15.01,4.99,15.99],"texture":"#block","cullface":"Know2Good"},
			"up":{"uv":		[4.01,15.01,4.99,15.99],"texture":"#block","cullface":"Know2Good"},
			"north":{"uv":	[4.01,15.01,4.99,15.99],"texture":"#block","cullface":"Know2Good"},
			"south":{"uv":	[4.01,15.01,4.99,15.99],"texture":"#block","cullface":"Know2Good"},
			"west":{"uv":	[4.01,15.01,4.99,15.99],"texture":"#block","cullface":"Know2Good"},
			"east":{"uv":	[4.01,15.01,4.99,15.99],"texture":"#block","cullface":"Know2Good"}
		}
	},
	{
		"__comment":"Wheat bottom left to top right",
		"from": [1,1,7],
		"to": [2,2,9],
		"rotation": {"origin": [ 8, 1, 8 ], "axis": "y", "angle": 0 },
		"faces": {
			"down":{"uv":	[1.01,14.01,1.99,14.99],"texture":"#block","cullface":"Know2Good"},
			"up":{"uv":		[1.01,14.01,1.99,14.99],"texture":"#block","cullface":"Know2Good"},
			"north":{"uv":	[1.01,14.01,1.99,14.99],"texture":"#block","cullface":"Know2Good"},
			"south":{"uv":	[1.01,14.01,1.99,14.99],"texture":"#block","cullface":"Know2Good"},
			"west":{"uv":	[1.01,14.01,1.99,14.99],"texture":"#block","cullface":"Know2Good"},
			"east":{"uv":	[1.01,14.01,1.99,14.99],"texture":"#block","cullface":"Know2Good"}
		}
	},
	{
		"__comment":"Wheat bottom left to top right",
		"from": [2,1,7.50],
		"to": [4,2,8.50],
		"rotation": {"origin": [ 8, 1, 8 ], "axis": "y", "angle": 0 },
		"faces": {
			"down":{"uv":	[3.01,14.01,4.99,14.99],"texture":"#block","cullface":"Know2Good"},
			"up":{"uv":		[3.01,14.01,4.99,14.99],"texture":"#block","cullface":"Know2Good"},
			"north":{"uv":	[3.01,14.01,4.99,14.99],"texture":"#block","cullface":"Know2Good","rotation":180},
			"south":{"uv":	[3.01,14.01,4.99,14.99],"texture":"#block","cullface":"Know2Good"},
			"west":{"uv":	[3.01,14.01,3.99,14.99],"texture":"#block","cullface":"Know2Good"},
			"east":{"uv":	[4.01,14.01,4.99,14.99],"texture":"#block","cullface":"Know2Good"}
		}
	},
	{
		"__comment":"Wheat bottom left to top right",
		"from": [4,1,7.25],
		"to": [5,2,8.75],
		"rotation": {"origin": [ 8, 1, 8 ], "axis": "y", "angle": 0 },
		"faces": {
			"down":{"uv":	[5.01,14.01,5.99,14.99],"texture":"#block","cullface":"Know2Good"},
			"up":{"uv":		[5.01,14.01,5.99,14.99],"texture":"#block","cullface":"Know2Good"},
			"north":{"uv":	[5.01,14.01,5.99,14.99],"texture":"#block","cullface":"Know2Good"},
			"south":{"uv":	[5.01,14.01,5.99,14.99],"texture":"#block","cullface":"Know2Good"},
			"west":{"uv":	[5.01,14.01,5.99,14.99],"texture":"#block","cullface":"Know2Good"},
			"east":{"uv":	[5.01,14.01,5.99,14.99],"texture":"#block","cullface":"Know2Good"}
		}
	},
	{
		"__comment":"Wheat bottom left to top right",
		"from": [5,1,7.50],
		"to": [6,2,8.50],
		"rotation": {"origin": [ 8, 1, 8 ], "axis": "y", "angle": 0 },
		"faces": {
			"down":{"uv":	[6.01,14.01,6.99,14.99],"texture":"#block","cullface":"Know2Good"},
			"up":{"uv":		[6.01,14.01,6.99,14.99],"texture":"#block","cullface":"Know2Good"},
			"north":{"uv":	[6.01,14.01,6.99,14.99],"texture":"#block","cullface":"Know2Good"},
			"south":{"uv":	[6.01,14.01,6.99,14.99],"texture":"#block","cullface":"Know2Good"},
			"west":{"uv":	[6.01,14.01,6.99,14.99],"texture":"#block","cullface":"Know2Good"},
			"east":{"uv":	[6.01,14.01,6.99,14.99],"texture":"#block","cullface":"Know2Good"}
		}
	},
	{
		"__comment":"Wheat bottom left to top right",
		"from": [1,2,7.50],
		"to": [2,3,8.50],
		"rotation": {"origin": [ 8, 1, 8 ], "axis": "y", "angle": 0 },
		"faces": {
			"down":{"uv":	[1.01,13.01,1.99,13.99],"texture":"#block","cullface":"Know2Good"},
			"up":{"uv":		[1.01,13.01,1.99,13.99],"texture":"#block","cullface":"Know2Good"},
			"north":{"uv":	[1.01,13.01,1.99,13.99],"texture":"#block","cullface":"Know2Good"},
			"south":{"uv":	[1.01,13.01,1.99,13.99],"texture":"#block","cullface":"Know2Good"},
			"west":{"uv":	[1.01,13.01,1.99,13.99],"texture":"#block","cullface":"Know2Good"},
			"east":{"uv":	[1.01,13.01,1.99,13.99],"texture":"#block","cullface":"Know2Good"}
		}
	},
	{
		"__comment":"Wheat bottom left to top right",
		"from": [2,2,7],
		"to": [3,3,9],
		"rotation": {"origin": [ 8, 1, 8 ], "axis": "y", "angle": 0 },
		"faces": {
			"down":{"uv":	[2.01,13.01,2.99,13.99],"texture":"#block","cullface":"Know2Good"},
			"up":{"uv":		[2.01,13.01,2.99,13.99],"texture":"#block","cullface":"Know2Good"},
			"north":{"uv":	[2.01,13.01,2.99,13.99],"texture":"#block","cullface":"Know2Good"},
			"south":{"uv":	[2.01,13.01,2.99,13.99],"texture":"#block","cullface":"Know2Good"},
			"west":{"uv":	[2.01,13.01,2.99,13.99],"texture":"#block","cullface":"Know2Good"},
			"east":{"uv":	[2.01,13.01,2.99,13.99],"texture":"#block","cullface":"Know2Good"}
		}
	},
	{
		"__comment":"Wheat bottom left to top right",
		"from": [3,2,7.50],
		"to": [6,3,8.50],
		"rotation": {"origin": [ 8, 1, 8 ], "axis": "y", "angle": 0 },
		"faces": {
			"down":{"uv":	[3.01,13.01,5.99,13.99],"texture":"#block","cullface":"Know2Good"},
			"up":{"uv":		[3.01,13.01,5.99,13.99],"texture":"#block","cullface":"Know2Good"},
			"north":{"uv":	[3.01,13.01,5.99,13.99],"texture":"#block","cullface":"Know2Good","rotation":180},
			"south":{"uv":	[3.01,13.01,5.99,13.99],"texture":"#block","cullface":"Know2Good"},
			"west":{"uv":	[3.01,13.01,3.99,13.99],"texture":"#block","cullface":"Know2Good"},
			"east":{"uv":	[5.01,13.01,5.99,13.99],"texture":"#block","cullface":"Know2Good"}
		}
	},
	{
		"__comment":"Wheat bottom left to top right",
		"from": [1,3,6.75],
		"to": [3,4,9.25],
		"rotation": {"origin": [ 8, 1, 8 ], "axis": "y", "angle": 0 },
		"faces": {
			"down":{"uv":	[1.01,12.01,2.99,12.99],"texture":"#block","cullface":"Know2Good"},
			"up":{"uv":		[1.01,12.01,2.99,12.99],"texture":"#block","cullface":"Know2Good"},
			"north":{"uv":	[1.01,12.01,2.99,12.99],"texture":"#block","cullface":"Know2Good","rotation":180},
			"south":{"uv":	[1.01,12.01,2.99,12.99],"texture":"#block","cullface":"Know2Good"},
			"west":{"uv":	[1.01,12.01,1.99,12.99],"texture":"#block","cullface":"Know2Good"},
			"east":{"uv":	[2.01,12.01,2.99,12.99],"texture":"#block","cullface":"Know2Good"}
		}
	},
	{
		"__comment":"Wheat bottom left to top right",
		"from": [3,3,7],
		"to": [4,4,9],
		"rotation": {"origin": [ 8, 1, 8 ], "axis": "y", "angle": 0 },
		"faces": {
			"down":{"uv":	[3.01,12.01,3.99,12.99],"texture":"#block","cullface":"Know2Good"},
			"up":{"uv":		[3.01,12.01,3.99,12.99],"texture":"#block","cullface":"Know2Good"},
			"north":{"uv":	[3.01,12.01,3.99,12.99],"texture":"#block","cullface":"Know2Good"},
			"south":{"uv":	[3.01,12.01,3.99,12.99],"texture":"#block","cullface":"Know2Good"},
			"west":{"uv":	[3.01,12.01,3.99,12.99],"texture":"#block","cullface":"Know2Good"},
			"east":{"uv":	[3.01,12.01,3.99,12.99],"texture":"#block","cullface":"Know2Good"}
		}
	},
	{
		"__comment":"Wheat bottom left to top right",
		"from": [4,3,7.50],
		"to": [5,4,8.50],
		"rotation": {"origin": [ 8, 1, 8 ], "axis": "y", "angle": 0 },
		"faces": {
			"down":{"uv":	[4.01,12.01,4.99,12.99],"texture":"#block","cullface":"Know2Good"},
			"up":{"uv":		[4.01,12.01,4.99,12.99],"texture":"#block","cullface":"Know2Good"},
			"north":{"uv":	[4.01,12.01,4.99,12.99],"texture":"#block","cullface":"Know2Good"},
			"south":{"uv":	[4.01,12.01,4.99,12.99],"texture":"#block","cullface":"Know2Good"},
			"west":{"uv":	[4.01,12.01,4.99,12.99],"texture":"#block","cullface":"Know2Good"},
			"east":{"uv":	[4.01,12.01,4.99,12.99],"texture":"#block","cullface":"Know2Good"}
		}
	},
	{
		"__comment":"Wheat bottom left to top right",
		"from": [5,3,7.25],
		"to": [6,4,8.75],
		"rotation": {"origin": [ 8, 1, 8 ], "axis": "y", "angle": 0 },
		"faces": {
			"down":{"uv":	[5.01,12.01,5.99,12.99],"texture":"#block","cullface":"Know2Good"},
			"up":{"uv":		[5.01,12.01,5.99,12.99],"texture":"#block","cullface":"Know2Good"},
			"north":{"uv":	[5.01,12.01,5.99,12.99],"texture":"#block","cullface":"Know2Good"},
			"south":{"uv":	[5.01,12.01,5.99,12.99],"texture":"#block","cullface":"Know2Good"},
			"west":{"uv":	[5.01,12.01,5.99,12.99],"texture":"#block","cullface":"Know2Good"},
			"east":{"uv":	[5.01,12.01,5.99,12.99],"texture":"#block","cullface":"Know2Good"}
		}
	},
	{
		"__comment":"Wheat bottom left to top right",
		"from": [6,3,7.50],
		"to": [7,4,8.50],
		"rotation": {"origin": [ 8, 1, 8 ], "axis": "y", "angle": 0 },
		"faces": {
			"down":{"uv":	[6.01,12.01,6.99,12.99],"texture":"#block","cullface":"Know2Good"},
			"up":{"uv":		[6.01,12.01,6.99,12.99],"texture":"#block","cullface":"Know2Good"},
			"north":{"uv":	[6.01,12.01,6.99,12.99],"texture":"#block","cullface":"Know2Good"},
			"south":{"uv":	[6.01,12.01,6.99,12.99],"texture":"#block","cullface":"Know2Good"},
			"west":{"uv":	[6.01,12.01,6.99,12.99],"texture":"#block","cullface":"Know2Good"},
			"east":{"uv":	[6.01,12.01,6.99,12.99],"texture":"#block","cullface":"Know2Good"}
		}
	},
	{
		"__comment":"Wheat bottom left to top right",
		"from": [1,4,6.50],
		"to": [2,5,9.50],
		"rotation": {"origin": [ 8, 1, 8 ], "axis": "y", "angle": 0 },
		"faces": {
			"down":{"uv":	[1.01,11.01,1.99,11.99],"texture":"#block","cullface":"Know2Good"},
			"up":{"uv":		[1.01,11.01,1.99,11.99],"texture":"#block","cullface":"Know2Good"},
			"north":{"uv":	[1.01,11.01,1.99,11.99],"texture":"#block","cullface":"Know2Good"},
			"south":{"uv":	[1.01,11.01,1.99,11.99],"texture":"#block","cullface":"Know2Good"},
			"west":{"uv":	[1.01,11.01,1.99,11.99],"texture":"#block","cullface":"Know2Good"},
			"east":{"uv":	[1.01,11.01,1.99,11.99],"texture":"#block","cullface":"Know2Good"}
		}
	},
	{
		"__comment":"Wheat bottom left to top right",
		"from": [2,4,7],
		"to": [3,5,9],
		"rotation": {"origin": [ 8, 1, 8 ], "axis": "y", "angle": 0 },
		"faces": {
			"down":{"uv":	[2.01,11.01,2.99,11.99],"texture":"#block","cullface":"Know2Good"},
			"up":{"uv":		[2.01,11.01,2.99,11.99],"texture":"#block","cullface":"Know2Good"},
			"north":{"uv":	[2.01,11.01,2.99,11.99],"texture":"#block","cullface":"Know2Good"},
			"south":{"uv":	[2.01,11.01,2.99,11.99],"texture":"#block","cullface":"Know2Good"},
			"west":{"uv":	[2.01,11.01,2.99,11.99],"texture":"#block","cullface":"Know2Good"},
			"east":{"uv":	[2.01,11.01,2.99,11.99],"texture":"#block","cullface":"Know2Good"}
		}
	},
	{
		"__comment":"Wheat bottom left to top right",
		"from": [3,4,6.75],
		"to": [4,5,9.25],
		"rotation": {"origin": [ 8, 1, 8 ], "axis": "y", "angle": 0 },
		"faces": {
			"down":{"uv":	[3.01,11.01,3.99,11.99],"texture":"#block","cullface":"Know2Good"},
			"up":{"uv":		[3.01,11.01,3.99,11.99],"texture":"#block","cullface":"Know2Good"},
			"north":{"uv":	[3.01,11.01,3.99,11.99],"texture":"#block","cullface":"Know2Good"},
			"south":{"uv":	[3.01,11.01,3.99,11.99],"texture":"#block","cullface":"Know2Good"},
			"west":{"uv":	[3.01,11.01,3.99,11.99],"texture":"#block","cullface":"Know2Good"},
			"east":{"uv":	[3.01,11.01,3.99,11.99],"texture":"#block","cullface":"Know2Good"}
		}
	},
	{
		"__comment":"Wheat bottom left to top right",
		"from": [4,4,7],
		"to": [5,5,9],
		"rotation": {"origin": [ 8, 1, 8 ], "axis": "y", "angle": 0 },
		"faces": {
			"down":{"uv":	[4.01,11.01,4.99,11.99],"texture":"#block","cullface":"Know2Good"},
			"up":{"uv":		[4.01,11.01,4.99,11.99],"texture":"#block","cullface":"Know2Good"},
			"north":{"uv":	[4.01,11.01,4.99,11.99],"texture":"#block","cullface":"Know2Good"},
			"south":{"uv":	[4.01,11.01,4.99,11.99],"texture":"#block","cullface":"Know2Good"},
			"west":{"uv":	[4.01,11.01,4.99,11.99],"texture":"#block","cullface":"Know2Good"},
			"east":{"uv":	[4.01,11.01,4.99,11.99],"texture":"#block","cullface":"Know2Good"}
		}
	},
	{
		"__comment":"Wheat bottom left to top right",
		"from": [5,4,7.50],
		"to": [9,5,8.50],
		"rotation": {"origin": [ 8, 1, 8 ], "axis": "y", "angle": 0 },
		"faces": {
			"down":{"uv":	[5.01,11.01,8.99,11.99],"texture":"#block","cullface":"Know2Good"},
			"up":{"uv":		[5.01,11.01,8.99,11.99],"texture":"#block","cullface":"Know2Good"},
			"north":{"uv":	[5.01,11.01,8.99,11.99],"texture":"#block","cullface":"Know2Good","rotation":180},
			"south":{"uv":	[5.01,11.01,8.99,11.99],"texture":"#block","cullface":"Know2Good"},
			"west":{"uv":	[5.01,11.01,5.99,11.99],"texture":"#block","cullface":"Know2Good"},
			"east":{"uv":	[8.01,11.01,8.99,11.99],"texture":"#block","cullface":"Know2Good"}
		}
	},
	{
		"__comment":"Wheat bottom left to top right",
		"from": [11,4,7.50],
		"to": [14,5,8.50],
		"rotation": {"origin": [ 8, 1, 8 ], "axis": "y", "angle": 0 },
		"faces": {
			"down":{"uv":	[11.01,11.01,13.99,11.99],"texture":"#block","cullface":"Know2Good"},
			"up":{"uv":		[11.01,11.01,13.99,11.99],"texture":"#block","cullface":"Know2Good"},
			"north":{"uv":	[11.01,11.01,13.99,11.99],"texture":"#block","cullface":"Know2Good","rotation":180},
			"south":{"uv":	[11.01,11.01,13.99,11.99],"texture":"#block","cullface":"Know2Good"},
			"west":{"uv":	[11.01,11.01,11.99,11.99],"texture":"#block","cullface":"Know2Good"},
			"east":{"uv":	[13.01,11.01,13.99,11.99],"texture":"#block","cullface":"Know2Good"}
		}
	},
	{
		"__comment":"Wheat bottom left to top right",
		"from": [3,5,6.50],
		"to": [4,6,9.50],
		"rotation": {"origin": [ 8, 1, 8 ], "axis": "y", "angle": 0 },
		"faces": {
			"down":{"uv":	[3.01,10.01,3.99,10.99],"texture":"#block","cullface":"Know2Good"},
			"up":{"uv":		[3.01,10.01,3.99,10.99],"texture":"#block","cullface":"Know2Good"},
			"north":{"uv":	[3.01,10.01,3.99,10.99],"texture":"#block","cullface":"Know2Good"},
			"south":{"uv":	[3.01,10.01,3.99,10.99],"texture":"#block","cullface":"Know2Good"},
			"west":{"uv":	[3.01,10.01,3.99,10.99],"texture":"#block","cullface":"Know2Good"},
			"east":{"uv":	[3.01,10.01,3.99,10.99],"texture":"#block","cullface":"Know2Good"}
		}
	},
	{
		"__comment":"Wheat bottom left to top right",
		"from": [4,5,7.50],
		"to": [7,6,8.50],
		"rotation": {"origin": [ 8, 1, 8 ], "axis": "y", "angle": 0 },
		"faces": {
			"down":{"uv":	[4.01,10.01,6.99,10.99],"texture":"#block","cullface":"Know2Good"},
			"up":{"uv":		[4.01,10.01,6.99,10.99],"texture":"#block","cullface":"Know2Good"},
			"north":{"uv":	[4.01,10.01,6.99,10.99],"texture":"#block","cullface":"Know2Good","rotation":180},
			"south":{"uv":	[4.01,10.01,6.99,10.99],"texture":"#block","cullface":"Know2Good"},
			"west":{"uv":	[4.01,10.01,4.99,10.99],"texture":"#block","cullface":"Know2Good"},
			"east":{"uv":	[6.01,10.01,6.99,10.99],"texture":"#block","cullface":"Know2Good"}
		}
	},
	{
		"__comment":"Wheat bottom left to top right",
		"from": [7,5,7.25],
		"to": [9,6,8.75],
		"rotation": {"origin": [ 8, 1, 8 ], "axis": "y", "angle": 0 },
		"faces": {
			"down":{"uv":	[7.01,10.01,8.99,10.99],"texture":"#block","cullface":"Know2Good"},
			"up":{"uv":		[7.01,10.01,8.99,10.99],"texture":"#block","cullface":"Know2Good"},
			"north":{"uv":	[7.01,10.01,8.99,10.99],"texture":"#block","cullface":"Know2Good","rotation":180},
			"south":{"uv":	[7.01,10.01,8.99,10.99],"texture":"#block","cullface":"Know2Good"},
			"west":{"uv":	[7.01,10.01,7.99,10.99],"texture":"#block","cullface":"Know2Good"},
			"east":{"uv":	[8.01,10.01,8.99,10.99],"texture":"#block","cullface":"Know2Good"}
		}
	},
	{
		"__comment":"Wheat bottom left to top right",
		"from": [9,5,7.50],
		"to": [11,6,8.50],
		"rotation": {"origin": [ 8, 1, 8 ], "axis": "y", "angle": 0 },
		"faces": {
			"down":{"uv":	[9.01,10.01,10.99,10.99],"texture":"#block","cullface":"Know2Good"},
			"up":{"uv":		[9.01,10.01,10.99,10.99],"texture":"#block","cullface":"Know2Good"},
			"north":{"uv":	[9.01,10.01,10.99,10.99],"texture":"#block","cullface":"Know2Good","rotation":180},
			"south":{"uv":	[9.01,10.01,10.99,10.99],"texture":"#block","cullface":"Know2Good"},
			"west":{"uv":	[9.01,10.01,9.99,10.99],"texture":"#block","cullface":"Know2Good"},
			"east":{"uv":	[10.01,10.01,10.99,10.99],"texture":"#block","cullface":"Know2Good"}
		}
	},
	{
		"__comment":"Wheat bottom left to top right",
		"from": [11,5,7.25],
		"to": [12,6,8.75],
		"rotation": {"origin": [ 8, 1, 8 ], "axis": "y", "angle": 0 },
		"faces": {
			"down":{"uv":	[11.01,10.01,11.99,10.99],"texture":"#block","cullface":"Know2Good"},
			"up":{"uv":		[11.01,10.01,11.99,10.99],"texture":"#block","cullface":"Know2Good"},
			"north":{"uv":	[11.01,10.01,11.99,10.99],"texture":"#block","cullface":"Know2Good"},
			"south":{"uv":	[11.01,10.01,11.99,10.99],"texture":"#block","cullface":"Know2Good"},
			"west":{"uv":	[11.01,10.01,11.99,10.99],"texture":"#block","cullface":"Know2Good"},
			"east":{"uv":	[11.01,10.01,11.99,10.99],"texture":"#block","cullface":"Know2Good"}
		}
	},
	{
		"__comment":"Wheat bottom left to top right",
		"from": [12,5,7.50],
		"to": [13,6,8.50],
		"rotation": {"origin": [ 8, 1, 8 ], "axis": "y", "angle": 0 },
		"faces": {
			"down":{"uv":	[12.01,10.01,12.99,10.99],"texture":"#block","cullface":"Know2Good"},
			"up":{"uv":		[12.01,10.01,12.99,10.99],"texture":"#block","cullface":"Know2Good"},
			"north":{"uv":	[12.01,10.01,12.99,10.99],"texture":"#block","cullface":"Know2Good"},
			"south":{"uv":	[12.01,10.01,12.99,10.99],"texture":"#block","cullface":"Know2Good"},
			"west":{"uv":	[12.01,10.01,12.99,10.99],"texture":"#block","cullface":"Know2Good"},
			"east":{"uv":	[12.01,10.01,12.99,10.99],"texture":"#block","cullface":"Know2Good"}
		}
	},
	{
		"__comment":"Wheat bottom left to top right",
		"from": [4,6,7.50],
		"to": [7,7,8.50],
		"rotation": {"origin": [ 8, 1, 8 ], "axis": "y", "angle": 0 },
		"faces": {
			"down":{"uv":	[4.01,9.01,6.99,9.99],"texture":"#block","cullface":"Know2Good"},
			"up":{"uv":		[4.01,9.01,6.99,9.99],"texture":"#block","cullface":"Know2Good"},
			"north":{"uv":	[4.01,9.01,6.99,9.99],"texture":"#block","cullface":"Know2Good","rotation":180},
			"south":{"uv":	[4.01,9.01,6.99,9.99],"texture":"#block","cullface":"Know2Good"},
			"west":{"uv":	[4.01,9.01,4.99,9.99],"texture":"#block","cullface":"Know2Good"},
			"east":{"uv":	[6.01,9.01,6.99,9.99],"texture":"#block","cullface":"Know2Good"}
		}
	},
	{
		"__comment":"Wheat bottom left to top right",
		"from": [7,6,7.25],
		"to": [8,7,8.75],
		"rotation": {"origin": [ 8, 1, 8 ], "axis": "y", "angle": 0 },
		"faces": {
			"down":{"uv":	[7.01,9.01,7.99,9.99],"texture":"#block","cullface":"Know2Good"},
			"up":{"uv":		[7.01,9.01,7.99,9.99],"texture":"#block","cullface":"Know2Good"},
			"north":{"uv":	[7.01,9.01,7.99,9.99],"texture":"#block","cullface":"Know2Good"},
			"south":{"uv":	[7.01,9.01,7.99,9.99],"texture":"#block","cullface":"Know2Good"},
			"west":{"uv":	[7.01,9.01,7.99,9.99],"texture":"#block","cullface":"Know2Good"},
			"east":{"uv":	[7.01,9.01,7.99,9.99],"texture":"#block","cullface":"Know2Good"}
		}
	},
	{
		"__comment":"Wheat bottom left to top right",
		"from": [8,6,7.50],
		"to": [9,7,8.50],
		"rotation": {"origin": [ 8, 1, 8 ], "axis": "y", "angle": 0 },
		"faces": {
			"down":{"uv":	[8.01,9.01,8.99,9.99],"texture":"#block","cullface":"Know2Good"},
			"up":{"uv":		[8.01,9.01,8.99,9.99],"texture":"#block","cullface":"Know2Good"},
			"north":{"uv":	[8.01,9.01,8.99,9.99],"texture":"#block","cullface":"Know2Good"},
			"south":{"uv":	[8.01,9.01,8.99,9.99],"texture":"#block","cullface":"Know2Good"},
			"west":{"uv":	[8.01,9.01,8.99,9.99],"texture":"#block","cullface":"Know2Good"},
			"east":{"uv":	[8.01,9.01,8.99,9.99],"texture":"#block","cullface":"Know2Good"}
		}
	},
	{
		"__comment":"Wheat bottom left to top right",
		"from": [9,6,7.25],
		"to": [11,7,8.75],
		"rotation": {"origin": [ 8, 1, 8 ], "axis": "y", "angle": 0 },
		"faces": {
			"down":{"uv":	[9.01,9.01,10.99,9.99],"texture":"#block","cullface":"Know2Good"},
			"up":{"uv":		[9.01,9.01,10.99,9.99],"texture":"#block","cullface":"Know2Good"},
			"north":{"uv":	[9.01,9.01,10.99,9.99],"texture":"#block","cullface":"Know2Good","rotation":180},
			"south":{"uv":	[9.01,9.01,10.99,9.99],"texture":"#block","cullface":"Know2Good"},
			"west":{"uv":	[9.01,9.01,9.99,9.99],"texture":"#block","cullface":"Know2Good"},
			"east":{"uv":	[10.01,9.01,10.99,9.99],"texture":"#block","cullface":"Know2Good"}
		}
	},
	{
		"__comment":"Wheat bottom left to top right",
		"from": [11,6,7.25],
		"to": [13,7,8.75],
		"rotation": {"origin": [ 8, 1, 8 ], "axis": "y", "angle": 0 },
		"faces": {
			"down":{"uv":	[11.01,9.01,12.99,9.99],"texture":"#block","cullface":"Know2Good"},
			"up":{"uv":		[11.01,9.01,12.99,9.99],"texture":"#block","cullface":"Know2Good"},
			"north":{"uv":	[11.01,9.01,12.99,9.99],"texture":"#block","cullface":"Know2Good","rotation":180},
			"south":{"uv":	[11.01,9.01,12.99,9.99],"texture":"#block","cullface":"Know2Good"},
			"west":{"uv":	[11.01,9.01,11.99,9.99],"texture":"#block","cullface":"Know2Good"},
			"east":{"uv":	[12.01,9.01,12.99,9.99],"texture":"#block","cullface":"Know2Good"}
		}
	},
	{
		"__comment":"Wheat bottom left to top right",
		"from": [5,7,6.50],
		"to": [7,8,9.50],
		"rotation": {"origin": [ 8, 1, 8 ], "axis": "y", "angle": 0 },
		"faces": {
			"down":{"uv":	[5.01,8.01,6.99,8.99],"texture":"#block","cullface":"Know2Good"},
			"up":{"uv":		[5.01,8.01,6.99,8.99],"texture":"#block","cullface":"Know2Good"},
			"north":{"uv":	[5.01,8.01,6.99,8.99],"texture":"#block","cullface":"Know2Good","rotation":180},
			"south":{"uv":	[5.01,8.01,6.99,8.99],"texture":"#block","cullface":"Know2Good"},
			"west":{"uv":	[5.01,8.01,5.99,8.99],"texture":"#block","cullface":"Know2Good"},
			"east":{"uv":	[6.01,8.01,6.99,8.99],"texture":"#block","cullface":"Know2Good"}
		}
	},
	{
		"__comment":"Wheat bottom left to top right",
		"from": [7,7,7],
		"to": [8,8,9],
		"rotation": {"origin": [ 8, 1, 8 ], "axis": "y", "angle": 0 },
		"faces": {
			"down":{"uv":	[7.01,8.01,7.99,8.99],"texture":"#block","cullface":"Know2Good"},
			"up":{"uv":		[7.01,8.01,7.99,8.99],"texture":"#block","cullface":"Know2Good"},
			"north":{"uv":	[7.01,8.01,7.99,8.99],"texture":"#block","cullface":"Know2Good"},
			"south":{"uv":	[7.01,8.01,7.99,8.99],"texture":"#block","cullface":"Know2Good"},
			"west":{"uv":	[7.01,8.01,7.99,8.99],"texture":"#block","cullface":"Know2Good"},
			"east":{"uv":	[7.01,8.01,7.99,8.99],"texture":"#block","cullface":"Know2Good"}
		}
	},
	{
		"__comment":"Wheat bottom left to top right",
		"from": [8,7,7.25],
		"to": [9,8,8.75],
		"rotation": {"origin": [ 8, 1, 8 ], "axis": "y", "angle": 0 },
		"faces": {
			"down":{"uv":	[8.01,8.01,8.99,8.99],"texture":"#block","cullface":"Know2Good"},
			"up":{"uv":		[8.01,8.01,8.99,8.99],"texture":"#block","cullface":"Know2Good"},
			"north":{"uv":	[8.01,8.01,8.99,8.99],"texture":"#block","cullface":"Know2Good"},
			"south":{"uv":	[8.01,8.01,8.99,8.99],"texture":"#block","cullface":"Know2Good"},
			"west":{"uv":	[8.01,8.01,8.99,8.99],"texture":"#block","cullface":"Know2Good"},
			"east":{"uv":	[8.01,8.01,8.99,8.99],"texture":"#block","cullface":"Know2Good"}
		}
	},
	{
		"__comment":"Wheat bottom left to top right",
		"from": [9,7,7.50],
		"to": [11,8,8.50],
		"rotation": {"origin": [ 8, 1, 8 ], "axis": "y", "angle": 0 },
		"faces": {
			"down":{"uv":	[9.01,8.01,10.99,8.99],"texture":"#block","cullface":"Know2Good"},
			"up":{"uv":		[9.01,8.01,10.99,8.99],"texture":"#block","cullface":"Know2Good"},
			"north":{"uv":	[9.01,8.01,10.99,8.99],"texture":"#block","cullface":"Know2Good","rotation":180},
			"south":{"uv":	[9.01,8.01,10.99,8.99],"texture":"#block","cullface":"Know2Good"},
			"west":{"uv":	[9.01,8.01,9.99,8.99],"texture":"#block","cullface":"Know2Good"},
			"east":{"uv":	[10.01,8.01,10.99,8.99],"texture":"#block","cullface":"Know2Good"}
		}
	},
	{
		"__comment":"Wheat bottom left to top right",
		"from": [11,7,7.25],
		"to": [13,8,8.75],
		"rotation": {"origin": [ 8, 1, 8 ], "axis": "y", "angle": 0 },
		"faces": {
			"down":{"uv":	[11.01,8.01,12.99,8.99],"texture":"#block","cullface":"Know2Good"},
			"up":{"uv":		[11.01,8.01,12.99,8.99],"texture":"#block","cullface":"Know2Good"},
			"north":{"uv":	[11.01,8.01,12.99,8.99],"texture":"#block","cullface":"Know2Good","rotation":180},
			"south":{"uv":	[11.01,8.01,12.99,8.99],"texture":"#block","cullface":"Know2Good"},
			"west":{"uv":	[11.01,8.01,11.99,8.99],"texture":"#block","cullface":"Know2Good"},
			"east":{"uv":	[12.01,8.01,12.99,8.99],"texture":"#block","cullface":"Know2Good"}
		}
	},
	{
		"__comment":"Wheat bottom left to top right",
		"from": [13,7,7.50],
		"to": [15,8,8.50],
		"rotation": {"origin": [ 8, 1, 8 ], "axis": "y", "angle": 0 },
		"faces": {
			"down":{"uv":	[13.01,8.01,14.99,8.99],"texture":"#block","cullface":"Know2Good"},
			"up":{"uv":		[13.01,8.01,14.99,8.99],"texture":"#block","cullface":"Know2Good"},
			"north":{"uv":	[13.01,8.01,14.99,8.99],"texture":"#block","cullface":"Know2Good","rotation":180},
			"south":{"uv":	[13.01,8.01,14.99,8.99],"texture":"#block","cullface":"Know2Good"},
			"west":{"uv":	[13.01,8.01,13.99,8.99],"texture":"#block","cullface":"Know2Good"},
			"east":{"uv":	[14.01,8.01,14.99,8.99],"texture":"#block","cullface":"Know2Good"}
		}
	},
	{
		"__comment":"Wheat bottom left to top right",
		"from": [5,8,6.50],
		"to": [6,9,9.50],
		"rotation": {"origin": [ 8, 1, 8 ], "axis": "y", "angle": 0 },
		"faces": {
			"down":{"uv":	[5.01,7.01,5.99,7.99],"texture":"#block","cullface":"Know2Good"},
			"up":{"uv":		[5.01,7.01,5.99,7.99],"texture":"#block","cullface":"Know2Good"},
			"north":{"uv":	[5.01,7.01,5.99,7.99],"texture":"#block","cullface":"Know2Good"},
			"south":{"uv":	[5.01,7.01,5.99,7.99],"texture":"#block","cullface":"Know2Good"},
			"west":{"uv":	[5.01,7.01,5.99,7.99],"texture":"#block","cullface":"Know2Good"},
			"east":{"uv":	[5.01,7.01,5.99,7.99],"texture":"#block","cullface":"Know2Good"}
		}
	},
	{
		"__comment":"Wheat bottom left to top right",
		"from": [6,8,6.75],
		"to": [7,9,9.25],
		"rotation": {"origin": [ 8, 1, 8 ], "axis": "y", "angle": 0 },
		"faces": {
			"down":{"uv":	[6.01,7.01,6.99,7.99],"texture":"#block","cullface":"Know2Good"},
			"up":{"uv":		[6.01,7.01,6.99,7.99],"texture":"#block","cullface":"Know2Good"},
			"north":{"uv":	[6.01,7.01,6.99,7.99],"texture":"#block","cullface":"Know2Good"},
			"south":{"uv":	[6.01,7.01,6.99,7.99],"texture":"#block","cullface":"Know2Good"},
			"west":{"uv":	[6.01,7.01,6.99,7.99],"texture":"#block","cullface":"Know2Good"},
			"east":{"uv":	[6.01,7.01,6.99,7.99],"texture":"#block","cullface":"Know2Good"}
		}
	},
	{
		"__comment":"Wheat bottom left to top right",
		"from": [7,8,6.50],
		"to": [8,9,9.50],
		"rotation": {"origin": [ 8, 1, 8 ], "axis": "y", "angle": 0 },
		"faces": {
			"down":{"uv":	[7.01,7.01,7.99,7.99],"texture":"#block","cullface":"Know2Good"},
			"up":{"uv":		[7.01,7.01,7.99,7.99],"texture":"#block","cullface":"Know2Good"},
			"north":{"uv":	[7.01,7.01,7.99,7.99],"texture":"#block","cullface":"Know2Good"},
			"south":{"uv":	[7.01,7.01,7.99,7.99],"texture":"#block","cullface":"Know2Good"},
			"west":{"uv":	[7.01,7.01,7.99,7.99],"texture":"#block","cullface":"Know2Good"},
			"east":{"uv":	[7.01,7.01,7.99,7.99],"texture":"#block","cullface":"Know2Good"}
		}
	},
	{
		"__comment":"Wheat bottom left to top right",
		"from": [8,8,7.50],
		"to": [9,9,8.50],
		"rotation": {"origin": [ 8, 1, 8 ], "axis": "y", "angle": 0 },
		"faces": {
			"down":{"uv":	[8.01,7.01,8.99,7.99],"texture":"#block","cullface":"Know2Good"},
			"up":{"uv":		[8.01,7.01,8.99,7.99],"texture":"#block","cullface":"Know2Good"},
			"north":{"uv":	[8.01,7.01,8.99,7.99],"texture":"#block","cullface":"Know2Good"},
			"south":{"uv":	[8.01,7.01,8.99,7.99],"texture":"#block","cullface":"Know2Good"},
			"west":{"uv":	[8.01,7.01,8.99,7.99],"texture":"#block","cullface":"Know2Good"},
			"east":{"uv":	[8.01,7.01,8.99,7.99],"texture":"#block","cullface":"Know2Good"}
		}
	},
	{
		"__comment":"Wheat bottom left to top right",
		"from": [9,8,7.25],
		"to": [11,9,8.75],
		"rotation": {"origin": [ 8, 1, 8 ], "axis": "y", "angle": 0 },
		"faces": {
			"down":{"uv":	[9.01,7.01,10.99,7.99],"texture":"#block","cullface":"Know2Good"},
			"up":{"uv":		[9.01,7.01,10.99,7.99],"texture":"#block","cullface":"Know2Good"},
			"north":{"uv":	[9.01,7.01,10.99,7.99],"texture":"#block","cullface":"Know2Good","rotation":180},
			"south":{"uv":	[9.01,7.01,10.99,7.99],"texture":"#block","cullface":"Know2Good"},
			"west":{"uv":	[9.01,7.01,9.99,7.99],"texture":"#block","cullface":"Know2Good"},
			"east":{"uv":	[10.01,7.01,10.99,7.99],"texture":"#block","cullface":"Know2Good"}
		}
	},
	{
		"__comment":"Wheat bottom left to top right",
		"from": [11,8,7.50],
		"to": [12,9,8.50],
		"rotation": {"origin": [ 8, 1, 8 ], "axis": "y", "angle": 0 },
		"faces": {
			"down":{"uv":	[11.01,7.01,11.99,7.99],"texture":"#block","cullface":"Know2Good"},
			"up":{"uv":		[11.01,7.01,11.99,7.99],"texture":"#block","cullface":"Know2Good"},
			"north":{"uv":	[11.01,7.01,11.99,7.99],"texture":"#block","cullface":"Know2Good"},
			"south":{"uv":	[11.01,7.01,11.99,7.99],"texture":"#block","cullface":"Know2Good"},
			"west":{"uv":	[11.01,7.01,11.99,7.99],"texture":"#block","cullface":"Know2Good"},
			"east":{"uv":	[11.01,7.01,11.99,7.99],"texture":"#block","cullface":"Know2Good"}
		}
	},
	{
		"__comment":"Wheat bottom left to top right",
		"from": [12,8,7],
		"to": [14,9,9],
		"rotation": {"origin": [ 8, 1, 8 ], "axis": "y", "angle": 0 },
		"faces": {
			"down":{"uv":	[12.01,7.01,13.99,7.99],"texture":"#block","cullface":"Know2Good"},
			"up":{"uv":		[12.01,7.01,13.99,7.99],"texture":"#block","cullface":"Know2Good"},
			"north":{"uv":	[12.01,7.01,13.99,7.99],"texture":"#block","cullface":"Know2Good","rotation":180},
			"south":{"uv":	[12.01,7.01,13.99,7.99],"texture":"#block","cullface":"Know2Good"},
			"west":{"uv":	[12.01,7.01,12.99,7.99],"texture":"#block","cullface":"Know2Good"},
			"east":{"uv":	[13.01,7.01,13.99,7.99],"texture":"#block","cullface":"Know2Good"}
		}
	},
	{
		"__comment":"Wheat bottom left to top right",
		"from": [14,8,7.50],
		"to": [16,9,8.50],
		"rotation": {"origin": [ 8, 1, 8 ], "axis": "y", "angle": 0 },
		"faces": {
			"down":{"uv":	[14.01,7.01,15.99,7.99],"texture":"#block","cullface":"Know2Good"},
			"up":{"uv":		[14.01,7.01,15.99,7.99],"texture":"#block","cullface":"Know2Good"},
			"north":{"uv":	[14.01,7.01,15.99,7.99],"texture":"#block","cullface":"Know2Good","rotation":180},
			"south":{"uv":	[14.01,7.01,15.99,7.99],"texture":"#block","cullface":"Know2Good"},
			"west":{"uv":	[14.01,7.01,14.99,7.99],"texture":"#block","cullface":"Know2Good"},
			"east":{"uv":	[15.01,7.01,15.99,7.99],"texture":"#block","cullface":"Know2Good"}
		}
	},
	{
		"__comment":"Wheat bottom left to top right",
		"from": [6,9,6.50],
		"to": [7,10,9.50],
		"rotation": {"origin": [ 8, 1, 8 ], "axis": "y", "angle": 0 },
		"faces": {
			"down":{"uv":	[6.01,6.01,6.99,6.99],"texture":"#block","cullface":"Know2Good"},
			"up":{"uv":		[6.01,6.01,6.99,6.99],"texture":"#block","cullface":"Know2Good"},
			"north":{"uv":	[6.01,6.01,6.99,6.99],"texture":"#block","cullface":"Know2Good"},
			"south":{"uv":	[6.01,6.01,6.99,6.99],"texture":"#block","cullface":"Know2Good"},
			"west":{"uv":	[6.01,6.01,6.99,6.99],"texture":"#block","cullface":"Know2Good"},
			"east":{"uv":	[6.01,6.01,6.99,6.99],"texture":"#block","cullface":"Know2Good"}
		}
	},
	{
		"__comment":"Wheat bottom left to top right",
		"from": [7,9,6.75],
		"to": [8,10,9.25],
		"rotation": {"origin": [ 8, 1, 8 ], "axis": "y", "angle": 0 },
		"faces": {
			"down":{"uv":	[7.01,6.01,7.99,6.99],"texture":"#block","cullface":"Know2Good"},
			"up":{"uv":		[7.01,6.01,7.99,6.99],"texture":"#block","cullface":"Know2Good"},
			"north":{"uv":	[7.01,6.01,7.99,6.99],"texture":"#block","cullface":"Know2Good"},
			"south":{"uv":	[7.01,6.01,7.99,6.99],"texture":"#block","cullface":"Know2Good"},
			"west":{"uv":	[7.01,6.01,7.99,6.99],"texture":"#block","cullface":"Know2Good"},
			"east":{"uv":	[7.01,6.01,7.99,6.99],"texture":"#block","cullface":"Know2Good"}
		}
	},
	{
		"__comment":"Wheat bottom left to top right",
		"from": [8,9,6.50],
		"to": [9,10,9.50],
		"rotation": {"origin": [ 8, 1, 8 ], "axis": "y", "angle": 0 },
		"faces": {
			"down":{"uv":	[8.01,6.01,8.99,6.99],"texture":"#block","cullface":"Know2Good"},
			"up":{"uv":		[8.01,6.01,8.99,6.99],"texture":"#block","cullface":"Know2Good"},
			"north":{"uv":	[8.01,6.01,8.99,6.99],"texture":"#block","cullface":"Know2Good"},
			"south":{"uv":	[8.01,6.01,8.99,6.99],"texture":"#block","cullface":"Know2Good"},
			"west":{"uv":	[8.01,6.01,8.99,6.99],"texture":"#block","cullface":"Know2Good"},
			"east":{"uv":	[8.01,6.01,8.99,6.99],"texture":"#block","cullface":"Know2Good"}
		}
	},
	{
		"__comment":"Wheat bottom left to top right",
		"from": [9,9,7],
		"to": [10,10,9],
		"rotation": {"origin": [ 8, 1, 8 ], "axis": "y", "angle": 0 },
		"faces": {
			"down":{"uv":	[9.01,6.01,9.99,6.99],"texture":"#block","cullface":"Know2Good"},
			"up":{"uv":		[9.01,6.01,9.99,6.99],"texture":"#block","cullface":"Know2Good"},
			"north":{"uv":	[9.01,6.01,9.99,6.99],"texture":"#block","cullface":"Know2Good"},
			"south":{"uv":	[9.01,6.01,9.99,6.99],"texture":"#block","cullface":"Know2Good"},
			"west":{"uv":	[9.01,6.01,9.99,6.99],"texture":"#block","cullface":"Know2Good"},
			"east":{"uv":	[9.01,6.01,9.99,6.99],"texture":"#block","cullface":"Know2Good"}
		}
	},
	{
		"__comment":"Wheat bottom left to top right",
		"from": [10,9,7.50],
		"to": [11,10,8.50],
		"rotation": {"origin": [ 8, 1, 8 ], "axis": "y", "angle": 0 },
		"faces": {
			"down":{"uv":	[10.01,6.01,10.99,6.99],"texture":"#block","cullface":"Know2Good"},
			"up":{"uv":		[10.01,6.01,10.99,6.99],"texture":"#block","cullface":"Know2Good"},
			"north":{"uv":	[10.01,6.01,10.99,6.99],"texture":"#block","cullface":"Know2Good"},
			"south":{"uv":	[10.01,6.01,10.99,6.99],"texture":"#block","cullface":"Know2Good"},
			"west":{"uv":	[10.01,6.01,10.99,6.99],"texture":"#block","cullface":"Know2Good"},
			"east":{"uv":	[10.01,6.01,10.99,6.99],"texture":"#block","cullface":"Know2Good"}
		}
	},
	{
		"__comment":"Wheat bottom left to top right",
		"from": [11,9,7],
		"to": [12,10,9],
		"rotation": {"origin": [ 8, 1, 8 ], "axis": "y", "angle": 0 },
		"faces": {
			"down":{"uv":	[11.01,6.01,11.99,6.99],"texture":"#block","cullface":"Know2Good"},
			"up":{"uv":		[11.01,6.01,11.99,6.99],"texture":"#block","cullface":"Know2Good"},
			"north":{"uv":	[11.01,6.01,11.99,6.99],"texture":"#block","cullface":"Know2Good"},
			"south":{"uv":	[11.01,6.01,11.99,6.99],"texture":"#block","cullface":"Know2Good"},
			"west":{"uv":	[11.01,6.01,11.99,6.99],"texture":"#block","cullface":"Know2Good"},
			"east":{"uv":	[11.01,6.01,11.99,6.99],"texture":"#block","cullface":"Know2Good"}
		}
	},
	{
		"__comment":"Wheat bottom left to top right",
		"from": [12,9,7.50],
		"to": [13,10,8.50],
		"rotation": {"origin": [ 8, 1, 8 ], "axis": "y", "angle": 0 },
		"faces": {
			"down":{"uv":	[12.01,6.01,12.99,6.99],"texture":"#block","cullface":"Know2Good"},
			"up":{"uv":		[12.01,6.01,12.99,6.99],"texture":"#block","cullface":"Know2Good"},
			"north":{"uv":	[12.01,6.01,12.99,6.99],"texture":"#block","cullface":"Know2Good"},
			"south":{"uv":	[12.01,6.01,12.99,6.99],"texture":"#block","cullface":"Know2Good"},
			"west":{"uv":	[12.01,6.01,12.99,6.99],"texture":"#block","cullface":"Know2Good"},
			"east":{"uv":	[12.01,6.01,12.99,6.99],"texture":"#block","cullface":"Know2Good"}
		}
	},
	{
		"__comment":"Wheat bottom left to top right",
		"from": [13,9,6.50],
		"to": [14,10,9.50],
		"rotation": {"origin": [ 8, 1, 8 ], "axis": "y", "angle": 0 },
		"faces": {
			"down":{"uv":	[13.01,6.01,13.99,6.99],"texture":"#block","cullface":"Know2Good"},
			"up":{"uv":		[13.01,6.01,13.99,6.99],"texture":"#block","cullface":"Know2Good"},
			"north":{"uv":	[13.01,6.01,13.99,6.99],"texture":"#block","cullface":"Know2Good"},
			"south":{"uv":	[13.01,6.01,13.99,6.99],"texture":"#block","cullface":"Know2Good"},
			"west":{"uv":	[13.01,6.01,13.99,6.99],"texture":"#block","cullface":"Know2Good"},
			"east":{"uv":	[13.01,6.01,13.99,6.99],"texture":"#block","cullface":"Know2Good"}
		}
	},
	{
		"__comment":"Wheat bottom left to top right",
		"from": [14,9,7],
		"to": [15,10,9],
		"rotation": {"origin": [ 8, 1, 8 ], "axis": "y", "angle": 0 },
		"faces": {
			"down":{"uv":	[14.01,6.01,14.99,6.99],"texture":"#block","cullface":"Know2Good"},
			"up":{"uv":		[14.01,6.01,14.99,6.99],"texture":"#block","cullface":"Know2Good"},
			"north":{"uv":	[14.01,6.01,14.99,6.99],"texture":"#block","cullface":"Know2Good"},
			"south":{"uv":	[14.01,6.01,14.99,6.99],"texture":"#block","cullface":"Know2Good"},
			"west":{"uv":	[14.01,6.01,14.99,6.99],"texture":"#block","cullface":"Know2Good"},
			"east":{"uv":	[14.01,6.01,14.99,6.99],"texture":"#block","cullface":"Know2Good"}
		}
	},
	{
		"__comment":"Wheat bottom left to top right",
		"from": [6,10,6.50],
		"to": [7,11,9.50],
		"rotation": {"origin": [ 8, 1, 8 ], "axis": "y", "angle": 0 },
		"faces": {
			"down":{"uv":	[6.01,5.01,6.99,5.99],"texture":"#block","cullface":"Know2Good"},
			"up":{"uv":		[6.01,5.01,6.99,5.99],"texture":"#block","cullface":"Know2Good"},
			"north":{"uv":	[6.01,5.01,6.99,5.99],"texture":"#block","cullface":"Know2Good"},
			"south":{"uv":	[6.01,5.01,6.99,5.99],"texture":"#block","cullface":"Know2Good"},
			"west":{"uv":	[6.01,5.01,6.99,5.99],"texture":"#block","cullface":"Know2Good"},
			"east":{"uv":	[6.01,5.01,6.99,5.99],"texture":"#block","cullface":"Know2Good"}
		}
	},
	{
		"__comment":"Wheat bottom left to top right",
		"from": [7,10,6.75],
		"to": [8,11,9.25],
		"rotation": {"origin": [ 8, 1, 8 ], "axis": "y", "angle": 0 },
		"faces": {
			"down":{"uv":	[7.01,5.01,7.99,5.99],"texture":"#block","cullface":"Know2Good"},
			"up":{"uv":		[7.01,5.01,7.99,5.99],"texture":"#block","cullface":"Know2Good"},
			"north":{"uv":	[7.01,5.01,7.99,5.99],"texture":"#block","cullface":"Know2Good"},
			"south":{"uv":	[7.01,5.01,7.99,5.99],"texture":"#block","cullface":"Know2Good"},
			"west":{"uv":	[7.01,5.01,7.99,5.99],"texture":"#block","cullface":"Know2Good"},
			"east":{"uv":	[7.01,5.01,7.99,5.99],"texture":"#block","cullface":"Know2Good"}
		}
	},
	{
		"__comment":"Wheat bottom left to top right",
		"from": [8,10,7],
		"to": [9,11,9],
		"rotation": {"origin": [ 8, 1, 8 ], "axis": "y", "angle": 0 },
		"faces": {
			"down":{"uv":	[8.01,5.01,8.99,5.99],"texture":"#block","cullface":"Know2Good"},
			"up":{"uv":		[8.01,5.01,8.99,5.99],"texture":"#block","cullface":"Know2Good"},
			"north":{"uv":	[8.01,5.01,8.99,5.99],"texture":"#block","cullface":"Know2Good"},
			"south":{"uv":	[8.01,5.01,8.99,5.99],"texture":"#block","cullface":"Know2Good"},
			"west":{"uv":	[8.01,5.01,8.99,5.99],"texture":"#block","cullface":"Know2Good"},
			"east":{"uv":	[8.01,5.01,8.99,5.99],"texture":"#block","cullface":"Know2Good"}
		}
	},
	{
		"__comment":"Wheat bottom left to top right",
		"from": [9,10,6.50],
		"to": [10,11,9.50],
		"rotation": {"origin": [ 8, 1, 8 ], "axis": "y", "angle": 0 },
		"faces": {
			"down":{"uv":	[9.01,5.01,9.99,5.99],"texture":"#block","cullface":"Know2Good"},
			"up":{"uv":		[9.01,5.01,9.99,5.99],"texture":"#block","cullface":"Know2Good"},
			"north":{"uv":	[9.01,5.01,9.99,5.99],"texture":"#block","cullface":"Know2Good"},
			"south":{"uv":	[9.01,5.01,9.99,5.99],"texture":"#block","cullface":"Know2Good"},
			"west":{"uv":	[9.01,5.01,9.99,5.99],"texture":"#block","cullface":"Know2Good"},
			"east":{"uv":	[9.01,5.01,9.99,5.99],"texture":"#block","cullface":"Know2Good"}
		}
	},
	{
		"__comment":"Wheat bottom left to top right",
		"from": [10,10,7],
		"to": [11,11,9],
		"rotation": {"origin": [ 8, 1, 8 ], "axis": "y", "angle": 0 },
		"faces": {
			"down":{"uv":	[10.01,5.01,10.99,5.99],"texture":"#block","cullface":"Know2Good"},
			"up":{"uv":		[10.01,5.01,10.99,5.99],"texture":"#block","cullface":"Know2Good"},
			"north":{"uv":	[10.01,5.01,10.99,5.99],"texture":"#block","cullface":"Know2Good"},
			"south":{"uv":	[10.01,5.01,10.99,5.99],"texture":"#block","cullface":"Know2Good"},
			"west":{"uv":	[10.01,5.01,10.99,5.99],"texture":"#block","cullface":"Know2Good"},
			"east":{"uv":	[10.01,5.01,10.99,5.99],"texture":"#block","cullface":"Know2Good"}
		}
	},
	{
		"__comment":"Wheat bottom left to top right",
		"from": [11,10,7.50],
		"to": [12,11,8.50],
		"rotation": {"origin": [ 8, 1, 8 ], "axis": "y", "angle": 0 },
		"faces": {
			"down":{"uv":	[11.01,5.01,11.99,5.99],"texture":"#block","cullface":"Know2Good"},
			"up":{"uv":		[11.01,5.01,11.99,5.99],"texture":"#block","cullface":"Know2Good"},
			"north":{"uv":	[11.01,5.01,11.99,5.99],"texture":"#block","cullface":"Know2Good"},
			"south":{"uv":	[11.01,5.01,11.99,5.99],"texture":"#block","cullface":"Know2Good"},
			"west":{"uv":	[11.01,5.01,11.99,5.99],"texture":"#block","cullface":"Know2Good"},
			"east":{"uv":	[11.01,5.01,11.99,5.99],"texture":"#block","cullface":"Know2Good"}
		}
	},
	{
		"__comment":"Wheat bottom left to top right",
		"from": [12,10,7],
		"to": [13,11,9],
		"rotation": {"origin": [ 8, 1, 8 ], "axis": "y", "angle": 0 },
		"faces": {
			"down":{"uv":	[12.01,5.01,12.99,5.99],"texture":"#block","cullface":"Know2Good"},
			"up":{"uv":		[12.01,5.01,12.99,5.99],"texture":"#block","cullface":"Know2Good"},
			"north":{"uv":	[12.01,5.01,12.99,5.99],"texture":"#block","cullface":"Know2Good"},
			"south":{"uv":	[12.01,5.01,12.99,5.99],"texture":"#block","cullface":"Know2Good"},
			"west":{"uv":	[12.01,5.01,12.99,5.99],"texture":"#block","cullface":"Know2Good"},
			"east":{"uv":	[12.01,5.01,12.99,5.99],"texture":"#block","cullface":"Know2Good"}
		}
	},
	{
		"__comment":"Wheat bottom left to top right",
		"from": [13,10,7.25],
		"to": [14,11,8.75],
		"rotation": {"origin": [ 8, 1, 8 ], "axis": "y", "angle": 0 },
		"faces": {
			"down":{"uv":	[13.01,5.01,13.99,5.99],"texture":"#block","cullface":"Know2Good"},
			"up":{"uv":		[13.01,5.01,13.99,5.99],"texture":"#block","cullface":"Know2Good"},
			"north":{"uv":	[13.01,5.01,13.99,5.99],"texture":"#block","cullface":"Know2Good"},
			"south":{"uv":	[13.01,5.01,13.99,5.99],"texture":"#block","cullface":"Know2Good"},
			"west":{"uv":	[13.01,5.01,13.99,5.99],"texture":"#block","cullface":"Know2Good"},
			"east":{"uv":	[13.01,5.01,13.99,5.99],"texture":"#block","cullface":"Know2Good"}
		}
	},
	{
		"__comment":"Wheat bottom left to top right",
		"from": [14,10,6.50],
		"to": [15,11,9.50],
		"rotation": {"origin": [ 8, 1, 8 ], "axis": "y", "angle": 0 },
		"faces": {
			"down":{"uv":	[14.01,5.01,14.99,5.99],"texture":"#block","cullface":"Know2Good"},
			"up":{"uv":		[14.01,5.01,14.99,5.99],"texture":"#block","cullface":"Know2Good"},
			"north":{"uv":	[14.01,5.01,14.99,5.99],"texture":"#block","cullface":"Know2Good"},
			"south":{"uv":	[14.01,5.01,14.99,5.99],"texture":"#block","cullface":"Know2Good"},
			"west":{"uv":	[14.01,5.01,14.99,5.99],"texture":"#block","cullface":"Know2Good"},
			"east":{"uv":	[14.01,5.01,14.99,5.99],"texture":"#block","cullface":"Know2Good"}
		}
	},
	{
		"__comment":"Wheat bottom left to top right",
		"from": [15,10,7.50],
		"to": [16,11,8.50],
		"rotation": {"origin": [ 8, 1, 8 ], "axis": "y", "angle": 0 },
		"faces": {
			"down":{"uv":	[15.01,5.01,15.99,5.99],"texture":"#block","cullface":"Know2Good"},
			"up":{"uv":		[15.01,5.01,15.99,5.99],"texture":"#block","cullface":"Know2Good"},
			"north":{"uv":	[15.01,5.01,15.99,5.99],"texture":"#block","cullface":"Know2Good"},
			"south":{"uv":	[15.01,5.01,15.99,5.99],"texture":"#block","cullface":"Know2Good"},
			"west":{"uv":	[15.01,5.01,15.99,5.99],"texture":"#block","cullface":"Know2Good"},
			"east":{"uv":	[15.01,5.01,15.99,5.99],"texture":"#block","cullface":"Know2Good"}
		}
	},
	{
		"__comment":"Wheat bottom left to top right",
		"from": [6,11,6.75],
		"to": [7,12,9.25],
		"rotation": {"origin": [ 8, 1, 8 ], "axis": "y", "angle": 0 },
		"faces": {
			"down":{"uv":	[6.01,4.01,6.99,4.99],"texture":"#block","cullface":"Know2Good"},
			"up":{"uv":		[6.01,4.01,6.99,4.99],"texture":"#block","cullface":"Know2Good"},
			"north":{"uv":	[6.01,4.01,6.99,4.99],"texture":"#block","cullface":"Know2Good"},
			"south":{"uv":	[6.01,4.01,6.99,4.99],"texture":"#block","cullface":"Know2Good"},
			"west":{"uv":	[6.01,4.01,6.99,4.99],"texture":"#block","cullface":"Know2Good"},
			"east":{"uv":	[6.01,4.01,6.99,4.99],"texture":"#block","cullface":"Know2Good"}
		}
	},
	{
		"__comment":"Wheat bottom left to top right",
		"from": [7,11,7.50],
		"to": [8,12,8.50],
		"rotation": {"origin": [ 8, 1, 8 ], "axis": "y", "angle": 0 },
		"faces": {
			"down":{"uv":	[7.01,4.01,7.99,4.99],"texture":"#block","cullface":"Know2Good"},
			"up":{"uv":		[7.01,4.01,7.99,4.99],"texture":"#block","cullface":"Know2Good"},
			"north":{"uv":	[7.01,4.01,7.99,4.99],"texture":"#block","cullface":"Know2Good"},
			"south":{"uv":	[7.01,4.01,7.99,4.99],"texture":"#block","cullface":"Know2Good"},
			"west":{"uv":	[7.01,4.01,7.99,4.99],"texture":"#block","cullface":"Know2Good"},
			"east":{"uv":	[7.01,4.01,7.99,4.99],"texture":"#block","cullface":"Know2Good"}
		}
	},
	{
		"__comment":"Wheat bottom left to top right",
		"from": [8,11,6.75],
		"to": [9,12,9.25],
		"rotation": {"origin": [ 8, 1, 8 ], "axis": "y", "angle": 0 },
		"faces": {
			"down":{"uv":	[8.01,4.01,8.99,4.99],"texture":"#block","cullface":"Know2Good"},
			"up":{"uv":		[8.01,4.01,8.99,4.99],"texture":"#block","cullface":"Know2Good"},
			"north":{"uv":	[8.01,4.01,8.99,4.99],"texture":"#block","cullface":"Know2Good"},
			"south":{"uv":	[8.01,4.01,8.99,4.99],"texture":"#block","cullface":"Know2Good"},
			"west":{"uv":	[8.01,4.01,8.99,4.99],"texture":"#block","cullface":"Know2Good"},
			"east":{"uv":	[8.01,4.01,8.99,4.99],"texture":"#block","cullface":"Know2Good"}
		}
	},
	{
		"__comment":"Wheat bottom left to top right",
		"from": [9,11,7],
		"to": [10,12,9],
		"rotation": {"origin": [ 8, 1, 8 ], "axis": "y", "angle": 0 },
		"faces": {
			"down":{"uv":	[9.01,4.01,9.99,4.99],"texture":"#block","cullface":"Know2Good"},
			"up":{"uv":		[9.01,4.01,9.99,4.99],"texture":"#block","cullface":"Know2Good"},
			"north":{"uv":	[9.01,4.01,9.99,4.99],"texture":"#block","cullface":"Know2Good"},
			"south":{"uv":	[9.01,4.01,9.99,4.99],"texture":"#block","cullface":"Know2Good"},
			"west":{"uv":	[9.01,4.01,9.99,4.99],"texture":"#block","cullface":"Know2Good"},
			"east":{"uv":	[9.01,4.01,9.99,4.99],"texture":"#block","cullface":"Know2Good"}
		}
	},
	{
		"__comment":"Wheat bottom left to top right",
		"from": [10,11,7.50],
		"to": [11,12,8.50],
		"rotation": {"origin": [ 8, 1, 8 ], "axis": "y", "angle": 0 },
		"faces": {
			"down":{"uv":	[10.01,4.01,10.99,4.99],"texture":"#block","cullface":"Know2Good"},
			"up":{"uv":		[10.01,4.01,10.99,4.99],"texture":"#block","cullface":"Know2Good"},
			"north":{"uv":	[10.01,4.01,10.99,4.99],"texture":"#block","cullface":"Know2Good"},
			"south":{"uv":	[10.01,4.01,10.99,4.99],"texture":"#block","cullface":"Know2Good"},
			"west":{"uv":	[10.01,4.01,10.99,4.99],"texture":"#block","cullface":"Know2Good"},
			"east":{"uv":	[10.01,4.01,10.99,4.99],"texture":"#block","cullface":"Know2Good"}
		}
	},
	{
		"__comment":"Wheat bottom left to top right",
		"from": [11,11,7],
		"to": [12,12,9],
		"rotation": {"origin": [ 8, 1, 8 ], "axis": "y", "angle": 0 },
		"faces": {
			"down":{"uv":	[11.01,4.01,11.99,4.99],"texture":"#block","cullface":"Know2Good"},
			"up":{"uv":		[11.01,4.01,11.99,4.99],"texture":"#block","cullface":"Know2Good"},
			"north":{"uv":	[11.01,4.01,11.99,4.99],"texture":"#block","cullface":"Know2Good"},
			"south":{"uv":	[11.01,4.01,11.99,4.99],"texture":"#block","cullface":"Know2Good"},
			"west":{"uv":	[11.01,4.01,11.99,4.99],"texture":"#block","cullface":"Know2Good"},
			"east":{"uv":	[11.01,4.01,11.99,4.99],"texture":"#block","cullface":"Know2Good"}
		}
	},
	{
		"__comment":"Wheat bottom left to top right",
		"from": [12,11,7.50],
		"to": [14,12,8.50],
		"rotation": {"origin": [ 8, 1, 8 ], "axis": "y", "angle": 0 },
		"faces": {
			"down":{"uv":	[12.01,4.01,13.99,4.99],"texture":"#block","cullface":"Know2Good"},
			"up":{"uv":		[12.01,4.01,13.99,4.99],"texture":"#block","cullface":"Know2Good"},
			"north":{"uv":	[12.01,4.01,13.99,4.99],"texture":"#block","cullface":"Know2Good","rotation":180},
			"south":{"uv":	[12.01,4.01,13.99,4.99],"texture":"#block","cullface":"Know2Good"},
			"west":{"uv":	[12.01,4.01,12.99,4.99],"texture":"#block","cullface":"Know2Good"},
			"east":{"uv":	[13.01,4.01,13.99,4.99],"texture":"#block","cullface":"Know2Good"}
		}
	},
	{
		"__comment":"Wheat bottom left to top right",
		"from": [6,12,6.50],
		"to": [7,13,9.50],
		"rotation": {"origin": [ 8, 1, 8 ], "axis": "y", "angle": 0 },
		"faces": {
			"down":{"uv":	[6.01,3.01,6.99,3.99],"texture":"#block","cullface":"Know2Good"},
			"up":{"uv":		[6.01,3.01,6.99,3.99],"texture":"#block","cullface":"Know2Good"},
			"north":{"uv":	[6.01,3.01,6.99,3.99],"texture":"#block","cullface":"Know2Good"},
			"south":{"uv":	[6.01,3.01,6.99,3.99],"texture":"#block","cullface":"Know2Good"},
			"west":{"uv":	[6.01,3.01,6.99,3.99],"texture":"#block","cullface":"Know2Good"},
			"east":{"uv":	[6.01,3.01,6.99,3.99],"texture":"#block","cullface":"Know2Good"}
		}
	},
	{
		"__comment":"Wheat bottom left to top right",
		"from": [7,12,6.75],
		"to": [8,13,9.25],
		"rotation": {"origin": [ 8, 1, 8 ], "axis": "y", "angle": 0 },
		"faces": {
			"down":{"uv":	[7.01,3.01,7.99,3.99],"texture":"#block","cullface":"Know2Good"},
			"up":{"uv":		[7.01,3.01,7.99,3.99],"texture":"#block","cullface":"Know2Good"},
			"north":{"uv":	[7.01,3.01,7.99,3.99],"texture":"#block","cullface":"Know2Good"},
			"south":{"uv":	[7.01,3.01,7.99,3.99],"texture":"#block","cullface":"Know2Good"},
			"west":{"uv":	[7.01,3.01,7.99,3.99],"texture":"#block","cullface":"Know2Good"},
			"east":{"uv":	[7.01,3.01,7.99,3.99],"texture":"#block","cullface":"Know2Good"}
		}
	},
	{
		"__comment":"Wheat bottom left to top right",
		"from": [8,12,7.50],
		"to": [9,13,8.50],
		"rotation": {"origin": [ 8, 1, 8 ], "axis": "y", "angle": 0 },
		"faces": {
			"down":{"uv":	[8.01,3.01,8.99,3.99],"texture":"#block","cullface":"Know2Good"},
			"up":{"uv":		[8.01,3.01,8.99,3.99],"texture":"#block","cullface":"Know2Good"},
			"north":{"uv":	[8.01,3.01,8.99,3.99],"texture":"#block","cullface":"Know2Good"},
			"south":{"uv":	[8.01,3.01,8.99,3.99],"texture":"#block","cullface":"Know2Good"},
			"west":{"uv":	[8.01,3.01,8.99,3.99],"texture":"#block","cullface":"Know2Good"},
			"east":{"uv":	[8.01,3.01,8.99,3.99],"texture":"#block","cullface":"Know2Good"}
		}
	},
	{
		"__comment":"Wheat bottom left to top right",
		"from": [9,12,7],
		"to": [10,13,9],
		"rotation": {"origin": [ 8, 1, 8 ], "axis": "y", "angle": 0 },
		"faces": {
			"down":{"uv":	[9.01,3.01,9.99,3.99],"texture":"#block","cullface":"Know2Good"},
			"up":{"uv":		[9.01,3.01,9.99,3.99],"texture":"#block","cullface":"Know2Good"},
			"north":{"uv":	[9.01,3.01,9.99,3.99],"texture":"#block","cullface":"Know2Good"},
			"south":{"uv":	[9.01,3.01,9.99,3.99],"texture":"#block","cullface":"Know2Good"},
			"west":{"uv":	[9.01,3.01,9.99,3.99],"texture":"#block","cullface":"Know2Good"},
			"east":{"uv":	[9.01,3.01,9.99,3.99],"texture":"#block","cullface":"Know2Good"}
		}
	},
	{
		"__comment":"Wheat bottom left to top right",
		"from": [10,12,6.50],
		"to": [11,13,9.50],
		"rotation": {"origin": [ 8, 1, 8 ], "axis": "y", "angle": 0 },
		"faces": {
			"down":{"uv":	[10.01,3.01,10.99,3.99],"texture":"#block","cullface":"Know2Good"},
			"up":{"uv":		[10.01,3.01,10.99,3.99],"texture":"#block","cullface":"Know2Good"},
			"north":{"uv":	[10.01,3.01,10.99,3.99],"texture":"#block","cullface":"Know2Good"},
			"south":{"uv":	[10.01,3.01,10.99,3.99],"texture":"#block","cullface":"Know2Good"},
			"west":{"uv":	[10.01,3.01,10.99,3.99],"texture":"#block","cullface":"Know2Good"},
			"east":{"uv":	[10.01,3.01,10.99,3.99],"texture":"#block","cullface":"Know2Good"}
		}
	},
	{
		"__comment":"Wheat bottom left to top right",
		"from": [11,12,7.25],
		"to": [12,13,8.75],
		"rotation": {"origin": [ 8, 1, 8 ], "axis": "y", "angle": 0 },
		"faces": {
			"down":{"uv":	[11.01,3.01,11.99,3.99],"texture":"#block","cullface":"Know2Good"},
			"up":{"uv":		[11.01,3.01,11.99,3.99],"texture":"#block","cullface":"Know2Good"},
			"north":{"uv":	[11.01,3.01,11.99,3.99],"texture":"#block","cullface":"Know2Good"},
			"south":{"uv":	[11.01,3.01,11.99,3.99],"texture":"#block","cullface":"Know2Good"},
			"west":{"uv":	[11.01,3.01,11.99,3.99],"texture":"#block","cullface":"Know2Good"},
			"east":{"uv":	[11.01,3.01,11.99,3.99],"texture":"#block","cullface":"Know2Good"}
		}
	},
	{
		"__comment":"Wheat bottom left to top right",
		"from": [12,12,7],
		"to": [13,13,9],
		"rotation": {"origin": [ 8, 1, 8 ], "axis": "y", "angle": 0 },
		"faces": {
			"down":{"uv":	[12.01,3.01,12.99,3.99],"texture":"#block","cullface":"Know2Good"},
			"up":{"uv":		[12.01,3.01,12.99,3.99],"texture":"#block","cullface":"Know2Good"},
			"north":{"uv":	[12.01,3.01,12.99,3.99],"texture":"#block","cullface":"Know2Good"},
			"south":{"uv":	[12.01,3.01,12.99,3.99],"texture":"#block","cullface":"Know2Good"},
			"west":{"uv":	[12.01,3.01,12.99,3.99],"texture":"#block","cullface":"Know2Good"},
			"east":{"uv":	[12.01,3.01,12.99,3.99],"texture":"#block","cullface":"Know2Good"}
		}
	},
	{
		"__comment":"Wheat bottom left to top right",
		"from": [13,12,7.50],
		"to": [15,13,8.50],
		"rotation": {"origin": [ 8, 1, 8 ], "axis": "y", "angle": 0 },
		"faces": {
			"down":{"uv":	[13.01,3.01,14.99,3.99],"texture":"#block","cullface":"Know2Good"},
			"up":{"uv":		[13.01,3.01,14.99,3.99],"texture":"#block","cullface":"Know2Good"},
			"north":{"uv":	[13.01,3.01,14.99,3.99],"texture":"#block","cullface":"Know2Good","rotation":180},
			"south":{"uv":	[13.01,3.01,14.99,3.99],"texture":"#block","cullface":"Know2Good"},
			"west":{"uv":	[13.01,3.01,13.99,3.99],"texture":"#block","cullface":"Know2Good"},
			"east":{"uv":	[14.01,3.01,14.99,3.99],"texture":"#block","cullface":"Know2Good"}
		}
	},
	{
		"__comment":"Wheat bottom left to top right",
		"from": [5,13,7.50],
		"to": [7,14,8.50],
		"rotation": {"origin": [ 8, 1, 8 ], "axis": "y", "angle": 0 },
		"faces": {
			"down":{"uv":	[5.01,2.01,6.99,2.99],"texture":"#block","cullface":"Know2Good"},
			"up":{"uv":		[5.01,2.01,6.99,2.99],"texture":"#block","cullface":"Know2Good"},
			"north":{"uv":	[5.01,2.01,6.99,2.99],"texture":"#block","cullface":"Know2Good","rotation":180},
			"south":{"uv":	[5.01,2.01,6.99,2.99],"texture":"#block","cullface":"Know2Good"},
			"west":{"uv":	[5.01,2.01,5.99,2.99],"texture":"#block","cullface":"Know2Good"},
			"east":{"uv":	[6.01,2.01,6.99,2.99],"texture":"#block","cullface":"Know2Good"}
		}
	},
	{
		"__comment":"Wheat bottom left to top right",
		"from": [8,13,7],
		"to": [9,14,9],
		"rotation": {"origin": [ 8, 1, 8 ], "axis": "y", "angle": 0 },
		"faces": {
			"down":{"uv":	[8.01,2.01,8.99,2.99],"texture":"#block","cullface":"Know2Good"},
			"up":{"uv":		[8.01,2.01,8.99,2.99],"texture":"#block","cullface":"Know2Good"},
			"north":{"uv":	[8.01,2.01,8.99,2.99],"texture":"#block","cullface":"Know2Good"},
			"south":{"uv":	[8.01,2.01,8.99,2.99],"texture":"#block","cullface":"Know2Good"},
			"west":{"uv":	[8.01,2.01,8.99,2.99],"texture":"#block","cullface":"Know2Good"},
			"east":{"uv":	[8.01,2.01,8.99,2.99],"texture":"#block","cullface":"Know2Good"}
		}
	},
	{
		"__comment":"Wheat bottom left to top right",
		"from": [9,13,7],
		"to": [10,14,9],
		"rotation": {"origin": [ 8, 1, 8 ], "axis": "y", "angle": 0 },
		"faces": {
			"down":{"uv":	[9.01,2.01,9.99,2.99],"texture":"#block","cullface":"Know2Good"},
			"up":{"uv":		[9.01,2.01,9.99,2.99],"texture":"#block","cullface":"Know2Good"},
			"north":{"uv":	[9.01,2.01,9.99,2.99],"texture":"#block","cullface":"Know2Good"},
			"south":{"uv":	[9.01,2.01,9.99,2.99],"texture":"#block","cullface":"Know2Good"},
			"west":{"uv":	[9.01,2.01,9.99,2.99],"texture":"#block","cullface":"Know2Good"},
			"east":{"uv":	[9.01,2.01,9.99,2.99],"texture":"#block","cullface":"Know2Good"}
		}
	},
	{
		"__comment":"Wheat bottom left to top right",
		"from": [10,13,7.25],
		"to": [11,14,8.75],
		"rotation": {"origin": [ 8, 1, 8 ], "axis": "y", "angle": 0 },
		"faces": {
			"down":{"uv":	[10.01,2.01,10.99,2.99],"texture":"#block","cullface":"Know2Good"},
			"up":{"uv":		[10.01,2.01,10.99,2.99],"texture":"#block","cullface":"Know2Good"},
			"north":{"uv":	[10.01,2.01,10.99,2.99],"texture":"#block","cullface":"Know2Good"},
			"south":{"uv":	[10.01,2.01,10.99,2.99],"texture":"#block","cullface":"Know2Good"},
			"west":{"uv":	[10.01,2.01,10.99,2.99],"texture":"#block","cullface":"Know2Good"},
			"east":{"uv":	[10.01,2.01,10.99,2.99],"texture":"#block","cullface":"Know2Good"}
		}
	},
	{
		"__comment":"Wheat bottom left to top right",
		"from": [11,13,7.50],
		"to": [12,14,8.50],
		"rotation": {"origin": [ 8, 1, 8 ], "axis": "y", "angle": 0 },
		"faces": {
			"down":{"uv":	[11.01,2.01,11.99,2.99],"texture":"#block","cullface":"Know2Good"},
			"up":{"uv":		[11.01,2.01,11.99,2.99],"texture":"#block","cullface":"Know2Good"},
			"north":{"uv":	[11.01,2.01,11.99,2.99],"texture":"#block","cullface":"Know2Good"},
			"south":{"uv":	[11.01,2.01,11.99,2.99],"texture":"#block","cullface":"Know2Good"},
			"west":{"uv":	[11.01,2.01,11.99,2.99],"texture":"#block","cullface":"Know2Good"},
			"east":{"uv":	[11.01,2.01,11.99,2.99],"texture":"#block","cullface":"Know2Good"}
		}
	},
	{
		"__comment":"Wheat bottom left to top right",
		"from": [15,13,7.50],
		"to": [16,14,8.50],
		"rotation": {"origin": [ 8, 1, 8 ], "axis": "y", "angle": 0 },
		"faces": {
			"down":{"uv":	[15.01,2.01,15.99,2.99],"texture":"#block","cullface":"Know2Good"},
			"up":{"uv":		[15.01,2.01,15.99,2.99],"texture":"#block","cullface":"Know2Good"},
			"north":{"uv":	[15.01,2.01,15.99,2.99],"texture":"#block","cullface":"Know2Good"},
			"south":{"uv":	[15.01,2.01,15.99,2.99],"texture":"#block","cullface":"Know2Good"},
			"west":{"uv":	[15.01,2.01,15.99,2.99],"texture":"#block","cullface":"Know2Good"},
			"east":{"uv":	[15.01,2.01,15.99,2.99],"texture":"#block","cullface":"Know2Good"}
		}
	},
	{
		"__comment":"Wheat bottom left to top right",
		"from": [8,13,6.50],
		"to": [9,14,9.50],
		"rotation": {"origin": [ 8, 1, 8 ], "axis": "y", "angle": 0 },
		"faces": {
			"down":{"uv":	[8.01,2.01,8.99,2.99],"texture":"#block","cullface":"Know2Good"},
			"up":{"uv":		[8.01,2.01,8.99,2.99],"texture":"#block","cullface":"Know2Good"},
			"north":{"uv":	[8.01,2.01,8.99,2.99],"texture":"#block","cullface":"Know2Good"},
			"south":{"uv":	[8.01,2.01,8.99,2.99],"texture":"#block","cullface":"Know2Good"},
			"west":{"uv":	[8.01,2.01,8.99,2.99],"texture":"#block","cullface":"Know2Good"},
			"east":{"uv":	[8.01,2.01,8.99,2.99],"texture":"#block","cullface":"Know2Good"}
		}
	},
	{
		"__comment":"Wheat bottom left to top right",
		"from": [9,13,7],
		"to": [10,14,9],
		"rotation": {"origin": [ 8, 1, 8 ], "axis": "y", "angle": 0 },
		"faces": {
			"down":{"uv":	[9.01,2.01,9.99,2.99],"texture":"#block","cullface":"Know2Good"},
			"up":{"uv":		[9.01,2.01,9.99,2.99],"texture":"#block","cullface":"Know2Good"},
			"north":{"uv":	[9.01,2.01,9.99,2.99],"texture":"#block","cullface":"Know2Good"},
			"south":{"uv":	[9.01,2.01,9.99,2.99],"texture":"#block","cullface":"Know2Good"},
			"west":{"uv":	[9.01,2.01,9.99,2.99],"texture":"#block","cullface":"Know2Good"},
			"east":{"uv":	[9.01,2.01,9.99,2.99],"texture":"#block","cullface":"Know2Good"}
		}
	},
	{
		"__comment":"Wheat bottom left to top right",
		"from": [10,13,7.50],
		"to": [11,14,8.50],
		"rotation": {"origin": [ 8, 1, 8 ], "axis": "y", "angle": 0 },
		"faces": {
			"down":{"uv":	[10.01,2.01,10.99,2.99],"texture":"#block","cullface":"Know2Good"},
			"up":{"uv":		[10.01,2.01,10.99,2.99],"texture":"#block","cullface":"Know2Good"},
			"north":{"uv":	[10.01,2.01,10.99,2.99],"texture":"#block","cullface":"Know2Good"},
			"south":{"uv":	[10.01,2.01,10.99,2.99],"texture":"#block","cullface":"Know2Good"},
			"west":{"uv":	[10.01,2.01,10.99,2.99],"texture":"#block","cullface":"Know2Good"},
			"east":{"uv":	[10.01,2.01,10.99,2.99],"texture":"#block","cullface":"Know2Good"}
		}
	},
	{
		"__comment":"Wheat bottom left to top right",
		"from": [12,13,7.50],
		"to": [13,14,8.50],
		"rotation": {"origin": [ 8, 1, 8 ], "axis": "y", "angle": 0 },
		"faces": {
			"down":{"uv":	[12.01,2.01,12.99,2.99],"texture":"#block","cullface":"Know2Good"},
			"up":{"uv":		[12.01,2.01,12.99,2.99],"texture":"#block","cullface":"Know2Good"},
			"north":{"uv":	[12.01,2.01,12.99,2.99],"texture":"#block","cullface":"Know2Good"},
			"south":{"uv":	[12.01,2.01,12.99,2.99],"texture":"#block","cullface":"Know2Good"},
			"west":{"uv":	[12.01,2.01,12.99,2.99],"texture":"#block","cullface":"Know2Good"},
			"east":{"uv":	[12.01,2.01,12.99,2.99],"texture":"#block","cullface":"Know2Good"}
		}
	},
	{
		"__comment":"Wheat bottom left to top right",
		"from": [10,14,7.50],
		"to": [11,15,8.50],
		"rotation": {"origin": [ 8, 1, 8 ], "axis": "y", "angle": 0 },
		"faces": {
			"down":{"uv":	[10.01,1.01,10.99,1.99],"texture":"#block","cullface":"Know2Good"},
			"up":{"uv":		[10.01,1.01,10.99,1.99],"texture":"#block","cullface":"Know2Good"},
			"north":{"uv":	[10.01,1.01,10.99,1.99],"texture":"#block","cullface":"Know2Good"},
			"south":{"uv":	[10.01,1.01,10.99,1.99],"texture":"#block","cullface":"Know2Good"},
			"west":{"uv":	[10.01,1.01,10.99,1.99],"texture":"#block","cullface":"Know2Good"},
			"east":{"uv":	[10.01,1.01,10.99,1.99],"texture":"#block","cullface":"Know2Good"}
		}
	}
],
"display": {
    "fixed": {
        "rotation": [ 20, 180, 0 ],
        "translation": [ 0.35, 0.25, -2 ],
        "scale": [ 2.5, 2.5, 2.5 ]
    },
    "ground": {
        "rotation": [ 0, 0, 0 ],
        "translation": [ 0, 0, 0 ],
        "scale": [ 2, 2, 2 ]
    },
	"thirdperson": {
		"rotation": [ 270, 90, -45 ],
		"translation": [ 0, 0.75, -3.5 ],
		"scale": [ 0.65, 0.65, 0.65 ]
	},
	"firstperson": {
		"rotation": [ 0, 240, 45 ],
		"translation": [ 0, 4, 2 ],
		"scale": [ 1.25, 1.25, 1.25 ]
	},
	"gui": {
		"rotation": [ 235, 330, 180 ],
		"translation": [ 0.5, 0.5, 0 ],
		"scale": [ 1.45, 1.45, 1.45 ]
	}
}
}