{
"__comment":"Made by Know2Good, part of the 'Default 3D™' resource pack || Official download page: http://www.planetminecraft.com/texture_pack/default-3d-2985741/ || © Know2Good. All rights reserved. ",
"textures": {
	"block": "bulky:blocks/snow_slab_top",
	"particle":"bulky:blocks/snow_slab_top"
},
"elements":[
	{
		"type":"cube", //The inner block
		"from":[0,0,0],
		"to":[16,16,16],
		"rotation": {"origin": [ 8, 1, 8 ], "axis": "y", "angle": 0 },
		"faces": {
			"up":{"uv":[0,0,16,16],"texture":"#block","cullface":"up"},
			"down":{"uv":[0,0,16,16],"texture":"#block","cullface":"down"},
			"north":{"uv":[0,0,16,16],"texture":"#block","cullface":"north"},
			"south":{"uv":[0,0,16,16],"texture":"#block","cullface":"south"},
			"west":{"uv":[0,0,16,16],"texture":"#block","cullface":"west"},
			"east":{"uv":[0,0,16,16],"texture":"#block","cullface":"east"}
		}
	},
	{
		"type":"cube", //Top
		"from":[1,16,1],
		"to":[15,16.40,15],
		"rotation": {"origin": [ 8, 1, 8 ], "axis": "y", "angle": 0 },
		"faces": {
			"up":{"uv":[1,1,15,15],"texture":"#block","cullface":"top"},
			"north":{"uv":[1,1,15,2],"texture":"#block","cullface":"top","rotation":180},
			"south":{"uv":[1,14,15,15],"texture":"#block","cullface":"top"},
			"west":{"uv":[1,1,2,15],"texture":"#block","cullface":"top","rotation":270},
			"east":{"uv":[14,1,15,15],"texture":"#block","cullface":"top","rotation":90}
		}
	},
	{
		"type":"cube", //North
		"from":[1,1,-0.40],
		"to":[15,15,0],
		"rotation": {"origin": [ 8, 1, 8 ], "axis": "y", "angle": 0 },
		"faces": {
			"up":{"uv":[1,1,15,2],"texture":"#block","cullface":"north","rotation":180},
			"down":{"uv":[1,14,15,15],"texture":"#block","cullface":"north","rotation":180},
			"north":{"uv":[1,1,15,15],"texture":"#block","cullface":"north"},
			"west":{"uv":[14,1,15,15],"texture":"#block","cullface":"north"},
			"east":{"uv":[1,1,2,15],"texture":"#block","cullface":"north"}
		}
	},
	{
		"type":"cube", //East
		"from":[16,1,1],
		"to":[16.40,15,15],
		"rotation": {"origin": [ 8, 1, 8 ], "axis": "y", "angle": 0 },
		"faces": {
			"up":{"uv":[1,1,15,2],"texture":"#block","cullface":"east","rotation":270},
			"down":{"uv":[1,14,15,15],"texture":"#block","cullface":"east","rotation":90},
			"north":{"uv":[14,1,15,15],"texture":"#block","cullface":"east"},
			"south":{"uv":[1,1,2,15],"texture":"#block","cullface":"east"},
			"east":{"uv":[1,1,15,15],"texture":"#block","cullface":"east"}
		}
	},
	{
		"type":"cube", //South
		"from":[1,1,16],
		"to":[15,15,16.40],
		"rotation": {"origin": [ 8, 1, 8 ], "axis": "y", "angle": 0 },
		"faces": {
			"up":{"uv":[1,1,15,2],"texture":"#block","cullface":"south"},
			"down":{"uv":[1,14,15,15],"texture":"#block","cullface":"south"},
			"south":{"uv":[1,1,15,15],"texture":"#block","cullface":"south"},
			"west":{"uv":[1,1,2,15],"texture":"#block","cullface":"south"},
			"east":{"uv":[14,1,15,15],"texture":"#block","cullface":"south"}
		}
	},
	{
		"type":"cube", //West
		"from":[-0.40,1,1],
		"to":[0,15,15],
		"rotation": {"origin": [ 8, 1, 8 ], "axis": "y", "angle": 0 },
		"faces": {
			"up":{"uv":[1,1,15,2],"texture":"#block","cullface":"west","rotation":90},
			"down":{"uv":[1,14,15,15],"texture":"#block","cullface":"west","rotation":270},
			"north":{"uv":[1,1,2,15],"texture":"#block","cullface":"west"},
			"south":{"uv":[14,1,15,15],"texture":"#block","cullface":"west"},
			"west":{"uv":[1,1,15,15],"texture":"#block","cullface":"west"}
		}
	},
	{
		"type":"cube", //Bottom
		"from":[1,-0.40,1],
		"to":[15,0,15],
		"rotation": {"origin": [ 8, 1, 8 ], "axis": "y", "angle": 0 },
		"faces": {
			"down":{"uv":[1,1,15,15],"texture":"#block","cullface":"down"},
			"north":{"uv":[1,14,15,15],"texture":"#block","cullface":"down","rotation":180},
			"south":{"uv":[1,1,15,2],"texture":"#block","cullface":"down"},
			"west":{"uv":[1,1,2,15],"texture":"#block","cullface":"down","rotation":90},
			"east":{"uv":[14,1,15,15],"texture":"#block","cullface":"down","rotation":270}
		}
	}
],
"display": {
	"thirdperson": {
		"rotation": [ 0, 0, 0 ],
		"translation": [ 0, 0, 0 ],
		"scale": [ 1, 1, 1 ]
	},
	"firstperson": {
		"rotation": [ 0, 0, 0 ],
		"translation": [ 0, 0, 0 ],
		"scale": [ 1, 1, 1 ]
	},
	"gui": {
		"rotation": [ 0, 0, 0 ],
		"translation": [ 0, 0, 0 ],
		"scale": [ 1, 1, 1 ]
	}
}
}