{
"__comment":"Made by Know2Good, part of the 'Default 3D™' resource pack || Official download page: http://www.planetminecraft.com/texture_pack/default-3d-2985741/ || © Know2Good. All rights reserved. ",
    "variants": {
        "normal": [
		 { "model": "netherrack" },
            { "model": "netherrack", "x": 90, "weight": 620  },
            { "model": "netherrack", "x": 180, "weight": 620  },
            { "model": "netherrack", "x": 270, "weight": 620  },
            { "model": "netherrack", "y": 90, "weight": 620  },
            { "model": "netherrack", "y": 90, "x": 90, "weight": 620  },
            { "model": "netherrack", "y": 90, "x": 180, "weight": 620  },
            { "model": "netherrack", "y": 90, "x": 270, "weight": 620  },
            { "model": "netherrack", "y": 180, "weight": 620  },
            { "model": "netherrack", "y": 180, "x": 90, "weight": 620  },
            { "model": "netherrack", "y": 180, "x": 180, "weight": 620  },
            { "model": "netherrack", "y": 180, "x": 270, "weight": 620  },
            { "model": "netherrack", "y": 270, "weight": 620  },
            { "model": "netherrack", "y": 270, "x": 90, "weight": 620  },
            { "model": "netherrack", "y": 270, "x": 180, "weight": 620  },
            { "model": "netherrack", "y": 270, "x": 270, "weight": 620  },
		{ "model": "netherrack-bone1.1", "weight": 8},
            { "model": "netherrack-bone1.2", "weight": 8 },
			{ "model": "netherrack-bone1.3", "weight": 12 },
			{ "model": "netherrack-bone1.4", "weight": 12 },
		{ "model": "netherrack-bones2.1", "weight": 10 },
            { "model": "netherrack-bones2.2", "weight": 10 }
        ]
    }
}
