{
"__comment":"Made by Know2Good, part of the 'Default 3D™' resource pack || Official download page: http://www.planetminecraft.com/texture_pack/default-3d-2985741/ || © Know2Good. All rights reserved. ",
    "variants": {
        "normal": [
            { "model": "waterlily", "weight": 90 },
            { "model": "waterlily", "y": 90, "weight": 90 },
            { "model": "waterlily", "y": 180, "weight": 90 },
            { "model": "waterlily", "y": 270, "weight": 90 },
	    { "model": "waterlily-white", "weight": 3 },
            { "model": "waterlily-white", "y": 90, "weight": 3 },
            { "model": "waterlily-white", "y": 180, "weight": 3 },
            { "model": "waterlily-white", "y": 270, "weight": 3 },
	    { "model": "waterlily-pink", "weight": 2 },
            { "model": "waterlily-pink", "y": 90, "weight": 2 },
            { "model": "waterlily-pink", "y": 180, "weight": 2 },
            { "model": "waterlily-pink", "y": 270, "weight": 2 },
		{ "model": "waterlily-red", "weight": 1 },
            { "model": "waterlily-red", "y": 90, "weight": 1 },
            { "model": "waterlily-red", "y": 180, "weight": 1 },
            { "model": "waterlily-red", "y": 270, "weight": 1 },
		{ "model": "waterlily-yellow", "weight": 2 },
            { "model": "waterlily-yellow", "y": 90, "weight": 2 },
            { "model": "waterlily-yellow", "y": 180, "weight": 2 },
            { "model": "waterlily-yellow", "y": 270, "weight": 2 },
		{ "model": "waterlily-lightblue", "weight": 2 },
            { "model": "waterlily-lightblue", "y": 90, "weight": 2 },
            { "model": "waterlily-lightblue", "y": 180, "weight": 2 },
            { "model": "waterlily-lightblue", "y": 270, "weight": 2 },
		{ "model": "waterlily-blue", "weight": 1 },
            { "model": "waterlily-blue", "y": 90, "weight": 1 },
            { "model": "waterlily-blue", "y": 180, "weight": 1 },
            { "model": "waterlily-blue", "y": 270, "weight": 1 },
		{ "model": "waterlily-magenta", "weight": 1 },
            { "model": "waterlily-magenta", "y": 90, "weight": 1 },
            { "model": "waterlily-magenta", "y": 180, "weight": 1 },
            { "model": "waterlily-magenta", "y": 270, "weight": 1 },
		{ "model": "waterlily-purple", "weight": 1 },
            { "model": "waterlily-purple", "y": 90, "weight": 1 },
            { "model": "waterlily-purple", "y": 180, "weight": 1 },
            { "model": "waterlily-purple", "y": 270, "weight": 1 }
        ]
    }
}
